stock_path	inventory_state	extraction_destination	generated_build_path
vendor/apex/com.android.hardware.cas.apex	unselected-review		vendor/apex/com.android.hardware.cas.apex
vendor/apex/com.google.android.widevine.nonupdatable.apex	selected-present	sm8750-common:vendor/apex/com.google.android.widevine.nonupdatable.apex	vendor/apex/com.google.android.widevine.nonupdatable.apex
vendor/app/CACertService/CACertService.apk	selected-present	sm8750-common:vendor/app/CACertService/CACertService.apk	vendor/app/CACertService/CACertService.apk
vendor/app/CACertService/oat/arm64/CACertService.odex	unselected-review		
vendor/app/CACertService/oat/arm64/CACertService.vdex	unselected-review		
vendor/app/CneApp/CneApp.apk	selected-present	sm8750-common:vendor/app/CneApp/CneApp.apk	vendor/app/CneApp/CneApp.apk
vendor/app/CneApp/oat/arm64/CneApp.odex	unselected-review		
vendor/app/CneApp/oat/arm64/CneApp.vdex	unselected-review		
vendor/app/ConnectionSecurityService/ConnectionSecurityService.apk	unselected-review		
vendor/app/ConnectionSecurityService/oat/arm64/ConnectionSecurityService.odex	unselected-review		
vendor/app/ConnectionSecurityService/oat/arm64/ConnectionSecurityService.vdex	unselected-review		
vendor/app/IWlanService/IWlanService.apk	selected-present	sm8750-common:vendor/app/IWlanService/IWlanService.apk	vendor/app/IWlanService/IWlanService.apk
vendor/app/IWlanService/oat/arm64/IWlanService.odex	unselected-review		
vendor/app/IWlanService/oat/arm64/IWlanService.vdex	unselected-review		
vendor/app/TimeService/TimeService.apk	selected-present	sm8750-common:vendor/app/TimeService/TimeService.apk	vendor/app/TimeService/TimeService.apk
vendor/app/TimeService/oat/arm64/TimeService.odex	unselected-review		
vendor/app/TimeService/oat/arm64/TimeService.vdex	unselected-review		
vendor/app/TrustZoneAccessService/TrustZoneAccessService.apk	selected-present	sm8750-common:vendor/app/TrustZoneAccessService/TrustZoneAccessService.apk	vendor/app/TrustZoneAccessService/TrustZoneAccessService.apk
vendor/app/TrustZoneAccessService/oat/arm64/TrustZoneAccessService.odex	unselected-review		
vendor/app/TrustZoneAccessService/oat/arm64/TrustZoneAccessService.vdex	unselected-review		
vendor/app/com.qualcomm.qti.gpudrivers.sun.api35/com.qualcomm.qti.gpudrivers.sun.api35.apk	selected-present	sm8750-common:vendor/app/com.qualcomm.qti.gpudrivers.sun.api35/com.qualcomm.qti.gpudrivers.sun.api35.apk	vendor/app/com.qualcomm.qti.gpudrivers.sun.api35/com.qualcomm.qti.gpudrivers.sun.api35.apk
vendor/bin/AnchorTest	unselected-review		
vendor/bin/C2PAInternetService	unselected-review		
vendor/bin/C2PANativeTestClient	unselected-review		
vendor/bin/C2PATestClientAIDL	unselected-review		
vendor/bin/DFtool	unselected-review		
vendor/bin/GPTEE_Sample_client	unselected-review		
vendor/bin/KmInstallKeybox	unselected-review		
vendor/bin/MI_IC	unselected-review		
vendor/bin/MI_RIC	unselected-review		
vendor/bin/PalTest	unselected-review		
vendor/bin/PktRspTest	unselected-review		
vendor/bin/SoterProvisioningTool	unselected-review		
vendor/bin/StoreKeybox	unselected-review		
vendor/bin/TrustedUISampleTAClient	unselected-review		
vendor/bin/TrustedUISampleTestAIDL	unselected-review		
vendor/bin/[	source-reference-review		vendor/bin/[
vendor/bin/acpi	unselected-review		vendor/bin/acpi
vendor/bin/adpl	selected-present	sm8750-common:vendor/bin/adpl	vendor/bin/adpl
vendor/bin/adsprpcd	selected-present	sm8750-common:vendor/bin/adsprpcd	vendor/bin/adsprpcd
vendor/bin/aecxsimulator	unselected-review		
vendor/bin/agmcap	unselected-review		
vendor/bin/agmcompresscap	unselected-review		
vendor/bin/agmcompressplay	unselected-review		
vendor/bin/agmhostless	unselected-review		
vendor/bin/agmplay	unselected-review		
vendor/bin/agmvoiceui	unselected-review		
vendor/bin/ar_util_in_test_example	unselected-review		
vendor/bin/athdiag	unselected-review		
vendor/bin/audioadsprpcd	source-reference-review		vendor/bin/audioadsprpcd
vendor/bin/awk	unselected-review		vendor/bin/awk
vendor/bin/base64	unselected-review		vendor/bin/base64
vendor/bin/basename	unselected-review		vendor/bin/basename
vendor/bin/batterysecret	selected-present	sm8750-common:vendor/bin/batterysecret	vendor/bin/batterysecret
vendor/bin/blockdev	unselected-review		vendor/bin/blockdev
vendor/bin/bootmode	unselected-review		
vendor/bin/boringssl_self_test64	unselected-review		vendor/bin/boringssl_self_test64
vendor/bin/brctl	unselected-review		vendor/bin/brctl
vendor/bin/btconfig	unselected-review		
vendor/bin/cal	source-reference-review		vendor/bin/cal
vendor/bin/cat	source-reference-review		vendor/bin/cat
vendor/bin/ccid_daemon_nr	unselected-review		
vendor/bin/cdsprpcd	selected-present	sm8750-common:vendor/bin/cdsprpcd	vendor/bin/cdsprpcd
vendor/bin/chattr	unselected-review		vendor/bin/chattr
vendor/bin/chcon	unselected-review		vendor/bin/chcon
vendor/bin/checkpoint_gc	source-reference-review		vendor/bin/checkpoint_gc
vendor/bin/chgrp	unselected-review		vendor/bin/chgrp
vendor/bin/chmod	unselected-review		vendor/bin/chmod
vendor/bin/chown	unselected-review		vendor/bin/chown
vendor/bin/chroot	unselected-review		vendor/bin/chroot
vendor/bin/chrt	unselected-review		vendor/bin/chrt
vendor/bin/cksum	unselected-review		vendor/bin/cksum
vendor/bin/clear	source-reference-review		vendor/bin/clear
vendor/bin/cmp	unselected-review		vendor/bin/cmp
vendor/bin/cnd	selected-present	sm8750-common:vendor/bin/cnd	vendor/bin/cnd
vendor/bin/cnss-daemon	selected-present	sm8750-common:vendor/bin/cnss-daemon	vendor/bin/cnss-daemon
vendor/bin/cnss_cli	unselected-review		
vendor/bin/cnss_diag	unselected-review		
vendor/bin/color	source-reference-review		
vendor/bin/color_sampling_test	unselected-review		
vendor/bin/color_sampling_tool	unselected-review		
vendor/bin/comm	source-reference-review		vendor/bin/comm
vendor/bin/coresight_reset_source_sink.sh	unselected-review		
vendor/bin/cp	source-reference-review		vendor/bin/cp
vendor/bin/cpio	unselected-review		vendor/bin/cpio
vendor/bin/cplay	unselected-review		
vendor/bin/csaudiotransfer_test	unselected-review		
vendor/bin/ctlogger	unselected-review		
vendor/bin/ctrlapp_dut	unselected-review		
vendor/bin/cut	source-reference-review		vendor/bin/cut
vendor/bin/date	source-reference-review		vendor/bin/date
vendor/bin/dcc-script-tuna.sh	unselected-review		
vendor/bin/dcc-script.sh	unselected-review		
vendor/bin/dcc_extension.sh	unselected-review		
vendor/bin/dd	source-reference-review		vendor/bin/dd
vendor/bin/ddr_freq	selected-present	piano:vendor/bin/ddr_freq	vendor/bin/ddr_freq
vendor/bin/debug-diag	unselected-review		
vendor/bin/devmem	unselected-review		vendor/bin/devmem
vendor/bin/df	source-reference-review		vendor/bin/df
vendor/bin/diag-router	selected-present	sm8750-common:vendor/bin/diag-router	vendor/bin/diag-router
vendor/bin/diag_callback_sample	unselected-review		
vendor/bin/diag_dci_sample	unselected-review		
vendor/bin/diag_klog	unselected-review		
vendor/bin/diag_mdlog	unselected-review		
vendor/bin/diag_socket_log	unselected-review		
vendor/bin/diag_uart_log	unselected-review		
vendor/bin/diagcommd	unselected-review		
vendor/bin/diff	unselected-review		vendor/bin/diff
vendor/bin/dirname	unselected-review		vendor/bin/dirname
vendor/bin/displayfeature	selected-present	sm8750-common:vendor/bin/displayfeature	vendor/bin/displayfeature
vendor/bin/dlsc	unselected-review		
vendor/bin/dmesg	unselected-review		vendor/bin/dmesg
vendor/bin/dos2unix	unselected-review		vendor/bin/dos2unix
vendor/bin/dppdaemon	unselected-review		
vendor/bin/drm_sample_app	unselected-review		
vendor/bin/dspservice	selected-present	sm8750-common:vendor/bin/dspservice	vendor/bin/dspservice
vendor/bin/du	source-reference-review		vendor/bin/du
vendor/bin/dumpsys	unselected-review		vendor/bin/dumpsys
vendor/bin/e_loop	unselected-review		
vendor/bin/ecb	unselected-review		
vendor/bin/echo	unselected-review		vendor/bin/echo
vendor/bin/edgnss-daemon	selected-present	sm8750-common:vendor/bin/edgnss-daemon	vendor/bin/edgnss-daemon
vendor/bin/egrep	unselected-review		vendor/bin/egrep
vendor/bin/embmsslServer	selected-present	sm8750-common:vendor/bin/embmsslServer	vendor/bin/embmsslServer
vendor/bin/engine-service	selected-present	sm8750-common:vendor/bin/engine-service	vendor/bin/engine-service
vendor/bin/env	unselected-review		vendor/bin/env
vendor/bin/expand	unselected-review		vendor/bin/expand
vendor/bin/expr	unselected-review		vendor/bin/expr
vendor/bin/fallocate	unselected-review		vendor/bin/fallocate
vendor/bin/false	source-reference-review		vendor/bin/false
vendor/bin/fan_service	selected-present	piano:vendor/bin/fan_service	vendor/bin/fan_service
vendor/bin/feature_enabler_client	unselected-review		
vendor/bin/ffu	selected-present	piano:vendor/bin/ffu	vendor/bin/ffu
vendor/bin/fgrep	unselected-review		vendor/bin/fgrep
vendor/bin/file	source-reference-review		vendor/bin/file
vendor/bin/find	source-reference-review		vendor/bin/find
vendor/bin/flash.sh	unselected-review		
vendor/bin/flash_before.sh	unselected-review		
vendor/bin/flock	unselected-review		vendor/bin/flock
vendor/bin/fm_qsoc_patches	unselected-review		
vendor/bin/fmconfig	unselected-review		
vendor/bin/fmfactorytest	unselected-review		
vendor/bin/fmfactorytestserver	unselected-review		
vendor/bin/fmt	unselected-review		vendor/bin/fmt
vendor/bin/free	unselected-review		vendor/bin/free
vendor/bin/fsync	unselected-review		vendor/bin/fsync
vendor/bin/ftmdaemon	unselected-review		
vendor/bin/getconf	unselected-review		vendor/bin/getconf
vendor/bin/getenforce	unselected-review		vendor/bin/getenforce
vendor/bin/getevent	unselected-review		vendor/bin/getevent
vendor/bin/getfattr	unselected-review		vendor/bin/getfattr
vendor/bin/getopt	unselected-review		vendor/bin/getopt
vendor/bin/getprop	unselected-review		vendor/bin/getprop
vendor/bin/gpiodetect	unselected-review		vendor/bin/gpiodetect
vendor/bin/gpiofind	unselected-review		vendor/bin/gpiofind
vendor/bin/gpioget	unselected-review		vendor/bin/gpioget
vendor/bin/gpioinfo	unselected-review		vendor/bin/gpioinfo
vendor/bin/gpioset	unselected-review		vendor/bin/gpioset
vendor/bin/grep	unselected-review		vendor/bin/grep
vendor/bin/groups	unselected-review		vendor/bin/groups
vendor/bin/gunzip	unselected-review		vendor/bin/gunzip
vendor/bin/gzip	unselected-review		vendor/bin/gzip
vendor/bin/hal_proxy_daemon	unselected-review		
vendor/bin/hdcp1prov	selected-present	sm8750-common:vendor/bin/hdcp1prov	vendor/bin/hdcp1prov
vendor/bin/hdcp2p2prov	selected-present	sm8750-common:vendor/bin/hdcp2p2prov	vendor/bin/hdcp2p2prov
vendor/bin/head	source-reference-review		vendor/bin/head
vendor/bin/hexlpservice	selected-present	sm8750-common:vendor/bin/hexlpservice	vendor/bin/hexlpservice
vendor/bin/hlosminkdaemon	selected-present	sm8750-common:vendor/bin/hlosminkdaemon	vendor/bin/hlosminkdaemon
vendor/bin/hostapd_cli	source-reference-review		vendor/bin/hostapd_cli
vendor/bin/hostname	unselected-review		vendor/bin/hostname
vendor/bin/hw/android.hardware.bluetooth@aidl-service-qti	selected-present	sm8750-common:vendor/bin/hw/android.hardware.bluetooth@aidl-service-qti	vendor/bin/hw/android.hardware.bluetooth@aidl-service-qti
vendor/bin/hw/android.hardware.boot-service.qti	source-reference-review		vendor/bin/hw/android.hardware.boot-service.qti
vendor/bin/hw/android.hardware.camera.provider-V1-external-service	source-reference-review		
vendor/bin/hw/android.hardware.contexthub-service.qmi	selected-present	sm8750-common:vendor/bin/hw/android.hardware.contexthub-service.qmi	vendor/bin/hw/android.hardware.contexthub-service.qmi
vendor/bin/hw/android.hardware.drm-service.clearkey	source-reference-review		vendor/bin/hw/android.hardware.drm-service.clearkey
vendor/bin/hw/android.hardware.dumpstate-service.xiaomi	selected-present	sm8750-common:vendor/bin/hw/android.hardware.dumpstate-service.xiaomi	vendor/bin/hw/android.hardware.dumpstate-service.xiaomi
vendor/bin/hw/android.hardware.gatekeeper-service-qti	selected-present	sm8750-common:vendor/bin/hw/android.hardware.gatekeeper-service-qti	vendor/bin/hw/android.hardware.gatekeeper-service-qti
vendor/bin/hw/android.hardware.health-service.qti	source-reference-review		vendor/bin/hw/android.hardware.health-service.qti
vendor/bin/hw/android.hardware.ir-service.example	source-reference-review		vendor/bin/hw/android.hardware.ir-service.example
vendor/bin/hw/android.hardware.keymaster@4.0-service-qti	unselected-review		
vendor/bin/hw/android.hardware.media.c2-mi-service	selected-present	sm8750-common:vendor/bin/hw/android.hardware.media.c2-mi-service	vendor/bin/hw/android.hardware.media.c2-mi-service
vendor/bin/hw/android.hardware.power-service	selected-present	sm8750-common:vendor/bin/hw/android.hardware.power-service	vendor/bin/hw/android.hardware.power-service
vendor/bin/hw/android.hardware.secure_element-service.qti	selected-present	sm8750-common:vendor/bin/hw/android.hardware.secure_element-service.qti	vendor/bin/hw/android.hardware.secure_element-service.qti
vendor/bin/hw/android.hardware.security.keymint-service-qti	selected-present	sm8750-common:vendor/bin/hw/android.hardware.security.keymint-service-qti	vendor/bin/hw/android.hardware.security.keymint-service-qti
vendor/bin/hw/android.hardware.sensors-service.multihal	unselected-review		
vendor/bin/hw/android.hardware.thermal-service.qti	source-reference-review		vendor/bin/hw/android.hardware.thermal-service.qti
vendor/bin/hw/android.hardware.usb-service.qti	source-reference-review		vendor/bin/hw/android.hardware.usb-service.qti
vendor/bin/hw/android.hardware.usb.gadget-service.qti	source-reference-review		vendor/bin/hw/android.hardware.usb.gadget-service.qti
vendor/bin/hw/android.hardware.wifi-service	source-reference-review		vendor/bin/hw/android.hardware.wifi-service
vendor/bin/hw/audiohalservice.qti	selected-present	sm8750-common:vendor/bin/hw/audiohalservice.qti	vendor/bin/hw/audiohalservice.qti
vendor/bin/hw/hostapd	source-reference-review		vendor/bin/hw/hostapd
vendor/bin/hw/qcrilNrd	selected-present	sm8750-common:vendor/bin/hw/qcrilNrd	vendor/bin/hw/qcrilNrd
vendor/bin/hw/qvrservice	unselected-review		
vendor/bin/hw/sxrservice	selected-present	sm8750-common:vendor/bin/hw/sxrservice	vendor/bin/hw/sxrservice
vendor/bin/hw/vendor.dolby.dms.service	selected-present	sm8750-common:vendor/bin/hw/vendor.dolby.dms.service	vendor/bin/hw/vendor.dolby.dms.service
vendor/bin/hw/vendor.dolby.media.c2-default-service-dax	selected-present	sm8750-common:vendor/bin/hw/vendor.dolby.media.c2-default-service-dax	vendor/bin/hw/vendor.dolby.media.c2-default-service-dax
vendor/bin/hw/vendor.ozoaudio.notify@1.0-service	selected-present	sm8750-common:vendor/bin/hw/vendor.ozoaudio.notify@1.0-service	vendor/bin/hw/vendor.ozoaudio.notify@1.0-service
vendor/bin/hw/vendor.qti.MemHal-service	selected-present	piano:vendor/bin/hw/vendor.qti.MemHal-service	vendor/bin/hw/vendor.qti.MemHal-service
vendor/bin/hw/vendor.qti.camera.provider-service_64	selected-present	piano:vendor/bin/hw/vendor.qti.camera.provider-service_64	vendor/bin/hw/vendor.qti.camera.provider-service_64
vendor/bin/hw/vendor.qti.hardware.alarm-service	selected-present	sm8750-common:vendor/bin/hw/vendor.qti.hardware.alarm-service	vendor/bin/hw/vendor.qti.hardware.alarm-service
vendor/bin/hw/vendor.qti.hardware.capabilityconfigstore-service	selected-present	sm8750-common:vendor/bin/hw/vendor.qti.hardware.capabilityconfigstore-service	vendor/bin/hw/vendor.qti.hardware.capabilityconfigstore-service
vendor/bin/hw/vendor.qti.hardware.display.allocator-service	selected-present	sm8750-common:vendor/bin/hw/vendor.qti.hardware.display.allocator-service	vendor/bin/hw/vendor.qti.hardware.display.allocator-service
vendor/bin/hw/vendor.qti.hardware.display.color-service	selected-present	sm8750-common:vendor/bin/hw/vendor.qti.hardware.display.color-service	vendor/bin/hw/vendor.qti.hardware.display.color-service
vendor/bin/hw/vendor.qti.hardware.display.composer-service	selected-present	sm8750-common:vendor/bin/hw/vendor.qti.hardware.display.composer-service	vendor/bin/hw/vendor.qti.hardware.display.composer-service
vendor/bin/hw/vendor.qti.hardware.display.demura-service	selected-present	sm8750-common:vendor/bin/hw/vendor.qti.hardware.display.demura-service	vendor/bin/hw/vendor.qti.hardware.display.demura-service
vendor/bin/hw/vendor.qti.hardware.memtrack-service	source-reference-review		vendor/bin/hw/vendor.qti.hardware.memtrack-service
vendor/bin/hw/vendor.qti.hardware.minkipcbinder@1.0-service	selected-present	piano:vendor/bin/hw/vendor.qti.hardware.minkipcbinder@1.0-service	vendor/bin/hw/vendor.qti.hardware.minkipcbinder@1.0-service
vendor/bin/hw/vendor.qti.hardware.perf2-hal-service	selected-present	sm8750-common:vendor/bin/hw/vendor.qti.hardware.perf2-hal-service	vendor/bin/hw/vendor.qti.hardware.perf2-hal-service
vendor/bin/hw/vendor.qti.hardware.qseecom@1.0-service	selected-present	sm8750-common:vendor/bin/hw/vendor.qti.hardware.qseecom@1.0-service	vendor/bin/hw/vendor.qti.hardware.qseecom@1.0-service
vendor/bin/hw/vendor.qti.hardware.secureprocessor	selected-present	sm8750-common:vendor/bin/hw/vendor.qti.hardware.secureprocessor	vendor/bin/hw/vendor.qti.hardware.secureprocessor
vendor/bin/hw/vendor.qti.hardware.sensorscalibrate-service	selected-present	sm8750-common:vendor/bin/hw/vendor.qti.hardware.sensorscalibrate-service	vendor/bin/hw/vendor.qti.hardware.sensorscalibrate-service
vendor/bin/hw/vendor.qti.hardware.servicetrackeraidl-service	selected-present	sm8750-common:vendor/bin/hw/vendor.qti.hardware.servicetrackeraidl-service	vendor/bin/hw/vendor.qti.hardware.servicetrackeraidl-service
vendor/bin/hw/vendor.qti.hardware.soter-service	selected-present	sm8750-common:vendor/bin/hw/vendor.qti.hardware.soter-service	vendor/bin/hw/vendor.qti.hardware.soter-service
vendor/bin/hw/vendor.qti.hardware.trustedui-aidl-service-qti	selected-present	sm8750-common:vendor/bin/hw/vendor.qti.hardware.trustedui-aidl-service-qti	vendor/bin/hw/vendor.qti.hardware.trustedui-aidl-service-qti
vendor/bin/hw/vendor.qti.media.c2@1.0-service	selected-present	sm8750-common:vendor/bin/hw/vendor.qti.media.c2@1.0-service	vendor/bin/hw/vendor.qti.media.c2@1.0-service
vendor/bin/hw/vendor.qti.media.c2audio@1.0-service	selected-present	sm8750-common:vendor/bin/hw/vendor.qti.media.c2audio@1.0-service	vendor/bin/hw/vendor.qti.media.c2audio@1.0-service
vendor/bin/hw/vendor.qti.memory.pasrmanager-service	selected-present	piano:vendor/bin/hw/vendor.qti.memory.pasrmanager-service	vendor/bin/hw/vendor.qti.memory.pasrmanager-service
vendor/bin/hw/vendor.qti.sla.service@2.0-service	selected-present	sm8750-common:vendor/bin/hw/vendor.qti.sla.service@2.0-service	vendor/bin/hw/vendor.qti.sla.service@2.0-service
vendor/bin/hw/vendor.xiaomi.aidl.minet@1.0-service	selected-present	piano:vendor/bin/hw/vendor.xiaomi.aidl.minet@1.0-service	vendor/bin/hw/vendor.xiaomi.aidl.minet@1.0-service
vendor/bin/hw/vendor.xiaomi.aidl.miwill@1.0-service	selected-present	piano:vendor/bin/hw/vendor.xiaomi.aidl.miwill@1.0-service	vendor/bin/hw/vendor.xiaomi.aidl.miwill@1.0-service
vendor/bin/hw/vendor.xiaomi.cit.bluetooth-service	unselected-review		
vendor/bin/hw/vendor.xiaomi.cit.wifi-service	unselected-review		
vendor/bin/hw/vendor.xiaomi.hardware.batteryantiaging-service	selected-present	piano:vendor/bin/hw/vendor.xiaomi.hardware.batteryantiaging-service	vendor/bin/hw/vendor.xiaomi.hardware.batteryantiaging-service
vendor/bin/hw/vendor.xiaomi.hardware.cld_aidl-service	selected-present	piano:vendor/bin/hw/vendor.xiaomi.hardware.cld_aidl-service	vendor/bin/hw/vendor.xiaomi.hardware.cld_aidl-service
vendor/bin/hw/vendor.xiaomi.hardware.displayfeature_aidl-service	selected-present	sm8750-common:vendor/bin/hw/vendor.xiaomi.hardware.displayfeature_aidl-service	vendor/bin/hw/vendor.xiaomi.hardware.displayfeature_aidl-service
vendor/bin/hw/vendor.xiaomi.hardware.dynamiccameraserver	unselected-review		
vendor/bin/hw/vendor.xiaomi.hardware.fbo-service	selected-present	piano:vendor/bin/hw/vendor.xiaomi.hardware.fbo-service	vendor/bin/hw/vendor.xiaomi.hardware.fbo-service
vendor/bin/hw/vendor.xiaomi.hardware.micharge-service	selected-present	sm8750-common:vendor/bin/hw/vendor.xiaomi.hardware.micharge-service	vendor/bin/hw/vendor.xiaomi.hardware.micharge-service
vendor/bin/hw/vendor.xiaomi.hardware.mimd2-service	selected-present	piano:vendor/bin/hw/vendor.xiaomi.hardware.mimd2-service	vendor/bin/hw/vendor.xiaomi.hardware.mimd2-service
vendor/bin/hw/vendor.xiaomi.hardware.miperf2-service	selected-present	piano:vendor/bin/hw/vendor.xiaomi.hardware.miperf2-service	vendor/bin/hw/vendor.xiaomi.hardware.miperf2-service
vendor/bin/hw/vendor.xiaomi.hardware.misys.core-service	selected-present	sm8750-common:vendor/bin/hw/vendor.xiaomi.hardware.misys.core-service	vendor/bin/hw/vendor.xiaomi.hardware.misys.core-service
vendor/bin/hw/vendor.xiaomi.hardware.swap-service	unselected-review		
vendor/bin/hw/vendor.xiaomi.hardware.videoservice-service	unselected-review		
vendor/bin/hw/wpa_supplicant	source-reference-review		vendor/bin/hw/wpa_supplicant
vendor/bin/hwclock	unselected-review		vendor/bin/hwclock
vendor/bin/hypsys_vendor	selected-present	sm8750-common:vendor/bin/hypsys_vendor	vendor/bin/hypsys_vendor
vendor/bin/i2cdetect	unselected-review		vendor/bin/i2cdetect
vendor/bin/i2cdump	unselected-review		vendor/bin/i2cdump
vendor/bin/i2cget	unselected-review		vendor/bin/i2cget
vendor/bin/i2cset	unselected-review		vendor/bin/i2cset
vendor/bin/i2ctransfer	unselected-review		vendor/bin/i2ctransfer
vendor/bin/iconv	unselected-review		vendor/bin/iconv
vendor/bin/id	source-reference-review		vendor/bin/id
vendor/bin/ifconfig	unselected-review		vendor/bin/ifconfig
vendor/bin/ims-dataservice-daemon	selected-present	sm8750-common:vendor/bin/ims-dataservice-daemon	vendor/bin/ims-dataservice-daemon
vendor/bin/ims_rtp_daemon	selected-present	sm8750-common:vendor/bin/ims_rtp_daemon	vendor/bin/ims_rtp_daemon
vendor/bin/imsdaemon	selected-present	sm8750-common:vendor/bin/imsdaemon	vendor/bin/imsdaemon
vendor/bin/init.class_main.sh	selected-present	sm8750-common:vendor/bin/init.class_main.sh	vendor/bin/init.class_main.sh
vendor/bin/init.crda.sh	unselected-review		
vendor/bin/init.kernel.extra_free_kbytes.sh	selected-present	sm8750-common:vendor/bin/init.kernel.extra_free_kbytes.sh	vendor/bin/init.kernel.extra_free_kbytes.sh
vendor/bin/init.kernel.init_boot-memory.sh	selected-present	sm8750-common:vendor/bin/init.kernel.init_boot-memory.sh	vendor/bin/init.kernel.init_boot-memory.sh
vendor/bin/init.kernel.post_boot-kera.sh	unselected-review		
vendor/bin/init.kernel.post_boot-kera_2_3_1.sh	unselected-review		
vendor/bin/init.kernel.post_boot-kera_2_4_0.sh	unselected-review		
vendor/bin/init.kernel.post_boot-kera_3_2_1.sh	unselected-review		
vendor/bin/init.kernel.post_boot-kera_default_3_4_1.sh	unselected-review		
vendor/bin/init.kernel.post_boot-memory.sh	selected-present	sm8750-common:vendor/bin/init.kernel.post_boot-memory.sh	vendor/bin/init.kernel.post_boot-memory.sh
vendor/bin/init.kernel.post_boot-sun.sh	selected-present	sm8750-common:vendor/bin/init.kernel.post_boot-sun.sh	vendor/bin/init.kernel.post_boot-sun.sh
vendor/bin/init.kernel.post_boot-sun_5_2.sh	selected-present	sm8750-common:vendor/bin/init.kernel.post_boot-sun_5_2.sh	vendor/bin/init.kernel.post_boot-sun_5_2.sh
vendor/bin/init.kernel.post_boot-sun_6_0.sh	selected-present	sm8750-common:vendor/bin/init.kernel.post_boot-sun_6_0.sh	vendor/bin/init.kernel.post_boot-sun_6_0.sh
vendor/bin/init.kernel.post_boot-sun_default_6_2.sh	selected-present	sm8750-common:vendor/bin/init.kernel.post_boot-sun_default_6_2.sh	vendor/bin/init.kernel.post_boot-sun_default_6_2.sh
vendor/bin/init.kernel.post_boot-tuna.sh	unselected-review		
vendor/bin/init.kernel.post_boot-tuna_1_3_2_1.sh	unselected-review		
vendor/bin/init.kernel.post_boot-tuna_2_2_2_1.sh	unselected-review		
vendor/bin/init.kernel.post_boot-tuna_2_3_1_1.sh	unselected-review		
vendor/bin/init.kernel.post_boot-tuna_2_3_2_0.sh	unselected-review		
vendor/bin/init.kernel.post_boot-tuna_default_2_3_2_1.sh	unselected-review		
vendor/bin/init.kernel.post_boot.sh	selected-present	sm8750-common:vendor/bin/init.kernel.post_boot.sh	vendor/bin/init.kernel.post_boot.sh
vendor/bin/init.mdm.sh	unselected-review		
vendor/bin/init.qcom.class_core.sh	selected-present	sm8750-common:vendor/bin/init.qcom.class_core.sh	vendor/bin/init.qcom.class_core.sh
vendor/bin/init.qcom.coex.sh	unselected-review		
vendor/bin/init.qcom.early_boot.sh	selected-present	sm8750-common:vendor/bin/init.qcom.early_boot.sh	vendor/bin/init.qcom.early_boot.sh
vendor/bin/init.qcom.efs.sync.sh	unselected-review		
vendor/bin/init.qcom.post_boot.sh	selected-present	sm8750-common:vendor/bin/init.qcom.post_boot.sh	vendor/bin/init.qcom.post_boot.sh
vendor/bin/init.qcom.sdio.sh	unselected-review		
vendor/bin/init.qcom.sensors.sh	selected-present	sm8750-common:vendor/bin/init.qcom.sensors.sh	vendor/bin/init.qcom.sensors.sh
vendor/bin/init.qcom.sh	selected-present	sm8750-common:vendor/bin/init.qcom.sh	vendor/bin/init.qcom.sh
vendor/bin/init.qcom.usb.sh	source-reference-review		vendor/bin/init.qcom.usb.sh
vendor/bin/init.qcrild.sh	selected-present	sm8750-common:vendor/bin/init.qcrild.sh	vendor/bin/init.qcrild.sh
vendor/bin/init.qti.display_boot.sh	selected-present	sm8750-common:vendor/bin/init.qti.display_boot.sh	vendor/bin/init.qti.display_boot.sh
vendor/bin/init.qti.kernel.debug-kera.sh	unselected-review		
vendor/bin/init.qti.kernel.debug-sun.sh	unselected-review		
vendor/bin/init.qti.kernel.debug-tuna.sh	unselected-review		
vendor/bin/init.qti.kernel.debug.sh	unselected-review		
vendor/bin/init.qti.kernel.early_debug-kera.sh	unselected-review		
vendor/bin/init.qti.kernel.early_debug-sun.sh	unselected-review		
vendor/bin/init.qti.kernel.early_debug-tuna.sh	unselected-review		
vendor/bin/init.qti.kernel.early_debug.sh	unselected-review		
vendor/bin/init.qti.kernel.sh	selected-present	sm8750-common:vendor/bin/init.qti.kernel.sh	vendor/bin/init.qti.kernel.sh
vendor/bin/init.qti.keymaster.sh	unselected-review		
vendor/bin/init.qti.media.sh	selected-present	sm8750-common:vendor/bin/init.qti.media.sh	vendor/bin/init.qti.media.sh
vendor/bin/init.qti.qcv.sh	selected-present	sm8750-common:vendor/bin/init.qti.qcv.sh	vendor/bin/init.qti.qcv.sh
vendor/bin/init.qti.write.sh	selected-present	sm8750-common:vendor/bin/init.qti.write.sh	vendor/bin/init.qti.write.sh
vendor/bin/init.qvrd.usb_mtu_set.sh	unselected-review		
vendor/bin/init.xiaomi.modem.sh	unselected-review		
vendor/bin/init.xrcommd.usb_mtu_set.sh	unselected-review		
vendor/bin/inotifyd	unselected-review		vendor/bin/inotifyd
vendor/bin/insmod	unselected-review		vendor/bin/insmod
vendor/bin/install	source-reference-review		vendor/bin/install
vendor/bin/ionice	unselected-review		vendor/bin/ionice
vendor/bin/ioprofiler	unselected-review		
vendor/bin/iorenice	unselected-review		vendor/bin/iorenice
vendor/bin/ipacm	source-reference-review		vendor/bin/ipacm
vendor/bin/ipacm-diag	unselected-review		
vendor/bin/iperf3.zc	unselected-review		
vendor/bin/ipp_key_gen	unselected-review		
vendor/bin/ipp_test	unselected-review		
vendor/bin/irsc_util	selected-present	sm8750-common:vendor/bin/irsc_util	vendor/bin/irsc_util
vendor/bin/iw	unselected-review		
vendor/bin/kill	unselected-review		vendor/bin/kill
vendor/bin/killall	unselected-review		vendor/bin/killall
vendor/bin/ks	selected-present	sm8750-common:vendor/bin/ks	vendor/bin/ks
vendor/bin/ln	unselected-review		vendor/bin/ln
vendor/bin/load_policy	unselected-review		vendor/bin/load_policy
vendor/bin/loadalgo	selected-present	sm8750-common:vendor/bin/loadalgo	vendor/bin/loadalgo
vendor/bin/loc_launcher	selected-present	sm8750-common:vendor/bin/loc_launcher	vendor/bin/loc_launcher
vendor/bin/log	source-reference-review		vendor/bin/log
vendor/bin/logger	unselected-review		vendor/bin/logger
vendor/bin/logname	unselected-review		vendor/bin/logname
vendor/bin/logwrapper	unselected-review		vendor/bin/logwrapper
vendor/bin/losetup	unselected-review		vendor/bin/losetup
vendor/bin/lowi-server	selected-present	sm8750-common:vendor/bin/lowi-server	vendor/bin/lowi-server
vendor/bin/ls	source-reference-review		vendor/bin/ls
vendor/bin/lsattr	unselected-review		vendor/bin/lsattr
vendor/bin/lsmod	unselected-review		vendor/bin/lsmod
vendor/bin/lsof	unselected-review		vendor/bin/lsof
vendor/bin/lspci	unselected-review		vendor/bin/lspci
vendor/bin/lsusb	unselected-review		vendor/bin/lsusb
vendor/bin/mbnota	unselected-review		
vendor/bin/mcs_test	unselected-review		
vendor/bin/md5sum	unselected-review		vendor/bin/md5sum
vendor/bin/memeater	unselected-review		vendor/bin/memeater
vendor/bin/mi_ambient	unselected-review		
vendor/bin/mi_thermald	selected-present	sm8750-common:vendor/bin/mi_thermald	vendor/bin/mi_thermald
vendor/bin/mibpftest	unselected-review		
vendor/bin/micdb	unselected-review		
vendor/bin/microcom	unselected-review		vendor/bin/microcom
vendor/bin/minetd	selected-present	piano:vendor/bin/minetd	vendor/bin/minetd
vendor/bin/mkdir	source-reference-review		vendor/bin/mkdir
vendor/bin/mkfifo	unselected-review		vendor/bin/mkfifo
vendor/bin/mknod	unselected-review		vendor/bin/mknod
vendor/bin/mkswap	unselected-review		vendor/bin/mkswap
vendor/bin/mktemp	unselected-review		vendor/bin/mktemp
vendor/bin/mlid	selected-present	sm8750-common:vendor/bin/mlid	vendor/bin/mlid
vendor/bin/mm-audio-ftm	unselected-review		
vendor/bin/modem_hydra_test	unselected-review		
vendor/bin/modinfo	unselected-review		vendor/bin/modinfo
vendor/bin/modprobe	unselected-review		vendor/bin/modprobe
vendor/bin/more	unselected-review		vendor/bin/more
vendor/bin/mount	source-reference-review		vendor/bin/mount
vendor/bin/mountpoint	source-reference-review		vendor/bin/mountpoint
vendor/bin/mtb	unselected-review		
vendor/bin/mv	source-reference-review		vendor/bin/mv
vendor/bin/myftm	unselected-review		
vendor/bin/nc	source-reference-review		vendor/bin/nc
vendor/bin/netcat	unselected-review		vendor/bin/netcat
vendor/bin/netstat	unselected-review		vendor/bin/netstat
vendor/bin/nice	unselected-review		vendor/bin/nice
vendor/bin/nl	source-reference-review		vendor/bin/nl
vendor/bin/nohup	unselected-review		vendor/bin/nohup
vendor/bin/nproc	source-reference-review		vendor/bin/nproc
vendor/bin/nqnfcinfo	selected-present	sm8750-common:vendor/bin/nqnfcinfo	vendor/bin/nqnfcinfo
vendor/bin/nsenter	unselected-review		vendor/bin/nsenter
vendor/bin/nv_mac	selected-present	sm8750-common:vendor/bin/nv_mac	vendor/bin/nv_mac
vendor/bin/od	source-reference-review		vendor/bin/od
vendor/bin/paste	unselected-review		vendor/bin/paste
vendor/bin/patch	unselected-review		vendor/bin/patch
vendor/bin/pd-mapper	selected-present	sm8750-common:vendor/bin/pd-mapper	vendor/bin/pd-mapper
vendor/bin/pgrep	unselected-review		vendor/bin/pgrep
vendor/bin/pidof	unselected-review		vendor/bin/pidof
vendor/bin/pkill	unselected-review		vendor/bin/pkill
vendor/bin/pktlogconf	unselected-review		
vendor/bin/pm-proxy	selected-present	sm8750-common:vendor/bin/pm-proxy	vendor/bin/pm-proxy
vendor/bin/pm-service	selected-present	sm8750-common:vendor/bin/pm-service	vendor/bin/pm-service
vendor/bin/pm_ioctl_app	selected-present	sm8750-common:vendor/bin/pm_ioctl_app	vendor/bin/pm_ioctl_app
vendor/bin/pmap	unselected-review		vendor/bin/pmap
vendor/bin/pmic_key_reset	unselected-review		
vendor/bin/pnscr	unselected-review		
vendor/bin/port-bridge	selected-present	sm8750-common:vendor/bin/port-bridge	vendor/bin/port-bridge
vendor/bin/power_off_alarm	selected-present	sm8750-common:vendor/bin/power_off_alarm	vendor/bin/power_off_alarm
vendor/bin/poweropt-service	selected-present	sm8750-common:vendor/bin/poweropt-service	vendor/bin/poweropt-service
vendor/bin/ppd	selected-present	sm8750-common:vendor/bin/ppd	vendor/bin/ppd
vendor/bin/printenv	unselected-review		vendor/bin/printenv
vendor/bin/printf	unselected-review		vendor/bin/printf
vendor/bin/ps	source-reference-review		vendor/bin/ps
vendor/bin/pwd	unselected-review		vendor/bin/pwd
vendor/bin/qca6234-service.sh	unselected-review		
vendor/bin/qcc-vendor	selected-present	sm8750-common:vendor/bin/qcc-vendor	vendor/bin/qcc-vendor
vendor/bin/qdcmss	selected-present	sm8750-common:vendor/bin/qdcmss	vendor/bin/qdcmss
vendor/bin/qesdk-manager	selected-present	sm8750-common:vendor/bin/qesdk-manager	vendor/bin/qesdk-manager
vendor/bin/qesdk-secmanager	selected-present	piano:vendor/bin/qesdk-secmanager	vendor/bin/qesdk-secmanager
vendor/bin/qguard	selected-present	sm8750-common:vendor/bin/qguard	vendor/bin/qguard
vendor/bin/qlm-service	selected-present	sm8750-common:vendor/bin/qlm-service	vendor/bin/qlm-service
vendor/bin/qmi-framework-tests/qmi_test_mt_client_init_instance	selected-present	sm8750-common:vendor/bin/qmi-framework-tests/qmi_test_mt_client_init_instance	vendor/bin/qmi-framework-tests/qmi_test_mt_client_init_instance
vendor/bin/qms	selected-present	sm8750-common:vendor/bin/qms	vendor/bin/qms
vendor/bin/qrtr-cfg	selected-present	sm8750-common:vendor/bin/qrtr-cfg	vendor/bin/qrtr-cfg
vendor/bin/qrtr-lookup	selected-present	sm8750-common:vendor/bin/qrtr-lookup	vendor/bin/qrtr-lookup
vendor/bin/qrtr-ns	selected-present	sm8750-common:vendor/bin/qrtr-ns	vendor/bin/qrtr-ns
vendor/bin/qsap_dcfd	selected-present	piano:vendor/bin/qsap_dcfd	vendor/bin/qsap_dcfd
vendor/bin/qsap_qapeservice	selected-present	sm8750-common:vendor/bin/qsap_qapeservice	vendor/bin/qsap_qapeservice
vendor/bin/qsap_sensors	selected-present	piano:vendor/bin/qsap_sensors	vendor/bin/qsap_sensors
vendor/bin/qsap_voiceui	unselected-review		
vendor/bin/qseecomd	selected-present	sm8750-common:vendor/bin/qseecomd	vendor/bin/qseecomd
vendor/bin/qsh_wifi_test	unselected-review		
vendor/bin/qt-service	unselected-review		
vendor/bin/qti	selected-present	sm8750-common:vendor/bin/qti	vendor/bin/qti
vendor/bin/qtigetprop	selected-present	sm8750-common:vendor/bin/qtigetprop	vendor/bin/qtigetprop
vendor/bin/qtisetprop	selected-present	sm8750-common:vendor/bin/qtisetprop	vendor/bin/qtisetprop
vendor/bin/qttestclient	unselected-review		
vendor/bin/qttestservice	unselected-review		
vendor/bin/qvrcameratest	selected-present	sm8750-common:vendor/bin/qvrcameratest	vendor/bin/qvrcameratest
vendor/bin/qvrdatacapture	selected-present	sm8750-common:vendor/bin/qvrdatacapture	vendor/bin/qvrdatacapture
vendor/bin/qvrdatalogger	selected-present	sm8750-common:vendor/bin/qvrdatalogger	vendor/bin/qvrdatalogger
vendor/bin/qvrservicetest	selected-present	sm8750-common:vendor/bin/qvrservicetest	vendor/bin/qvrservicetest
vendor/bin/qwes_cli	unselected-review		
vendor/bin/qwesd	selected-present	sm8750-common:vendor/bin/qwesd	vendor/bin/qwesd
vendor/bin/readelf	unselected-review		vendor/bin/readelf
vendor/bin/readlink	unselected-review		vendor/bin/readlink
vendor/bin/realpath	unselected-review		vendor/bin/realpath
vendor/bin/renice	unselected-review		vendor/bin/renice
vendor/bin/restorecon	unselected-review		vendor/bin/restorecon
vendor/bin/rm	source-reference-review		vendor/bin/rm
vendor/bin/rmdir	unselected-review		vendor/bin/rmdir
vendor/bin/rmmod	unselected-review		vendor/bin/rmmod
vendor/bin/rmt_storage	selected-present	sm8750-common:vendor/bin/rmt_storage	vendor/bin/rmt_storage
vendor/bin/rpmbClient	unselected-review		
vendor/bin/rtcwake	unselected-review		vendor/bin/rtcwake
vendor/bin/runcon	unselected-review		vendor/bin/runcon
vendor/bin/sec_log_enabler	unselected-review		
vendor/bin/sed	source-reference-review		vendor/bin/sed
vendor/bin/sendevent	unselected-review		vendor/bin/sendevent
vendor/bin/sensors.qti	selected-present	sm8750-common:vendor/bin/sensors.qti	vendor/bin/sensors.qti
vendor/bin/seq	unselected-review		vendor/bin/seq
vendor/bin/set_diag_state	unselected-review		
vendor/bin/setenforce	unselected-review		vendor/bin/setenforce
vendor/bin/setfattr	unselected-review		vendor/bin/setfattr
vendor/bin/setprop	unselected-review		vendor/bin/setprop
vendor/bin/setsid	unselected-review		vendor/bin/setsid
vendor/bin/sg_write_buffer	unselected-review		
vendor/bin/sh	source-reference-review		vendor/bin/sh
vendor/bin/sha1sum	unselected-review		vendor/bin/sha1sum
vendor/bin/sha224sum	unselected-review		vendor/bin/sha224sum
vendor/bin/sha256sum	unselected-review		vendor/bin/sha256sum
vendor/bin/sha384sum	unselected-review		vendor/bin/sha384sum
vendor/bin/sha512sum	unselected-review		vendor/bin/sha512sum
vendor/bin/show_reserved_mem	unselected-review		
vendor/bin/shsusrd	selected-present	sm8750-common:vendor/bin/shsusrd	vendor/bin/shsusrd
vendor/bin/sigma_dut	unselected-review		
vendor/bin/slad	selected-present	sm8750-common:vendor/bin/slad	vendor/bin/slad
vendor/bin/sleep	unselected-review		vendor/bin/sleep
vendor/bin/slim_daemon	selected-present	sm8750-common:vendor/bin/slim_daemon	vendor/bin/slim_daemon
vendor/bin/smcinvoke_example	unselected-review		
vendor/bin/smcinvoke_skeleton	unselected-review		
vendor/bin/smcinvoke_skeleton_cpp	unselected-review		
vendor/bin/snapdragon_services	selected-present	sm8750-common:vendor/bin/snapdragon_services	vendor/bin/snapdragon_services
vendor/bin/sort	unselected-review		vendor/bin/sort
vendor/bin/spectraltool	unselected-review		
vendor/bin/split	source-reference-review		vendor/bin/split
vendor/bin/sscrpcd	selected-present	sm8750-common:vendor/bin/sscrpcd	vendor/bin/sscrpcd
vendor/bin/ssgqmigd64	selected-present	sm8750-common:vendor/bin/ssgqmigd64	vendor/bin/ssgqmigd64
vendor/bin/ssgtzd	selected-present	sm8750-common:vendor/bin/ssgtzd	vendor/bin/ssgtzd
vendor/bin/ssr_diag	selected-present	sm8750-common:vendor/bin/ssr_diag	vendor/bin/ssr_diag
vendor/bin/ssr_setup	selected-present	sm8750-common:vendor/bin/ssr_setup	vendor/bin/ssr_setup
vendor/bin/start	source-reference-review		vendor/bin/start
vendor/bin/stat	source-reference-review		vendor/bin/stat
vendor/bin/stop	unselected-review		vendor/bin/stop
vendor/bin/strings	unselected-review		vendor/bin/strings
vendor/bin/stty	unselected-review		vendor/bin/stty
vendor/bin/subsystem_ramdump	selected-present	sm8750-common:vendor/bin/subsystem_ramdump	vendor/bin/subsystem_ramdump
vendor/bin/swapoff	unselected-review		vendor/bin/swapoff
vendor/bin/swapon	unselected-review		vendor/bin/swapon
vendor/bin/sxrservicetest	unselected-review		
vendor/bin/sync	unselected-review		vendor/bin/sync
vendor/bin/sysctl	unselected-review		vendor/bin/sysctl
vendor/bin/system_dlkm_modprobe.sh	selected-present	sm8750-common:vendor/bin/system_dlkm_modprobe.sh	vendor/bin/system_dlkm_modprobe.sh
vendor/bin/tac	source-reference-review		vendor/bin/tac
vendor/bin/tail	unselected-review		vendor/bin/tail
vendor/bin/tar	source-reference-review		vendor/bin/tar
vendor/bin/taskset	unselected-review		vendor/bin/taskset
vendor/bin/tcpdump	unselected-review		
vendor/bin/tee	unselected-review		vendor/bin/tee
vendor/bin/test	source-reference-review		vendor/bin/test
vendor/bin/test_diag	unselected-review		
vendor/bin/tftp_server	selected-present	sm8750-common:vendor/bin/tftp_server	vendor/bin/tftp_server
vendor/bin/thermal-engine-v2	selected-present	sm8750-common:vendor/bin/thermal-engine-v2	vendor/bin/thermal-engine-v2
vendor/bin/time	source-reference-review		vendor/bin/time
vendor/bin/time_daemon	selected-present	sm8750-common:vendor/bin/time_daemon	vendor/bin/time_daemon
vendor/bin/timeout	unselected-review		vendor/bin/timeout
vendor/bin/toolbox	source-reference-review		vendor/bin/toolbox
vendor/bin/top	source-reference-review		vendor/bin/top
vendor/bin/touch	source-reference-review		vendor/bin/touch
vendor/bin/toybox_vendor	source-reference-review		vendor/bin/toybox_vendor
vendor/bin/tr	source-reference-review		vendor/bin/tr
vendor/bin/true	source-reference-review		vendor/bin/true
vendor/bin/truncate	unselected-review		vendor/bin/truncate
vendor/bin/trusteduilistener	selected-present	sm8750-common:vendor/bin/trusteduilistener	vendor/bin/trusteduilistener
vendor/bin/tty	unselected-review		vendor/bin/tty
vendor/bin/ubwcconvert	selected-present	sm8750-common:vendor/bin/ubwcconvert	vendor/bin/ubwcconvert
vendor/bin/ubwcp_test64	unselected-review		
vendor/bin/uclampset	unselected-review		vendor/bin/uclampset
vendor/bin/ufs_ffu.sh	unselected-review		
vendor/bin/ufs_utils	unselected-review		
vendor/bin/ulimit	unselected-review		vendor/bin/ulimit
vendor/bin/umount	unselected-review		vendor/bin/umount
vendor/bin/uname	unselected-review		vendor/bin/uname
vendor/bin/uniq	unselected-review		vendor/bin/uniq
vendor/bin/unix2dos	unselected-review		vendor/bin/unix2dos
vendor/bin/unlink	unselected-review		vendor/bin/unlink
vendor/bin/unshare	unselected-review		vendor/bin/unshare
vendor/bin/uptime	unselected-review		vendor/bin/uptime
vendor/bin/usleep	unselected-review		vendor/bin/usleep
vendor/bin/uudecode	unselected-review		vendor/bin/uudecode
vendor/bin/uuencode	unselected-review		vendor/bin/uuencode
vendor/bin/uuidgen	unselected-review		vendor/bin/uuidgen
vendor/bin/vendor.dpmd	selected-present	sm8750-common:vendor/bin/vendor.dpmd	vendor/bin/vendor.dpmd
vendor/bin/vendor.qti.diag.sh	unselected-review		
vendor/bin/vendor.qti.hardware.soter-provision	selected-present	sm8750-common:vendor/bin/vendor.qti.hardware.soter-provision	vendor/bin/vendor.qti.hardware.soter-provision
vendor/bin/vendor.qti.qspa-service	selected-present	sm8750-common:vendor/bin/vendor.qti.qspa-service	vendor/bin/vendor.qti.qspa-service
vendor/bin/vendor.qti.qspmhal-service	selected-present	sm8750-common:vendor/bin/vendor.qti.qspmhal-service	vendor/bin/vendor.qti.qspmhal-service
vendor/bin/vendor.qti.syshealthmon-service	selected-present	sm8750-common:vendor/bin/vendor.qti.syshealthmon-service	vendor/bin/vendor.qti.syshealthmon-service
vendor/bin/vendor_cmd_tool	unselected-review		
vendor/bin/vendor_modprobe.sh	selected-present	sm8750-common:vendor/bin/vendor_modprobe.sh	vendor/bin/vendor_modprobe.sh
vendor/bin/vi	source-reference-review		vendor/bin/vi
vendor/bin/vmmgr	selected-present	sm8750-common:vendor/bin/vmmgr	vendor/bin/vmmgr
vendor/bin/vmstat	unselected-review		vendor/bin/vmstat
vendor/bin/vndservice	source-reference-review		vendor/bin/vndservice
vendor/bin/vndservicemanager	source-reference-review		vendor/bin/vndservicemanager
vendor/bin/vppcommonlibraryunittest	unselected-review		
vendor/bin/vpplibraryfunctionaltest	unselected-review		
vendor/bin/vpplibraryunittest	unselected-review		
vendor/bin/vppservice	selected-present	sm8750-common:vendor/bin/vppservice	vendor/bin/vppservice
vendor/bin/vppserviceunittest	unselected-review		
vendor/bin/wallpapercolor	unselected-review		
vendor/bin/watch	unselected-review		vendor/bin/watch
vendor/bin/wc	source-reference-review		vendor/bin/wc
vendor/bin/wdsdaemon	unselected-review		
vendor/bin/wfdhdcphalservice	selected-present	sm8750-common:vendor/bin/wfdhdcphalservice	vendor/bin/wfdhdcphalservice
vendor/bin/wfdvndservice	selected-present	sm8750-common:vendor/bin/wfdvndservice	vendor/bin/wfdvndservice
vendor/bin/which	source-reference-review		vendor/bin/which
vendor/bin/whoami	unselected-review		vendor/bin/whoami
vendor/bin/wifidisplayhalservice	selected-present	sm8750-common:vendor/bin/wifidisplayhalservice	vendor/bin/wifidisplayhalservice
vendor/bin/wifilearner	unselected-review		
vendor/bin/wlanramdumpcollector	unselected-review		
vendor/bin/wpa_cli	source-reference-review		vendor/bin/wpa_cli
vendor/bin/xargs	unselected-review		vendor/bin/xargs
vendor/bin/xiaomi_cellinfo_test	unselected-review		
vendor/bin/xiaomi_extend_cmd	unselected-review		
vendor/bin/xtwifi-client	selected-present	sm8750-common:vendor/bin/xtwifi-client	vendor/bin/xtwifi-client
vendor/bin/xxd	unselected-review		vendor/bin/xxd
vendor/bin/yes	unselected-review		vendor/bin/yes
vendor/bin/zcat	unselected-review		vendor/bin/zcat
vendor/build.prop	source-reference-review		vendor/build.prop
vendor/data/model/seg_quantized.serialized.8750.pertensor_512_cls3r.bin	unselected-review		
vendor/etc/1-SN1X0_SPC.txt	selected-present	sm8750-common:vendor/etc/1-SN1X0_SPC.txt	vendor/etc/1-SN1X0_SPC.txt
vendor/etc/ASR_binary/Whisper/libQnnHtpV79Skel.so	unselected-review		
vendor/etc/ASR_binary/Whisper/speech_float.eai	unselected-review		
vendor/etc/HapticsPolicy.xml	unselected-review		
vendor/etc/Hapticsconfig.xml	selected-present	sm8750-common:vendor/etc/Hapticsconfig.xml	vendor/etc/Hapticsconfig.xml
vendor/etc/IPACM_Filter_cfg.xml	source-reference-review		vendor/etc/IPACM_Filter_cfg.xml
vendor/etc/IPACM_cfg.xml	source-reference-review		vendor/etc/IPACM_cfg.xml
vendor/etc/ITVDD.txt	unselected-review		
vendor/etc/NOTICE.xml.gz	unselected-review		vendor/etc/NOTICE.xml.gz
vendor/etc/NOTICE_GPL.html.gz	unselected-review		
vendor/etc/a2dp_audio_policy_configuration.xml	unselected-review		
vendor/etc/acdbdata/IDP_UPD/IDP_UPD_acdb_cal.acdb	selected-present	sm8750-common:vendor/etc/acdbdata/IDP_UPD/IDP_UPD_acdb_cal.acdb	vendor/etc/acdbdata/IDP_UPD/IDP_UPD_acdb_cal.acdb
vendor/etc/acdbdata/IDP_UPD/IDP_UPD_workspaceFileXml.qwsp	selected-present	sm8750-common:vendor/etc/acdbdata/IDP_UPD/IDP_UPD_workspaceFileXml.qwsp	vendor/etc/acdbdata/IDP_UPD/IDP_UPD_workspaceFileXml.qwsp
vendor/etc/acdbdata/ffv_models/ffv__5.0.2_0.1__eai_4.8_enpu_v5.pmd	selected-present	sm8750-common:vendor/etc/acdbdata/ffv_models/ffv__5.0.2_0.1__eai_4.8_enpu_v5.pmd	vendor/etc/acdbdata/ffv_models/ffv__5.0.2_0.1__eai_4.8_enpu_v5.pmd
vendor/etc/acdbdata/ffv_models/ffv__7.1.1_0.1__eai_4.8_enpu_v5.pmd	selected-present	sm8750-common:vendor/etc/acdbdata/ffv_models/ffv__7.1.1_0.1__eai_4.8_enpu_v5.pmd	vendor/etc/acdbdata/ffv_models/ffv__7.1.1_0.1__eai_4.8_enpu_v5.pmd
vendor/etc/acdbdata/ffv_models/ffv__7.1.1_0.2__eai_4.8_enpu_v5.pmd	selected-present	sm8750-common:vendor/etc/acdbdata/ffv_models/ffv__7.1.1_0.2__eai_4.8_enpu_v5.pmd	vendor/etc/acdbdata/ffv_models/ffv__7.1.1_0.2__eai_4.8_enpu_v5.pmd
vendor/etc/acdbdata/ffv_models/hk01b_relu_eAI_4.6_eNPU_V5_adsp_i.pmd	selected-present	sm8750-common:vendor/etc/acdbdata/ffv_models/hk01b_relu_eAI_4.6_eNPU_V5_adsp_i.pmd	vendor/etc/acdbdata/ffv_models/hk01b_relu_eAI_4.6_eNPU_V5_adsp_i.pmd
vendor/etc/acdbdata/haptics_data/click.pcm	selected-present	sm8750-common:vendor/etc/acdbdata/haptics_data/click.pcm	vendor/etc/acdbdata/haptics_data/click.pcm
vendor/etc/acdbdata/haptics_data/double_click.pcm	selected-present	sm8750-common:vendor/etc/acdbdata/haptics_data/double_click.pcm	vendor/etc/acdbdata/haptics_data/double_click.pcm
vendor/etc/acdbdata/haptics_data/heavy_click.pcm	selected-present	sm8750-common:vendor/etc/acdbdata/haptics_data/heavy_click.pcm	vendor/etc/acdbdata/haptics_data/heavy_click.pcm
vendor/etc/acdbdata/haptics_data/pop.pcm	selected-present	sm8750-common:vendor/etc/acdbdata/haptics_data/pop.pcm	vendor/etc/acdbdata/haptics_data/pop.pcm
vendor/etc/acdbdata/haptics_data/reserved_1.pcm	selected-present	sm8750-common:vendor/etc/acdbdata/haptics_data/reserved_1.pcm	vendor/etc/acdbdata/haptics_data/reserved_1.pcm
vendor/etc/acdbdata/haptics_data/reserved_2.pcm	selected-present	sm8750-common:vendor/etc/acdbdata/haptics_data/reserved_2.pcm	vendor/etc/acdbdata/haptics_data/reserved_2.pcm
vendor/etc/acdbdata/haptics_data/reserved_3.pcm	selected-present	sm8750-common:vendor/etc/acdbdata/haptics_data/reserved_3.pcm	vendor/etc/acdbdata/haptics_data/reserved_3.pcm
vendor/etc/acdbdata/haptics_data/reserved_4.pcm	selected-present	sm8750-common:vendor/etc/acdbdata/haptics_data/reserved_4.pcm	vendor/etc/acdbdata/haptics_data/reserved_4.pcm
vendor/etc/acdbdata/haptics_data/reserved_5.pcm	selected-present	sm8750-common:vendor/etc/acdbdata/haptics_data/reserved_5.pcm	vendor/etc/acdbdata/haptics_data/reserved_5.pcm
vendor/etc/acdbdata/haptics_data/reserved_6.pcm	selected-present	sm8750-common:vendor/etc/acdbdata/haptics_data/reserved_6.pcm	vendor/etc/acdbdata/haptics_data/reserved_6.pcm
vendor/etc/acdbdata/haptics_data/reserved_7.pcm	selected-present	sm8750-common:vendor/etc/acdbdata/haptics_data/reserved_7.pcm	vendor/etc/acdbdata/haptics_data/reserved_7.pcm
vendor/etc/acdbdata/haptics_data/reserved_8.pcm	selected-present	sm8750-common:vendor/etc/acdbdata/haptics_data/reserved_8.pcm	vendor/etc/acdbdata/haptics_data/reserved_8.pcm
vendor/etc/acdbdata/haptics_data/texture_tick.pcm	selected-present	sm8750-common:vendor/etc/acdbdata/haptics_data/texture_tick.pcm	vendor/etc/acdbdata/haptics_data/texture_tick.pcm
vendor/etc/acdbdata/haptics_data/thud.pcm	selected-present	sm8750-common:vendor/etc/acdbdata/haptics_data/thud.pcm	vendor/etc/acdbdata/haptics_data/thud.pcm
vendor/etc/acdbdata/haptics_data/tick.pcm	selected-present	sm8750-common:vendor/etc/acdbdata/haptics_data/tick.pcm	vendor/etc/acdbdata/haptics_data/tick.pcm
vendor/etc/acdbdata/kera_cdp/CDP_kera_acdb_cal.acdb	unselected-review		
vendor/etc/acdbdata/kera_cdp/CDP_kera_workspaceFileXml.qwsp	unselected-review		
vendor/etc/acdbdata/kera_mtp/MTP_kera_acdb_cal.acdb	unselected-review		
vendor/etc/acdbdata/kera_mtp/MTP_kera_workspaceFileXml.qwsp	unselected-review		
vendor/etc/acdbdata/kera_qrd/QRD_kera_acdb_cal.acdb	unselected-review		
vendor/etc/acdbdata/kera_qrd/QRD_kera_workspaceFileXml.qwsp	unselected-review		
vendor/etc/acdbdata/nn_ns_models/fai__15.1.1.2_0.0__3.0.0_0.0__3.1.2_0.0__3.2.0_0.1__11.6.0_1.0__eai_4.6.0_enpuv5.pmd	selected-present	sm8750-common:vendor/etc/acdbdata/nn_ns_models/fai__15.1.1.2_0.0__3.0.0_0.0__3.1.2_0.0__3.2.0_0.1__11.6.0_1.0__eai_4.6.0_enpuv5.pmd	vendor/etc/acdbdata/nn_ns_models/fai__15.1.1.2_0.0__3.0.0_0.0__3.1.2_0.0__3.2.0_0.1__11.6.0_1.0__eai_4.6.0_enpuv5.pmd
vendor/etc/acdbdata/nn_ns_models/fai__15.1.1.2_0.0__3.0.0_0.0__3.1.2_0.0__3.2.0_0.1__eai_4.6.0_enpuv5.pmd	selected-present	sm8750-common:vendor/etc/acdbdata/nn_ns_models/fai__15.1.1.2_0.0__3.0.0_0.0__3.1.2_0.0__3.2.0_0.1__eai_4.6.0_enpuv5.pmd	vendor/etc/acdbdata/nn_ns_models/fai__15.1.1.2_0.0__3.0.0_0.0__3.1.2_0.0__3.2.0_0.1__eai_4.6.0_enpuv5.pmd
vendor/etc/acdbdata/nn_ns_models/fai__2.0.0_0.1__3.0.0_0.0__3.1.0_0.0__3.2.0_0.0__eai_2.7_enpu3.pmd	selected-present	sm8750-common:vendor/etc/acdbdata/nn_ns_models/fai__2.0.0_0.1__3.0.0_0.0__3.1.0_0.0__3.2.0_0.0__eai_2.7_enpu3.pmd	vendor/etc/acdbdata/nn_ns_models/fai__2.0.0_0.1__3.0.0_0.0__3.1.0_0.0__3.2.0_0.0__eai_2.7_enpu3.pmd
vendor/etc/acdbdata/nn_ns_models/fai__2.0.0_0.1__3.0.0_0.0__eai_1.36_enpu2.pmd	selected-present	sm8750-common:vendor/etc/acdbdata/nn_ns_models/fai__2.0.0_0.1__3.0.0_0.0__eai_1.36_enpu2.pmd	vendor/etc/acdbdata/nn_ns_models/fai__2.0.0_0.1__3.0.0_0.0__eai_1.36_enpu2.pmd
vendor/etc/acdbdata/nn_ns_models/fai__2.3.0_0.1__3.0.0_0.0__eai_1.10.pmd	selected-present	sm8750-common:vendor/etc/acdbdata/nn_ns_models/fai__2.3.0_0.1__3.0.0_0.0__eai_1.10.pmd	vendor/etc/acdbdata/nn_ns_models/fai__2.3.0_0.1__3.0.0_0.0__eai_1.10.pmd
vendor/etc/acdbdata/nn_ns_models/fai__2.3.0_0.1__3.0.0_0.0__eai_1.36_enpu2_comp.pmd	selected-present	sm8750-common:vendor/etc/acdbdata/nn_ns_models/fai__2.3.0_0.1__3.0.0_0.0__eai_1.36_enpu2_comp.pmd	vendor/etc/acdbdata/nn_ns_models/fai__2.3.0_0.1__3.0.0_0.0__eai_1.36_enpu2_comp.pmd
vendor/etc/acdbdata/nn_ns_models/fai__2.6.3_0.0__3.0.0_0.0__3.1.1.0_0.0__3.2.0_0.0__eai_2.7_enpu_v3.pmd	selected-present	sm8750-common:vendor/etc/acdbdata/nn_ns_models/fai__2.6.3_0.0__3.0.0_0.0__3.1.1.0_0.0__3.2.0_0.0__eai_2.7_enpu_v3.pmd	vendor/etc/acdbdata/nn_ns_models/fai__2.6.3_0.0__3.0.0_0.0__3.1.1.0_0.0__3.2.0_0.0__eai_2.7_enpu_v3.pmd
vendor/etc/acdbdata/nn_ns_models/fai__2.6.3_0.0__3.0.0_0.0__3.1.1_0.0__3.2.0_0.1__eai_3.0_enpuv4.pmd	selected-present	sm8750-common:vendor/etc/acdbdata/nn_ns_models/fai__2.6.3_0.0__3.0.0_0.0__3.1.1_0.0__3.2.0_0.1__eai_3.0_enpuv4.pmd	vendor/etc/acdbdata/nn_ns_models/fai__2.6.3_0.0__3.0.0_0.0__3.1.1_0.0__3.2.0_0.1__eai_3.0_enpuv4.pmd
vendor/etc/acdbdata/nn_ns_models/fai__2.6.5_0.0__3.0.0_0.0__3.1.0_0.0__3.2.0_0.0__eai_2.10_enpuv3.pmd	selected-present	sm8750-common:vendor/etc/acdbdata/nn_ns_models/fai__2.6.5_0.0__3.0.0_0.0__3.1.0_0.0__3.2.0_0.0__eai_2.10_enpuv3.pmd	vendor/etc/acdbdata/nn_ns_models/fai__2.6.5_0.0__3.0.0_0.0__3.1.0_0.0__3.2.0_0.0__eai_2.10_enpuv3.pmd
vendor/etc/acdbdata/nn_ns_models/fai__2.7.20_0.0__3.0.0_0.0__eai_1.36_enpu2.pmd	selected-present	sm8750-common:vendor/etc/acdbdata/nn_ns_models/fai__2.7.20_0.0__3.0.0_0.0__eai_1.36_enpu2.pmd	vendor/etc/acdbdata/nn_ns_models/fai__2.7.20_0.0__3.0.0_0.0__eai_1.36_enpu2.pmd
vendor/etc/acdbdata/nn_ns_models/fai__2.7.2_0.0__3.0.0_0.0__3.1.1_0.0__3.2.0_0.1__eai_3.4_enpuv4.pmd	selected-present	sm8750-common:vendor/etc/acdbdata/nn_ns_models/fai__2.7.2_0.0__3.0.0_0.0__3.1.1_0.0__3.2.0_0.1__eai_3.4_enpuv4.pmd	vendor/etc/acdbdata/nn_ns_models/fai__2.7.2_0.0__3.0.0_0.0__3.1.1_0.0__3.2.0_0.1__eai_3.4_enpuv4.pmd
vendor/etc/acdbdata/nn_ns_models/fai__2.7.2_0.0__3.0.0_0.0__3.1.2_0.0__3.2.0_0.1__eai_4.2_enpuv5.pmd	selected-present	sm8750-common:vendor/etc/acdbdata/nn_ns_models/fai__2.7.2_0.0__3.0.0_0.0__3.1.2_0.0__3.2.0_0.1__eai_4.2_enpuv5.pmd	vendor/etc/acdbdata/nn_ns_models/fai__2.7.2_0.0__3.0.0_0.0__3.1.2_0.0__3.2.0_0.1__eai_4.2_enpuv5.pmd
vendor/etc/acdbdata/nn_ns_models/fai__2.7.2_0.0__3.0.0_0.0__3.1.2_0.0__3.2.0_0.1__eai_4.6_enpuv5.pmd	selected-present	sm8750-common:vendor/etc/acdbdata/nn_ns_models/fai__2.7.2_0.0__3.0.0_0.0__3.1.2_0.0__3.2.0_0.1__eai_4.6_enpuv5.pmd	vendor/etc/acdbdata/nn_ns_models/fai__2.7.2_0.0__3.0.0_0.0__3.1.2_0.0__3.2.0_0.1__eai_4.6_enpuv5.pmd
vendor/etc/acdbdata/nn_ns_models/fai__2.7.2_0.0__3.0.0_0.0__eai_1.36_enpu2.pmd	selected-present	sm8750-common:vendor/etc/acdbdata/nn_ns_models/fai__2.7.2_0.0__3.0.0_0.0__eai_1.36_enpu2.pmd	vendor/etc/acdbdata/nn_ns_models/fai__2.7.2_0.0__3.0.0_0.0__eai_1.36_enpu2.pmd
vendor/etc/acdbdata/nn_ns_models/fai__2.7.5_0.0__3.0.0_0.0__3.1.1.0_0.0__3.2.0_0.0__eai_2.7_enpu_v3.pmd	selected-present	sm8750-common:vendor/etc/acdbdata/nn_ns_models/fai__2.7.5_0.0__3.0.0_0.0__3.1.1.0_0.0__3.2.0_0.0__eai_2.7_enpu_v3.pmd	vendor/etc/acdbdata/nn_ns_models/fai__2.7.5_0.0__3.0.0_0.0__3.1.1.0_0.0__3.2.0_0.0__eai_2.7_enpu_v3.pmd
vendor/etc/acdbdata/nn_ns_models/fai__2.7.5_0.0__3.0.0_0.0__3.1.1_0.0__3.2.0_0.1__eai_3.0_enpuv4.pmd	selected-present	sm8750-common:vendor/etc/acdbdata/nn_ns_models/fai__2.7.5_0.0__3.0.0_0.0__3.1.1_0.0__3.2.0_0.1__eai_3.0_enpuv4.pmd	vendor/etc/acdbdata/nn_ns_models/fai__2.7.5_0.0__3.0.0_0.0__3.1.1_0.0__3.2.0_0.1__eai_3.0_enpuv4.pmd
vendor/etc/acdbdata/nn_ns_models/fai__2.7.6_0.0__3.0.0_0.0__3.1.1_0.0__3.2.0_0.1__eai_3.4_enpuv4.pmd	selected-present	sm8750-common:vendor/etc/acdbdata/nn_ns_models/fai__2.7.6_0.0__3.0.0_0.0__3.1.1_0.0__3.2.0_0.1__eai_3.4_enpuv4.pmd	vendor/etc/acdbdata/nn_ns_models/fai__2.7.6_0.0__3.0.0_0.0__3.1.1_0.0__3.2.0_0.1__eai_3.4_enpuv4.pmd
vendor/etc/acdbdata/nn_ns_models/fai__2.7.7_0.0__3.0.0_0.0__3.1.1_0.0__3.2.0_0.1__eai_3.4_enpuv4.pmd	selected-present	sm8750-common:vendor/etc/acdbdata/nn_ns_models/fai__2.7.7_0.0__3.0.0_0.0__3.1.1_0.0__3.2.0_0.1__eai_3.4_enpuv4.pmd	vendor/etc/acdbdata/nn_ns_models/fai__2.7.7_0.0__3.0.0_0.0__3.1.1_0.0__3.2.0_0.1__eai_3.4_enpuv4.pmd
vendor/etc/acdbdata/nn_ns_models/fai__2.7.8_0.0__3.0.0_0.0__3.1.0_0.0__3.2.0_0.0__eai_2.10_enpuv3.pmd	selected-present	sm8750-common:vendor/etc/acdbdata/nn_ns_models/fai__2.7.8_0.0__3.0.0_0.0__3.1.0_0.0__3.2.0_0.0__eai_2.10_enpuv3.pmd	vendor/etc/acdbdata/nn_ns_models/fai__2.7.8_0.0__3.0.0_0.0__3.1.0_0.0__3.2.0_0.0__eai_2.10_enpuv3.pmd
vendor/etc/acdbdata/nn_ns_models/fai__2.7.8_0.0__3.0.0_0.0__3.1.1_0.0__3.2.0_0.1__eai_3.0_enpuv4.pmd	selected-present	sm8750-common:vendor/etc/acdbdata/nn_ns_models/fai__2.7.8_0.0__3.0.0_0.0__3.1.1_0.0__3.2.0_0.1__eai_3.0_enpuv4.pmd	vendor/etc/acdbdata/nn_ns_models/fai__2.7.8_0.0__3.0.0_0.0__3.1.1_0.0__3.2.0_0.1__eai_3.0_enpuv4.pmd
vendor/etc/acdbdata/nn_ns_models/fai__2.9.0_1.0__3.0.0_0.0__3.1.1_0.0__3.2.0_0.1__eai_3.4_enpuv4.pmd	selected-present	sm8750-common:vendor/etc/acdbdata/nn_ns_models/fai__2.9.0_1.0__3.0.0_0.0__3.1.1_0.0__3.2.0_0.1__eai_3.4_enpuv4.pmd	vendor/etc/acdbdata/nn_ns_models/fai__2.9.0_1.0__3.0.0_0.0__3.1.1_0.0__3.2.0_0.1__eai_3.4_enpuv4.pmd
vendor/etc/acdbdata/nn_ns_models/fai__2.9.0_1.0__3.0.0_0.0__3.1.2_0.0__3.2.0_0.1__eai_4.2_enpuv5.pmd	selected-present	sm8750-common:vendor/etc/acdbdata/nn_ns_models/fai__2.9.0_1.0__3.0.0_0.0__3.1.2_0.0__3.2.0_0.1__eai_4.2_enpuv5.pmd	vendor/etc/acdbdata/nn_ns_models/fai__2.9.0_1.0__3.0.0_0.0__3.1.2_0.0__3.2.0_0.1__eai_4.2_enpuv5.pmd
vendor/etc/acdbdata/nn_ns_models/fai__2.9.0_1.0__3.0.0_0.0__3.1.2_0.0__3.2.0_0.1__eai_4.6_enpuv5.pmd	selected-present	sm8750-common:vendor/etc/acdbdata/nn_ns_models/fai__2.9.0_1.0__3.0.0_0.0__3.1.2_0.0__3.2.0_0.1__eai_4.6_enpuv5.pmd	vendor/etc/acdbdata/nn_ns_models/fai__2.9.0_1.0__3.0.0_0.0__3.1.2_0.0__3.2.0_0.1__eai_4.6_enpuv5.pmd
vendor/etc/acdbdata/nn_ns_models/fai__2.9.2_0.0__3.0.0_0.0__3.1.1_0.0__3.2.0_0.1__eai_3.4_enpuv4.pmd	selected-present	sm8750-common:vendor/etc/acdbdata/nn_ns_models/fai__2.9.2_0.0__3.0.0_0.0__3.1.1_0.0__3.2.0_0.1__eai_3.4_enpuv4.pmd	vendor/etc/acdbdata/nn_ns_models/fai__2.9.2_0.0__3.0.0_0.0__3.1.1_0.0__3.2.0_0.1__eai_3.4_enpuv4.pmd
vendor/etc/acdbdata/nn_ns_models/fai__2.9.2_1.0__3.0.0_0.0__3.1.1_0.0__3.2.0_0.0__eai_3.4_enpuv4.pmd	selected-present	sm8750-common:vendor/etc/acdbdata/nn_ns_models/fai__2.9.2_1.0__3.0.0_0.0__3.1.1_0.0__3.2.0_0.0__eai_3.4_enpuv4.pmd	vendor/etc/acdbdata/nn_ns_models/fai__2.9.2_1.0__3.0.0_0.0__3.1.1_0.0__3.2.0_0.0__eai_3.4_enpuv4.pmd
vendor/etc/acdbdata/nn_ns_models/fai__2.9.2_1.0__3.0.0_0.0__3.1.2_0.0__3.2.0_0.1__eai_4.2_enpuv5.pmd	selected-present	sm8750-common:vendor/etc/acdbdata/nn_ns_models/fai__2.9.2_1.0__3.0.0_0.0__3.1.2_0.0__3.2.0_0.1__eai_4.2_enpuv5.pmd	vendor/etc/acdbdata/nn_ns_models/fai__2.9.2_1.0__3.0.0_0.0__3.1.2_0.0__3.2.0_0.1__eai_4.2_enpuv5.pmd
vendor/etc/acdbdata/nn_ns_models/fai__2.9.2_1.0__3.0.0_0.0__3.1.2_0.0__3.2.0_0.1__eai_4.6_enpuv5.pmd	selected-present	sm8750-common:vendor/etc/acdbdata/nn_ns_models/fai__2.9.2_1.0__3.0.0_0.0__3.1.2_0.0__3.2.0_0.1__eai_4.6_enpuv5.pmd	vendor/etc/acdbdata/nn_ns_models/fai__2.9.2_1.0__3.0.0_0.0__3.1.2_0.0__3.2.0_0.1__eai_4.6_enpuv5.pmd
vendor/etc/acdbdata/nn_ns_models/fai__4.40.1.1_0.0__3.0.0_0.0__3.1.2_0.0__3.2.0_0.1__11.6.0_0.0__eai_4.6.0_enpuv5.pmd	selected-present	sm8750-common:vendor/etc/acdbdata/nn_ns_models/fai__4.40.1.1_0.0__3.0.0_0.0__3.1.2_0.0__3.2.0_0.1__11.6.0_0.0__eai_4.6.0_enpuv5.pmd	vendor/etc/acdbdata/nn_ns_models/fai__4.40.1.1_0.0__3.0.0_0.0__3.1.2_0.0__3.2.0_0.1__11.6.0_0.0__eai_4.6.0_enpuv5.pmd
vendor/etc/acdbdata/nn_ns_models/fai__4.40.1.1_0.0__3.0.0_0.0__3.1.2_0.0__3.2.0_0.1__eai_4.6.0_enpuv5.pmd	selected-present	sm8750-common:vendor/etc/acdbdata/nn_ns_models/fai__4.40.1.1_0.0__3.0.0_0.0__3.1.2_0.0__3.2.0_0.1__eai_4.6.0_enpuv5.pmd	vendor/etc/acdbdata/nn_ns_models/fai__4.40.1.1_0.0__3.0.0_0.0__3.1.2_0.0__3.2.0_0.1__eai_4.6.0_enpuv5.pmd
vendor/etc/acdbdata/nn_ns_models/fai__4.8.1.53_1.0__3.0.0_0.0__3.1.2_0.0__3.2.0_0.1__eai_4.11.0_enpuv5.pmd	selected-present	sm8750-common:vendor/etc/acdbdata/nn_ns_models/fai__4.8.1.53_1.0__3.0.0_0.0__3.1.2_0.0__3.2.0_0.1__eai_4.11.0_enpuv5.pmd	vendor/etc/acdbdata/nn_ns_models/fai__4.8.1.53_1.0__3.0.0_0.0__3.1.2_0.0__3.2.0_0.1__eai_4.11.0_enpuv5.pmd
vendor/etc/acdbdata/nn_ns_models/fai__4.8.14_1.0__3.0.0_0.0__3.1.2_0.0__3.2.0_0.1__11.6.0_1.0__eai_4.6.0_enpuv5.pmd	selected-present	sm8750-common:vendor/etc/acdbdata/nn_ns_models/fai__4.8.14_1.0__3.0.0_0.0__3.1.2_0.0__3.2.0_0.1__11.6.0_1.0__eai_4.6.0_enpuv5.pmd	vendor/etc/acdbdata/nn_ns_models/fai__4.8.14_1.0__3.0.0_0.0__3.1.2_0.0__3.2.0_0.1__11.6.0_1.0__eai_4.6.0_enpuv5.pmd
vendor/etc/acdbdata/nn_ns_models/fai__4.8.14_1.0__3.0.0_0.0__3.1.2_0.0__3.2.0_0.1__eai_4.6.0_enpuv5.pmd	selected-present	sm8750-common:vendor/etc/acdbdata/nn_ns_models/fai__4.8.14_1.0__3.0.0_0.0__3.1.2_0.0__3.2.0_0.1__eai_4.6.0_enpuv5.pmd	vendor/etc/acdbdata/nn_ns_models/fai__4.8.14_1.0__3.0.0_0.0__3.1.2_0.0__3.2.0_0.1__eai_4.6.0_enpuv5.pmd
vendor/etc/acdbdata/nn_ns_models/fai__4.8.14_2.0__3.0.0_0.0__3.1.2_0.0__3.2.0_0.1__11.0.1.4_2.0__eai_4.6.0_enpuv5.pmd	selected-present	sm8750-common:vendor/etc/acdbdata/nn_ns_models/fai__4.8.14_2.0__3.0.0_0.0__3.1.2_0.0__3.2.0_0.1__11.0.1.4_2.0__eai_4.6.0_enpuv5.pmd	vendor/etc/acdbdata/nn_ns_models/fai__4.8.14_2.0__3.0.0_0.0__3.1.2_0.0__3.2.0_0.1__11.0.1.4_2.0__eai_4.6.0_enpuv5.pmd
vendor/etc/acdbdata/nn_ns_models/fai__4.8.14_2.0__3.0.0_0.0__3.1.2_0.0__3.2.0_0.1__eai_4.6_enpuv5.pmd	selected-present	sm8750-common:vendor/etc/acdbdata/nn_ns_models/fai__4.8.14_2.0__3.0.0_0.0__3.1.2_0.0__3.2.0_0.1__eai_4.6_enpuv5.pmd	vendor/etc/acdbdata/nn_ns_models/fai__4.8.14_2.0__3.0.0_0.0__3.1.2_0.0__3.2.0_0.1__eai_4.6_enpuv5.pmd
vendor/etc/acdbdata/nn_ns_models/fai__4.8.2_0.0__3.0.0_0.0__3.1.1.0_0.0__3.2.0_0.0__eai_2.7_enpu_v3.pmd	selected-present	sm8750-common:vendor/etc/acdbdata/nn_ns_models/fai__4.8.2_0.0__3.0.0_0.0__3.1.1.0_0.0__3.2.0_0.0__eai_2.7_enpu_v3.pmd	vendor/etc/acdbdata/nn_ns_models/fai__4.8.2_0.0__3.0.0_0.0__3.1.1.0_0.0__3.2.0_0.0__eai_2.7_enpu_v3.pmd
vendor/etc/acdbdata/nn_ns_models/fai__4.8.3_0.0__3.0.0_0.0__3.1.0_0.0__3.2.0_0.0__eai_2.10_enpuv3.pmd	selected-present	sm8750-common:vendor/etc/acdbdata/nn_ns_models/fai__4.8.3_0.0__3.0.0_0.0__3.1.0_0.0__3.2.0_0.0__eai_2.10_enpuv3.pmd	vendor/etc/acdbdata/nn_ns_models/fai__4.8.3_0.0__3.0.0_0.0__3.1.0_0.0__3.2.0_0.0__eai_2.10_enpuv3.pmd
vendor/etc/acdbdata/nn_ns_models/fai__4.8.4_0.0__3.0.0_0.0__3.1.1_0.0__3.2.0_0.1__eai_3.0_enpuv4.pmd	selected-present	sm8750-common:vendor/etc/acdbdata/nn_ns_models/fai__4.8.4_0.0__3.0.0_0.0__3.1.1_0.0__3.2.0_0.1__eai_3.0_enpuv4.pmd	vendor/etc/acdbdata/nn_ns_models/fai__4.8.4_0.0__3.0.0_0.0__3.1.1_0.0__3.2.0_0.1__eai_3.0_enpuv4.pmd
vendor/etc/acdbdata/nn_ns_models/fai__4.8.4_0.0__3.0.0_0.0__3.1.1_0.0__3.2.0_0.1__eai_3.4_enpuv4.pmd	selected-present	sm8750-common:vendor/etc/acdbdata/nn_ns_models/fai__4.8.4_0.0__3.0.0_0.0__3.1.1_0.0__3.2.0_0.1__eai_3.4_enpuv4.pmd	vendor/etc/acdbdata/nn_ns_models/fai__4.8.4_0.0__3.0.0_0.0__3.1.1_0.0__3.2.0_0.1__eai_3.4_enpuv4.pmd
vendor/etc/acdbdata/nn_ns_models/fai__4.8.4_0.0__3.0.0_0.0__3.1.2_0.0__3.2.0_0.1__eai_4.2_enpuv5.pmd	selected-present	sm8750-common:vendor/etc/acdbdata/nn_ns_models/fai__4.8.4_0.0__3.0.0_0.0__3.1.2_0.0__3.2.0_0.1__eai_4.2_enpuv5.pmd	vendor/etc/acdbdata/nn_ns_models/fai__4.8.4_0.0__3.0.0_0.0__3.1.2_0.0__3.2.0_0.1__eai_4.2_enpuv5.pmd
vendor/etc/acdbdata/nn_ns_models/fai__4.8.4_0.0__3.0.0_0.0__3.1.2_0.0__3.2.0_0.1__eai_4.6_enpuv5.pmd	selected-present	sm8750-common:vendor/etc/acdbdata/nn_ns_models/fai__4.8.4_0.0__3.0.0_0.0__3.1.2_0.0__3.2.0_0.1__eai_4.6_enpuv5.pmd	vendor/etc/acdbdata/nn_ns_models/fai__4.8.4_0.0__3.0.0_0.0__3.1.2_0.0__3.2.0_0.1__eai_4.6_enpuv5.pmd
vendor/etc/acdbdata/nn_ns_models/fai__8.0.2_0.0__3.0.0_0.0__3.1.1_0.0__3.2.0_0.1__eai_3.4_enpuv4.pmd	selected-present	sm8750-common:vendor/etc/acdbdata/nn_ns_models/fai__8.0.2_0.0__3.0.0_0.0__3.1.1_0.0__3.2.0_0.1__eai_3.4_enpuv4.pmd	vendor/etc/acdbdata/nn_ns_models/fai__8.0.2_0.0__3.0.0_0.0__3.1.1_0.0__3.2.0_0.1__eai_3.4_enpuv4.pmd
vendor/etc/acdbdata/nn_ns_models/fai__8.0.2_0.0__3.0.0_0.0__3.1.2_0.0__3.2.0_0.1__eai_4.2_enpuv5.pmd	selected-present	sm8750-common:vendor/etc/acdbdata/nn_ns_models/fai__8.0.2_0.0__3.0.0_0.0__3.1.2_0.0__3.2.0_0.1__eai_4.2_enpuv5.pmd	vendor/etc/acdbdata/nn_ns_models/fai__8.0.2_0.0__3.0.0_0.0__3.1.2_0.0__3.2.0_0.1__eai_4.2_enpuv5.pmd
vendor/etc/acdbdata/nn_ns_models/fai__8.0.2_0.0__3.0.0_0.0__3.1.2_0.0__3.2.0_0.1__eai_4.6_enpuv5.pmd	selected-present	sm8750-common:vendor/etc/acdbdata/nn_ns_models/fai__8.0.2_0.0__3.0.0_0.0__3.1.2_0.0__3.2.0_0.1__eai_4.6_enpuv5.pmd	vendor/etc/acdbdata/nn_ns_models/fai__8.0.2_0.0__3.0.0_0.0__3.1.2_0.0__3.2.0_0.1__eai_4.6_enpuv5.pmd
vendor/etc/acdbdata/nn_ns_models/fai__8.0.3_0.0__3.0.0_0.0__3.1.2_0.0__3.2.0_0.1__eai_4.6_enpuv5.pmd	selected-present	sm8750-common:vendor/etc/acdbdata/nn_ns_models/fai__8.0.3_0.0__3.0.0_0.0__3.1.2_0.0__3.2.0_0.1__eai_4.6_enpuv5.pmd	vendor/etc/acdbdata/nn_ns_models/fai__8.0.3_0.0__3.0.0_0.0__3.1.2_0.0__3.2.0_0.1__eai_4.6_enpuv5.pmd
vendor/etc/acdbdata/nn_vad_models/fai__3.0.0_0.0__eai_1.36_enpu2.pmd	selected-present	sm8750-common:vendor/etc/acdbdata/nn_vad_models/fai__3.0.0_0.0__eai_1.36_enpu2.pmd	vendor/etc/acdbdata/nn_vad_models/fai__3.0.0_0.0__eai_1.36_enpu2.pmd
vendor/etc/acdbdata/nn_vad_models/fai__3.0.0_0.0__eai_2.10_enpuv3.pmd	selected-present	sm8750-common:vendor/etc/acdbdata/nn_vad_models/fai__3.0.0_0.0__eai_2.10_enpuv3.pmd	vendor/etc/acdbdata/nn_vad_models/fai__3.0.0_0.0__eai_2.10_enpuv3.pmd
vendor/etc/acdbdata/nn_vad_models/fai__3.0.0_0.0__eai_3.4_enpuv4.pmd	selected-present	sm8750-common:vendor/etc/acdbdata/nn_vad_models/fai__3.0.0_0.0__eai_3.4_enpuv4.pmd	vendor/etc/acdbdata/nn_vad_models/fai__3.0.0_0.0__eai_3.4_enpuv4.pmd
vendor/etc/acdbdata/nn_vad_models/fai__3.0.0_0.0__eai_4.2_enpuv5.pmd	selected-present	sm8750-common:vendor/etc/acdbdata/nn_vad_models/fai__3.0.0_0.0__eai_4.2_enpuv5.pmd	vendor/etc/acdbdata/nn_vad_models/fai__3.0.0_0.0__eai_4.2_enpuv5.pmd
vendor/etc/acdbdata/nn_vad_models/fai__3.0.0_0.0__eai_4.6_enpuv5.pmd	selected-present	sm8750-common:vendor/etc/acdbdata/nn_vad_models/fai__3.0.0_0.0__eai_4.6_enpuv5.pmd	vendor/etc/acdbdata/nn_vad_models/fai__3.0.0_0.0__eai_4.6_enpuv5.pmd
vendor/etc/acdbdata/sun_cdp/CDP_acdb_cal.acdb	selected-present	sm8750-common:vendor/etc/acdbdata/sun_cdp/CDP_acdb_cal.acdb	vendor/etc/acdbdata/sun_cdp/CDP_acdb_cal.acdb
vendor/etc/acdbdata/sun_cdp/CDP_workspaceFileXml.qwsp	selected-present	sm8750-common:vendor/etc/acdbdata/sun_cdp/CDP_workspaceFileXml.qwsp	vendor/etc/acdbdata/sun_cdp/CDP_workspaceFileXml.qwsp
vendor/etc/acdbdata/sun_mtp/MTP_acdb_cal.acdb	selected-present	sm8750-common:vendor/etc/acdbdata/sun_mtp/MTP_acdb_cal.acdb	vendor/etc/acdbdata/sun_mtp/MTP_acdb_cal.acdb
vendor/etc/acdbdata/sun_mtp/MTP_workspaceFileXml.qwsp	selected-present	sm8750-common:vendor/etc/acdbdata/sun_mtp/MTP_workspaceFileXml.qwsp	vendor/etc/acdbdata/sun_mtp/MTP_workspaceFileXml.qwsp
vendor/etc/acdbdata/sun_qrd/QRD_acdb_cal.acdb	selected-present	sm8750-common:vendor/etc/acdbdata/sun_qrd/QRD_acdb_cal.acdb	vendor/etc/acdbdata/sun_qrd/QRD_acdb_cal.acdb
vendor/etc/acdbdata/sun_qrd/QRD_workspaceFileXml.qwsp	selected-present	sm8750-common:vendor/etc/acdbdata/sun_qrd/QRD_workspaceFileXml.qwsp	vendor/etc/acdbdata/sun_qrd/QRD_workspaceFileXml.qwsp
vendor/etc/acdbdata/sun_qrd_sku2/QRD_sun_sku2_acdb_cal.acdb	selected-present	sm8750-common:vendor/etc/acdbdata/sun_qrd_sku2/QRD_sun_sku2_acdb_cal.acdb	vendor/etc/acdbdata/sun_qrd_sku2/QRD_sun_sku2_acdb_cal.acdb
vendor/etc/acdbdata/sun_qrd_sku2/QRD_sun_sku2_workspaceFileXml.qwsp	selected-present	sm8750-common:vendor/etc/acdbdata/sun_qrd_sku2/QRD_sun_sku2_workspaceFileXml.qwsp	vendor/etc/acdbdata/sun_qrd_sku2/QRD_sun_sku2_workspaceFileXml.qwsp
vendor/etc/acdbdata/tuna7_mtp/MTP_tuna7_acdb_cal.acdb	unselected-review		
vendor/etc/acdbdata/tuna7_mtp/MTP_tuna7_workspaceFileXml.qwsp	unselected-review		
vendor/etc/acdbdata/tuna_cdp/CDP_tuna_acdb_cal.acdb	unselected-review		
vendor/etc/acdbdata/tuna_cdp/CDP_tuna_workspaceFileXml.qwsp	unselected-review		
vendor/etc/acdbdata/tuna_mtp/MTP_tuna_acdb_cal.acdb	unselected-review		
vendor/etc/acdbdata/tuna_mtp/MTP_tuna_workspaceFileXml.qwsp	unselected-review		
vendor/etc/acdbdata/tuna_qrd/QRD_tuna_acdb_cal.acdb	unselected-review		
vendor/etc/acdbdata/tuna_qrd/QRD_tuna_workspaceFileXml.qwsp	unselected-review		
vendor/etc/aconfig_flags.pb	unselected-review		vendor/etc/aconfig_flags.pb
vendor/etc/aidl/hfp/hfp_codec_capabilities.xml	unselected-review		
vendor/etc/aidl/le_audio/aidl_audio_set_configurations.bfbs	unselected-review		
vendor/etc/aidl/le_audio/aidl_audio_set_configurations.json	selected-present	sm8750-common:vendor/etc/aidl/le_audio/aidl_audio_set_configurations.json	vendor/etc/aidl/le_audio/aidl_audio_set_configurations.json
vendor/etc/aidl/le_audio/aidl_audio_set_scenarios.bfbs	unselected-review		
vendor/etc/aidl/le_audio/aidl_audio_set_scenarios.json	selected-present	sm8750-common:vendor/etc/aidl/le_audio/aidl_audio_set_scenarios.json	vendor/etc/aidl/le_audio/aidl_audio_set_scenarios.json
vendor/etc/ambient_para.conf	unselected-review		
vendor/etc/apdr.conf	selected-present	sm8750-common:vendor/etc/apdr.conf	vendor/etc/apdr.conf
vendor/etc/audio/audio_module_config_primary.xml	source-reference-review		vendor/etc/audio/audio_module_config_primary.xml
vendor/etc/audio/sku_kera/audio_effects.conf	unselected-review		
vendor/etc/audio/sku_kera/audio_effects.xml	unselected-review		
vendor/etc/audio/sku_kera/audio_effects_config.xml	unselected-review		
vendor/etc/audio/sku_kera/audio_effects_config_stub.xml	unselected-review		
vendor/etc/audio/sku_kera/audio_policy_configuration.xml	source-reference-review		
vendor/etc/audio/sku_kera/mixer_paths_kera_cdp.xml	unselected-review		
vendor/etc/audio/sku_kera/mixer_paths_kera_mtp.xml	unselected-review		
vendor/etc/audio/sku_kera/mixer_paths_kera_mtp_qmp.xml	unselected-review		
vendor/etc/audio/sku_kera/mixer_paths_kera_qrd.xml	unselected-review		
vendor/etc/audio/sku_kera/quasar_config.xml	unselected-review		
vendor/etc/audio/sku_kera/resourcemanager_kera_cdp.xml	unselected-review		
vendor/etc/audio/sku_kera/resourcemanager_kera_mtp.xml	unselected-review		
vendor/etc/audio/sku_kera/resourcemanager_kera_qrd.xml	unselected-review		
vendor/etc/audio/sku_kera_qssi/audio_policy_configuration.xml	source-reference-review		
vendor/etc/audio/sku_sun/adsp_sleep_monitor.conf	selected-present	sm8750-common:vendor/etc/audio/sku_sun/adsp_sleep_monitor.conf	vendor/etc/audio/sku_sun/adsp_sleep_monitor.conf
vendor/etc/audio/sku_sun/audio_effects.conf	selected-present	sm8750-common:vendor/etc/audio/sku_sun/audio_effects.conf	vendor/etc/audio/sku_sun/audio_effects.conf
vendor/etc/audio/sku_sun/audio_effects.xml	selected-present	sm8750-common:vendor/etc/audio/sku_sun/audio_effects.xml	vendor/etc/audio/sku_sun/audio_effects.xml
vendor/etc/audio/sku_sun/audio_effects_config.xml	selected-present	sm8750-common:vendor/etc/audio/sku_sun/audio_effects_config.xml	vendor/etc/audio/sku_sun/audio_effects_config.xml
vendor/etc/audio/sku_sun/audio_effects_config_stub.xml	unselected-review		
vendor/etc/audio/sku_sun/audio_policy_configuration.xml	source-reference-review		
vendor/etc/audio/sku_sun/mixer_paths_sun_cdp.xml	unselected-review		
vendor/etc/audio/sku_sun/mixer_paths_sun_mtp.xml	selected-present	sm8750-common:vendor/etc/audio/sku_sun/mixer_paths_sun_mtp.xml	vendor/etc/audio/sku_sun/mixer_paths_sun_mtp.xml
vendor/etc/audio/sku_sun/mixer_paths_sun_mtp_wsa883x_qmp.xml	unselected-review		
vendor/etc/audio/sku_sun/mixer_paths_sun_qrd.xml	unselected-review		
vendor/etc/audio/sku_sun/mixer_paths_sun_qrd_sku2.xml	unselected-review		
vendor/etc/audio/sku_sun/quasar_config.xml	unselected-review		
vendor/etc/audio/sku_sun/resourcemanager_sun_cdp.xml	unselected-review		
vendor/etc/audio/sku_sun/resourcemanager_sun_mtp.xml	selected-present	sm8750-common:vendor/etc/audio/sku_sun/resourcemanager_sun_mtp.xml	vendor/etc/audio/sku_sun/resourcemanager_sun_mtp.xml
vendor/etc/audio/sku_sun/resourcemanager_sun_qrd.xml	unselected-review		
vendor/etc/audio/sku_sun/resourcemanager_sun_qrd_sku2.xml	unselected-review		
vendor/etc/audio/sku_sun_qssi/audio_policy_configuration.xml	source-reference-review		
vendor/etc/audio/sku_tuna/audio_effects.conf	unselected-review		
vendor/etc/audio/sku_tuna/audio_effects.xml	unselected-review		
vendor/etc/audio/sku_tuna/audio_effects_config.xml	unselected-review		
vendor/etc/audio/sku_tuna/audio_effects_config_stub.xml	unselected-review		
vendor/etc/audio/sku_tuna/audio_policy_configuration.xml	source-reference-review		
vendor/etc/audio/sku_tuna/mixer_paths_tuna7_mtp.xml	unselected-review		
vendor/etc/audio/sku_tuna/mixer_paths_tuna_cdp.xml	unselected-review		
vendor/etc/audio/sku_tuna/mixer_paths_tuna_mtp.xml	unselected-review		
vendor/etc/audio/sku_tuna/mixer_paths_tuna_mtp_qmp.xml	unselected-review		
vendor/etc/audio/sku_tuna/mixer_paths_tuna_qrd.xml	unselected-review		
vendor/etc/audio/sku_tuna/quasar_config.xml	unselected-review		
vendor/etc/audio/sku_tuna/resourcemanager_tuna7_mtp.xml	unselected-review		
vendor/etc/audio/sku_tuna/resourcemanager_tuna_cdp.xml	unselected-review		
vendor/etc/audio/sku_tuna/resourcemanager_tuna_mtp.xml	unselected-review		
vendor/etc/audio/sku_tuna/resourcemanager_tuna_qrd.xml	unselected-review		
vendor/etc/audio/sku_tuna_qssi/audio_policy_configuration.xml	source-reference-review		
vendor/etc/audio/vendor_audio_interfaces.xml	selected-present	sm8750-common:vendor/etc/vendor_audio_interfaces.xml	vendor/etc/vendor_audio_interfaces.xml
vendor/etc/audio_cloud_control_white_list.xml	unselected-review		
vendor/etc/audio_diag.cfg	selected-present	sm8750-common:vendor/etc/audio_diag.cfg	vendor/etc/audio_diag.cfg
vendor/etc/audio_policy_configuration.xml	source-reference-review		
vendor/etc/audio_policy_engine_configuration.xml	unselected-review		
vendor/etc/audio_policy_engine_default_stream_volumes.xml	source-reference-review		vendor/etc/audio_policy_engine_default_stream_volumes.xml
vendor/etc/audio_policy_engine_product_strategies.xml	source-reference-review		vendor/etc/audio_policy_engine_product_strategies.xml
vendor/etc/audio_policy_engine_stream_volumes.xml	source-reference-review		vendor/etc/audio_policy_engine_stream_volumes.xml
vendor/etc/audio_policy_volumes.xml	selected-present	sm8750-common:vendor/etc/audio_policy_volumes.xml	vendor/etc/audio_policy_volumes.xml
vendor/etc/bluetooth_qti_audio_policy_configuration.xml	unselected-review		
vendor/etc/bluetooth_qti_hearing_aid_audio_policy_configuration.xml	unselected-review		
vendor/etc/boringssl_self_test.no_zygote.rc	unselected-review		vendor/etc/boringssl_self_test.no_zygote.rc
vendor/etc/boringssl_self_test.zygote32.rc	unselected-review		vendor/etc/boringssl_self_test.zygote32.rc
vendor/etc/boringssl_self_test.zygote64.rc	unselected-review		vendor/etc/boringssl_self_test.zygote64.rc
vendor/etc/boringssl_self_test.zygote64_32.rc	unselected-review		vendor/etc/boringssl_self_test.zygote64_32.rc
vendor/etc/bpf/cameraBpfGpl.o	unselected-review		
vendor/etc/bpf/qmsUidStats.o	selected-present	sm8750-common:vendor/etc/bpf/qmsUidStats.o	vendor/etc/bpf/qmsUidStats.o
vendor/etc/build_flags.json	unselected-review		vendor/etc/build_flags.json
vendor/etc/camera/cameraopt_perf.json	selected-present	piano:vendor/etc/camera/cameraopt_perf.json	vendor/etc/camera/cameraopt_perf.json
vendor/etc/camera/cameraopt_vendor.json	selected-present	piano:vendor/etc/camera/cameraopt_vendor.json	vendor/etc/camera/cameraopt_vendor.json
vendor/etc/card-defs.xml	selected-present	sm8750-common:vendor/etc/card-defs.xml	vendor/etc/card-defs.xml
vendor/etc/charger_diag.cfg	selected-present	sm8750-common:vendor/etc/charger_diag.cfg	vendor/etc/charger_diag.cfg
vendor/etc/charger_fw_fstab.qti	selected-present	sm8750-common:vendor/etc/charger_fw_fstab.qti	vendor/etc/charger_fw_fstab.qti
vendor/etc/chre/preloaded_nanoapps.json	unselected-review		
vendor/etc/clstc_config_library.xml	selected-present	sm8750-common:vendor/etc/clstc_config_library.xml	vendor/etc/clstc_config_library.xml
vendor/etc/cne/mwqem.conf	selected-present	sm8750-common:vendor/etc/cne/mwqem.conf	vendor/etc/cne/mwqem.conf
vendor/etc/cne/profileMwqem.xml	selected-present	sm8750-common:vendor/etc/cne/profileMwqem.xml	vendor/etc/cne/profileMwqem.xml
vendor/etc/cne/wqeclient/ATT/ATT_profile1.xml	selected-present	sm8750-common:vendor/etc/cne/wqeclient/ATT/ATT_profile1.xml	vendor/etc/cne/wqeclient/ATT/ATT_profile1.xml
vendor/etc/cne/wqeclient/ATT/ATT_profile2.xml	selected-present	sm8750-common:vendor/etc/cne/wqeclient/ATT/ATT_profile2.xml	vendor/etc/cne/wqeclient/ATT/ATT_profile2.xml
vendor/etc/cne/wqeclient/ATT/ATT_profile3.xml	selected-present	sm8750-common:vendor/etc/cne/wqeclient/ATT/ATT_profile3.xml	vendor/etc/cne/wqeclient/ATT/ATT_profile3.xml
vendor/etc/cne/wqeclient/ATT/ATT_profile4.xml	selected-present	sm8750-common:vendor/etc/cne/wqeclient/ATT/ATT_profile4.xml	vendor/etc/cne/wqeclient/ATT/ATT_profile4.xml
vendor/etc/cne/wqeclient/ATT/ATT_profile5.xml	selected-present	sm8750-common:vendor/etc/cne/wqeclient/ATT/ATT_profile5.xml	vendor/etc/cne/wqeclient/ATT/ATT_profile5.xml
vendor/etc/cne/wqeclient/ATT/ATT_profile6.xml	selected-present	sm8750-common:vendor/etc/cne/wqeclient/ATT/ATT_profile6.xml	vendor/etc/cne/wqeclient/ATT/ATT_profile6.xml
vendor/etc/cne/wqeclient/ATT/ATT_profile7.xml	selected-present	sm8750-common:vendor/etc/cne/wqeclient/ATT/ATT_profile7.xml	vendor/etc/cne/wqeclient/ATT/ATT_profile7.xml
vendor/etc/cne/wqeclient/ROW/ROW_profile1.xml	selected-present	sm8750-common:vendor/etc/cne/wqeclient/ROW/ROW_profile1.xml	vendor/etc/cne/wqeclient/ROW/ROW_profile1.xml
vendor/etc/cne/wqeclient/ROW/ROW_profile15.xml	selected-present	sm8750-common:vendor/etc/cne/wqeclient/ROW/ROW_profile15.xml	vendor/etc/cne/wqeclient/ROW/ROW_profile15.xml
vendor/etc/cne/wqeclient/ROW/ROW_profile16.xml	selected-present	sm8750-common:vendor/etc/cne/wqeclient/ROW/ROW_profile16.xml	vendor/etc/cne/wqeclient/ROW/ROW_profile16.xml
vendor/etc/cne/wqeclient/ROW/ROW_profile17.xml	selected-present	sm8750-common:vendor/etc/cne/wqeclient/ROW/ROW_profile17.xml	vendor/etc/cne/wqeclient/ROW/ROW_profile17.xml
vendor/etc/cne/wqeclient/ROW/ROW_profile18.xml	selected-present	sm8750-common:vendor/etc/cne/wqeclient/ROW/ROW_profile18.xml	vendor/etc/cne/wqeclient/ROW/ROW_profile18.xml
vendor/etc/cne/wqeclient/ROW/ROW_profile19.xml	selected-present	sm8750-common:vendor/etc/cne/wqeclient/ROW/ROW_profile19.xml	vendor/etc/cne/wqeclient/ROW/ROW_profile19.xml
vendor/etc/cne/wqeclient/ROW/ROW_profile2.xml	selected-present	sm8750-common:vendor/etc/cne/wqeclient/ROW/ROW_profile2.xml	vendor/etc/cne/wqeclient/ROW/ROW_profile2.xml
vendor/etc/cne/wqeclient/ROW/ROW_profile20.xml	selected-present	sm8750-common:vendor/etc/cne/wqeclient/ROW/ROW_profile20.xml	vendor/etc/cne/wqeclient/ROW/ROW_profile20.xml
vendor/etc/cne/wqeclient/ROW/ROW_profile21.xml	selected-present	sm8750-common:vendor/etc/cne/wqeclient/ROW/ROW_profile21.xml	vendor/etc/cne/wqeclient/ROW/ROW_profile21.xml
vendor/etc/cne/wqeclient/ROW/ROW_profile3.xml	selected-present	sm8750-common:vendor/etc/cne/wqeclient/ROW/ROW_profile3.xml	vendor/etc/cne/wqeclient/ROW/ROW_profile3.xml
vendor/etc/cne/wqeclient/ROW/ROW_profile32.xml	selected-present	sm8750-common:vendor/etc/cne/wqeclient/ROW/ROW_profile32.xml	vendor/etc/cne/wqeclient/ROW/ROW_profile32.xml
vendor/etc/cne/wqeclient/ROW/ROW_profile4.xml	selected-present	sm8750-common:vendor/etc/cne/wqeclient/ROW/ROW_profile4.xml	vendor/etc/cne/wqeclient/ROW/ROW_profile4.xml
vendor/etc/cne/wqeclient/ROW/ROW_profile5.xml	selected-present	sm8750-common:vendor/etc/cne/wqeclient/ROW/ROW_profile5.xml	vendor/etc/cne/wqeclient/ROW/ROW_profile5.xml
vendor/etc/cne/wqeclient/ROW/ROW_profile6.xml	selected-present	sm8750-common:vendor/etc/cne/wqeclient/ROW/ROW_profile6.xml	vendor/etc/cne/wqeclient/ROW/ROW_profile6.xml
vendor/etc/cne/wqeclient/ROW/ROW_profile7.xml	selected-present	sm8750-common:vendor/etc/cne/wqeclient/ROW/ROW_profile7.xml	vendor/etc/cne/wqeclient/ROW/ROW_profile7.xml
vendor/etc/cne/wqeclient/VZW/VZW_profile1.xml	selected-present	sm8750-common:vendor/etc/cne/wqeclient/VZW/VZW_profile1.xml	vendor/etc/cne/wqeclient/VZW/VZW_profile1.xml
vendor/etc/cne/wqeclient/VZW/VZW_profile2.xml	selected-present	sm8750-common:vendor/etc/cne/wqeclient/VZW/VZW_profile2.xml	vendor/etc/cne/wqeclient/VZW/VZW_profile2.xml
vendor/etc/cne/wqeclient/VZW/VZW_profile3.xml	selected-present	sm8750-common:vendor/etc/cne/wqeclient/VZW/VZW_profile3.xml	vendor/etc/cne/wqeclient/VZW/VZW_profile3.xml
vendor/etc/cne/wqeclient/VZW/VZW_profile4.xml	selected-present	sm8750-common:vendor/etc/cne/wqeclient/VZW/VZW_profile4.xml	vendor/etc/cne/wqeclient/VZW/VZW_profile4.xml
vendor/etc/cne/wqeclient/VZW/VZW_profile5.xml	selected-present	sm8750-common:vendor/etc/cne/wqeclient/VZW/VZW_profile5.xml	vendor/etc/cne/wqeclient/VZW/VZW_profile5.xml
vendor/etc/cne/wqeclient/VZW/VZW_profile6.xml	selected-present	sm8750-common:vendor/etc/cne/wqeclient/VZW/VZW_profile6.xml	vendor/etc/cne/wqeclient/VZW/VZW_profile6.xml
vendor/etc/cne/wqeclient/VZW/VZW_profile7.xml	selected-present	sm8750-common:vendor/etc/cne/wqeclient/VZW/VZW_profile7.xml	vendor/etc/cne/wqeclient/VZW/VZW_profile7.xml
vendor/etc/configstore/wigig.xml	selected-present	sm8750-common:vendor/etc/configstore/wigig.xml	vendor/etc/configstore/wigig.xml
vendor/etc/data/dsi_config.xml	selected-present	sm8750-common:vendor/etc/data/dsi_config.xml	vendor/etc/data/dsi_config.xml
vendor/etc/data/nicm_config.xml	selected-present	sm8750-common:vendor/etc/data/nicm_config.xml	vendor/etc/data/nicm_config.xml
vendor/etc/data/tlpd_oem_config.xml	selected-present	sm8750-common:vendor/etc/data/tlpd_oem_config.xml	vendor/etc/data/tlpd_oem_config.xml
vendor/etc/decoder.serialized.8750.O3.bin	unselected-review		
vendor/etc/default-permissions/com.qualcomm.qti.cne.xml	selected-present	sm8750-common:vendor/etc/default-permissions/com.qualcomm.qti.cne.xml	vendor/etc/default-permissions/com.qualcomm.qti.cne.xml
vendor/etc/default-permissions/vendor.qti.data.txpwradmin.xml	unselected-review		
vendor/etc/default_volume_tables.xml	selected-present	sm8750-common:vendor/etc/default_volume_tables.xml	vendor/etc/default_volume_tables.xml
vendor/etc/devicestate/device_state_configuration.xml	unselected-review		
vendor/etc/display/DPU1010.xml	selected-present	piano:vendor/etc/display/DPU1010.xml	vendor/etc/display/DPU1010.xml
vendor/etc/display/DPU10__.xml	selected-present	piano:vendor/etc/display/DPU10__.xml	vendor/etc/display/DPU10__.xml
vendor/etc/display/DPU11__.xml	selected-present	piano:vendor/etc/display/DPU11__.xml	vendor/etc/display/DPU11__.xml
vendor/etc/display/DPU1230.xml	unselected-review		
vendor/etc/display/DPU1240.xml	unselected-review		
vendor/etc/display/DPU12__.xml	selected-present	piano:vendor/etc/display/DPU12__.xml	vendor/etc/display/DPU12__.xml
vendor/etc/display/DPU9__.xml	selected-present	piano:vendor/etc/display/DPU9__.xml	vendor/etc/display/DPU9__.xml
vendor/etc/display/advanced_sf_offsets.xml	unselected-review		
vendor/etc/display/backlight_calib_Sharp_qhd_cmd_mode_dsi_panel.xml	unselected-review		
vendor/etc/display/backlight_calib_Sharp_qhd_video_mode_dsi_panel.xml	unselected-review		
vendor/etc/display/backlight_calib_nt37801_amoled_cmd_mode_dsi_csot_panel_with_DSC.xml	unselected-review		
vendor/etc/display/backlight_calib_nt37801_amoled_cmd_mode_dsi_csot_panel_with_DSC_CPHY.xml	unselected-review		
vendor/etc/display/backlight_calib_nt37801_amoled_video_mode_dsi_csot_panel_with_DSC.xml	unselected-review		
vendor/etc/display/backlight_calib_nt37801_amoled_video_mode_dsi_csot_panel_with_DSC_CPHY.xml	unselected-review		
vendor/etc/display/backlight_calib_r66451_amoled_cmd_mode_dsi_visionox_panel_with_DSC.xml	unselected-review		
vendor/etc/display/backlight_calib_r66451_amoled_video_mode_dsi_visionox_panel_with_DSC.xml	unselected-review		
vendor/etc/display/backlight_calib_vtdr6130_amoled_cmd_mode_dsi_visionox_panel_with_DSC.xml	unselected-review		
vendor/etc/display/backlight_calib_vtdr6130_amoled_qsync_cmd_mode_dsi_visionox_panel_with_DSC.xml	unselected-review		
vendor/etc/display/backlight_calib_vtdr6130_amoled_qsync_video_mode_dsi_visionox_panel_with_DSC.xml	unselected-review		
vendor/etc/display/backlight_calib_vtdr6130_amoled_video_mode_dsi_visionox_panel_with_DSC.xml	unselected-review		
vendor/etc/display/camera_alignments.json	selected-present	piano:vendor/etc/display/camera_alignments.json	vendor/etc/display/camera_alignments.json
vendor/etc/display/cpu_alignments.json	selected-present	piano:vendor/etc/display/cpu_alignments.json	vendor/etc/display/cpu_alignments.json
vendor/etc/display/default_alignments.json	selected-present	piano:vendor/etc/display/default_alignments.json	vendor/etc/display/default_alignments.json
vendor/etc/display/display_alignments.json	selected-present	piano:vendor/etc/display/display_alignments.json	vendor/etc/display/display_alignments.json
vendor/etc/display/formats.json	selected-present	piano:vendor/etc/display/formats.json	vendor/etc/display/formats.json
vendor/etc/display/graphics_alignments.json	selected-present	piano:vendor/etc/display/graphics_alignments.json	vendor/etc/display/graphics_alignments.json
vendor/etc/display/nt37801_amoled_cmd_mode_dsi_csot_panel_with_DSC.json	unselected-review		
vendor/etc/display/nt37801_amoled_cmd_mode_dsi_csot_panel_with_DSC_CPHY.json	unselected-review		
vendor/etc/display/nt37801_amoled_video_mode_dsi_csot_panel_with_DSC.json	unselected-review		
vendor/etc/display/nt37801_amoled_video_mode_dsi_csot_panel_with_DSC_CPHY.json	unselected-review		
vendor/etc/display/pipe_config_DPU11__.xml	selected-present	piano:vendor/etc/display/pipe_config_DPU11__.xml	vendor/etc/display/pipe_config_DPU11__.xml
vendor/etc/display/qdcm_calib_data_Sharp_2k_cmd_mode_qsync_dsi_panel.json	unselected-review		
vendor/etc/display/qdcm_calib_data_Sharp_2k_video_mode_qsync_dsi_panel.json	unselected-review		
vendor/etc/display/qdcm_calib_data_Sharp_4k_cmd_mode_dsc_dsi_panel.json	unselected-review		
vendor/etc/display/qdcm_calib_data_Sharp_4k_video_mode_dsc_dsi_panel.json	unselected-review		
vendor/etc/display/qdcm_calib_data_Sharp_qhd_cmd_mode_dsi_panel.json	unselected-review		
vendor/etc/display/qdcm_calib_data_Sharp_qhd_video_mode_dsi_panel.json	unselected-review		
vendor/etc/display/qdcm_calib_data_nt36672e_lcd_video_mode_dsi_novatek_panel_with_DSC.json	unselected-review		
vendor/etc/display/qdcm_calib_data_nt36672e_lcd_video_mode_dsi_novatek_panel_without_DSC.json	unselected-review		
vendor/etc/display/qdcm_calib_data_nt37801_amoled_cmd_mode_dsi_csot_panel_with_DSC.json	unselected-review		
vendor/etc/display/qdcm_calib_data_nt37801_amoled_cmd_mode_dsi_csot_panel_with_DSC_CPHY.json	unselected-review		
vendor/etc/display/qdcm_calib_data_nt37801_amoled_video_mode_dsi_csot_panel_with_DSC.json	unselected-review		
vendor/etc/display/qdcm_calib_data_nt37801_amoled_video_mode_dsi_csot_panel_with_DSC_CPHY.json	unselected-review		
vendor/etc/display/qdcm_calib_data_r66451_amoled_cmd_mode_dsi_visionox_panel_with_DSC.json	unselected-review		
vendor/etc/display/qdcm_calib_data_r66451_amoled_cmd_mode_dsi_visionox_panel_without_DSC.json	unselected-review		
vendor/etc/display/qdcm_calib_data_r66451_amoled_video_mode_dsi_visionox_panel_with_DSC.json	unselected-review		
vendor/etc/display/qdcm_calib_data_r66451_amoled_video_mode_dsi_visionox_panel_without_DSC.json	unselected-review		
vendor/etc/display/qdcm_calib_data_sharp_1080p_cmd_mode_dsi_panel.json	unselected-review		
vendor/etc/display/qdcm_calib_data_vtdr6130_amoled_cmd_mode_dsi_visionox_panel_with_DSC.json	unselected-review		
vendor/etc/display/qdcm_calib_data_vtdr6130_amoled_qsync_cmd_mode_dsi_visionox_panel_with_DSC.json	unselected-review		
vendor/etc/display/qdcm_calib_data_vtdr6130_amoled_qsync_video_mode_dsi_visionox_panel_with_DSC.json	unselected-review		
vendor/etc/display/qdcm_calib_data_vtdr6130_amoled_video_mode_dsi_visionox_panel_with_DSC.json	unselected-review		
vendor/etc/display/sdm_display_resolution_extn.xml	selected-present	sm8750-common:vendor/etc/display/sdm_display_resolution_extn.xml	vendor/etc/display/sdm_display_resolution_extn.xml
vendor/etc/display/sm8735p_sr_2x_y1280x720.dlc	unselected-review		
vendor/etc/display/sm8735p_sr_2x_y720x1280.dlc	unselected-review		
vendor/etc/display/sm8735p_sr_3x_y544x960.dlc	unselected-review		
vendor/etc/display/sm8735p_sr_3x_y960x544.dlc	unselected-review		
vendor/etc/display/sm8735p_sr_4x_y544x544.dlc	unselected-review		
vendor/etc/display/sm8735p_sr_5x_y384x640.dlc	unselected-review		
vendor/etc/display/sm8735p_sr_5x_y640x384.dlc	unselected-review		
vendor/etc/display/sm8750_sr_1x_y1280x720.dlc	selected-present	piano:vendor/etc/display/sm8750_sr_1x_y1280x720.dlc	vendor/etc/display/sm8750_sr_1x_y1280x720.dlc
vendor/etc/display/sm8750_sr_1x_y544x960.dlc	unselected-review		
vendor/etc/display/sm8750_sr_1x_y720x1280.dlc	selected-present	piano:vendor/etc/display/sm8750_sr_1x_y720x1280.dlc	vendor/etc/display/sm8750_sr_1x_y720x1280.dlc
vendor/etc/display/sm8750_sr_1x_y960x544.dlc	unselected-review		
vendor/etc/display/sm8750_sr_2x_y1280x720.dlc	selected-present	piano:vendor/etc/display/sm8750_sr_2x_y1280x720.dlc	vendor/etc/display/sm8750_sr_2x_y1280x720.dlc
vendor/etc/display/sm8750_sr_2x_y544x960.dlc	selected-present	piano:vendor/etc/display/sm8750_sr_2x_y544x960.dlc	vendor/etc/display/sm8750_sr_2x_y544x960.dlc
vendor/etc/display/sm8750_sr_2x_y720x1280.dlc	selected-present	piano:vendor/etc/display/sm8750_sr_2x_y720x1280.dlc	vendor/etc/display/sm8750_sr_2x_y720x1280.dlc
vendor/etc/display/sm8750_sr_2x_y960x544.dlc	selected-present	piano:vendor/etc/display/sm8750_sr_2x_y960x544.dlc	vendor/etc/display/sm8750_sr_2x_y960x544.dlc
vendor/etc/display/sm8750_sr_3x_y384x640.dlc	selected-present	piano:vendor/etc/display/sm8750_sr_3x_y384x640.dlc	vendor/etc/display/sm8750_sr_3x_y384x640.dlc
vendor/etc/display/sm8750_sr_3x_y640x384.dlc	selected-present	piano:vendor/etc/display/sm8750_sr_3x_y640x384.dlc	vendor/etc/display/sm8750_sr_3x_y640x384.dlc
vendor/etc/display/thermallevel_to_fps.xml	selected-present	piano:vendor/etc/display/thermallevel_to_fps.xml	vendor/etc/display/thermallevel_to_fps.xml
vendor/etc/display/ubwc_alignments.json	selected-present	piano:vendor/etc/display/ubwc_alignments.json	vendor/etc/display/ubwc_alignments.json
vendor/etc/display/video_alignments.json	selected-present	piano:vendor/etc/display/video_alignments.json	vendor/etc/display/video_alignments.json
vendor/etc/display/vtdr6130_amoled_cmd_mode_dsi_visionox_panel_with_DSC.json	unselected-review		
vendor/etc/display/xiaomi_o1_38_0c_0b_cmd_mode_dsc_dsi_panel.json	unselected-review		
vendor/etc/displayconfig/display_id_4630946916234099603.xml	selected-present	piano:vendor/etc/displayconfig/display_id_4630946916234099603.xml	vendor/etc/displayconfig/display_id_4630946916234099603.xml
vendor/etc/displayconfig/display_id_4630947039571902850.xml	selected-present	piano:vendor/etc/displayconfig/display_id_4630947039571902850.xml	vendor/etc/displayconfig/display_id_4630947039571902850.xml
vendor/etc/displayconfig/display_id_4630947039571902851.xml	selected-present	piano:vendor/etc/displayconfig/display_id_4630947039571902851.xml	vendor/etc/displayconfig/display_id_4630947039571902851.xml
vendor/etc/displayconfig/display_id_4630947075271898515.xml	selected-present	piano:vendor/etc/displayconfig/display_id_4630947075271898515.xml	vendor/etc/displayconfig/display_id_4630947075271898515.xml
vendor/etc/displayconfig/display_layout_configuration.xml	selected-present	piano:vendor/etc/displayconfig/display_layout_configuration.xml	vendor/etc/displayconfig/display_layout_configuration.xml
vendor/etc/dolby/dax-default-spatializer.xml	unselected-review		
vendor/etc/dolby/dax-default.xml	unselected-review		
vendor/etc/dpm_vndr/vendor.dpm.conf	selected-present	sm8750-common:vendor/etc/dpm_vndr/vendor.dpm.conf	vendor/etc/dpm_vndr/vendor.dpm.conf
vendor/etc/encoder.serialized.8750.O3.bin	unselected-review		
vendor/etc/eva/facedetection/bias.dat	selected-present	sm8750-common:vendor/etc/eva/facedetection/bias.dat	vendor/etc/eva/facedetection/bias.dat
vendor/etc/eva/facedetection/weight.dat	selected-present	sm8750-common:vendor/etc/eva/facedetection/weight.dat	vendor/etc/eva/facedetection/weight.dat
vendor/etc/eva/facelandmark/bias_1_1.dat	selected-present	sm8750-common:vendor/etc/eva/facelandmark/bias_1_1.dat	vendor/etc/eva/facelandmark/bias_1_1.dat
vendor/etc/eva/facelandmark/bias_1_2.dat	selected-present	sm8750-common:vendor/etc/eva/facelandmark/bias_1_2.dat	vendor/etc/eva/facelandmark/bias_1_2.dat
vendor/etc/eva/facelandmark/bias_2.dat	selected-present	sm8750-common:vendor/etc/eva/facelandmark/bias_2.dat	vendor/etc/eva/facelandmark/bias_2.dat
vendor/etc/eva/facelandmark/bias_3_1.dat	selected-present	sm8750-common:vendor/etc/eva/facelandmark/bias_3_1.dat	vendor/etc/eva/facelandmark/bias_3_1.dat
vendor/etc/eva/facelandmark/bias_3_2.dat	selected-present	sm8750-common:vendor/etc/eva/facelandmark/bias_3_2.dat	vendor/etc/eva/facelandmark/bias_3_2.dat
vendor/etc/eva/facelandmark/weight_1_1.dat	selected-present	sm8750-common:vendor/etc/eva/facelandmark/weight_1_1.dat	vendor/etc/eva/facelandmark/weight_1_1.dat
vendor/etc/eva/facelandmark/weight_1_2.dat	selected-present	sm8750-common:vendor/etc/eva/facelandmark/weight_1_2.dat	vendor/etc/eva/facelandmark/weight_1_2.dat
vendor/etc/eva/facelandmark/weight_2.dat	selected-present	sm8750-common:vendor/etc/eva/facelandmark/weight_2.dat	vendor/etc/eva/facelandmark/weight_2.dat
vendor/etc/eva/facelandmark/weight_3_1.dat	selected-present	sm8750-common:vendor/etc/eva/facelandmark/weight_3_1.dat	vendor/etc/eva/facelandmark/weight_3_1.dat
vendor/etc/eva/facelandmark/weight_3_2.dat	selected-present	sm8750-common:vendor/etc/eva/facelandmark/weight_3_2.dat	vendor/etc/eva/facelandmark/weight_3_2.dat
vendor/etc/eva/itof/tuning_params_sensor_type_1.json	selected-present	sm8750-common:vendor/etc/eva/itof/tuning_params_sensor_type_1.json	vendor/etc/eva/itof/tuning_params_sensor_type_1.json
vendor/etc/excluded-input-devices.xml	unselected-review		
vendor/etc/external_camera_config.xml	selected-present	sm8750-common:vendor/etc/external_camera_config.xml	vendor/etc/external_camera_config.xml
vendor/etc/fs_config_dirs	unselected-review		vendor/etc/fs_config_dirs
vendor/etc/fs_config_files	unselected-review		vendor/etc/fs_config_files
vendor/etc/fstab.qcom	source-reference-review		vendor/etc/fstab.qcom
vendor/etc/ftm_test_config	unselected-review		
vendor/etc/ftm_test_config_kera-mtp-qmp-snd-card	unselected-review		
vendor/etc/ftm_test_config_kera-mtp-snd-card	unselected-review		
vendor/etc/ftm_test_config_kera-qrd-snd-card	unselected-review		
vendor/etc/ftm_test_config_sun-qrd-sku2-snd-card	unselected-review		
vendor/etc/ftm_test_config_sun-qrd-snd-card	unselected-review		
vendor/etc/ftm_test_config_tuna-mtp-qmp-snd-card	unselected-review		
vendor/etc/ftm_test_config_tuna-mtp-snd-card	unselected-review		
vendor/etc/ftm_test_config_tuna-qrd-snd-card	unselected-review		
vendor/etc/ftm_test_config_tuna7-mtp-snd-card	unselected-review		
vendor/etc/fw_dir.ueventd.qcom.rc	selected-present	sm8750-common:vendor/etc/fw_dir.ueventd.qcom.rc	vendor/etc/fw_dir.ueventd.qcom.rc
vendor/etc/getConfig.pnscr	unselected-review		
vendor/etc/gpfspath_oem_config.xml	selected-present	sm8750-common:vendor/etc/gpfspath_oem_config.xml	vendor/etc/gpfspath_oem_config.xml
vendor/etc/gps.conf	selected-present	sm8750-common:vendor/etc/gps.conf	vendor/etc/gps.conf
vendor/etc/gps_diag.cfg	unselected-review		
vendor/etc/group	source-reference-review		vendor/etc/group
vendor/etc/hal_uuid_map_annibale.xml	unselected-review		
vendor/etc/hal_uuid_map_bixi.xml	unselected-review		
vendor/etc/hal_uuid_map_config.xml	unselected-review		
vendor/etc/hal_uuid_map_dada.xml	unselected-review		
vendor/etc/hal_uuid_map_haotian.xml	unselected-review		
vendor/etc/hal_uuid_map_luming.xml	unselected-review		
vendor/etc/hal_uuid_map_miro.xml	unselected-review		
vendor/etc/hal_uuid_map_onyx.xml	unselected-review		
vendor/etc/hal_uuid_map_xuanyuan.xml	unselected-review		
vendor/etc/hostapd/hostapd.accept	unselected-review		
vendor/etc/hostapd/hostapd.deny	unselected-review		
vendor/etc/hostapd/hostapd_default.conf	unselected-review		
vendor/etc/hrtf5c.bin	selected-present	sm8750-common:vendor/etc/hrtf5c.bin	vendor/etc/hrtf5c.bin
vendor/etc/init/android.hardware.bluetooth@aidl-service-qti-debug.rc	selected-present	sm8750-common:vendor/etc/init/android.hardware.bluetooth@aidl-service-qti.rc	vendor/etc/init/android.hardware.bluetooth@aidl-service-qti.rc
vendor/etc/init/android.hardware.boot-service.qti.rc	unselected-review		vendor/etc/init/android.hardware.boot-service.qti.rc
vendor/etc/init/android.hardware.camera.provider-V1-external-service.rc	unselected-review		
vendor/etc/init/android.hardware.drm-service.clearkey.rc	unselected-review		vendor/etc/init/android.hardware.drm-service.clearkey.rc
vendor/etc/init/android.hardware.drm@1.1-service.wfdhdcp.rc	selected-present	sm8750-common:vendor/etc/init/android.hardware.drm@1.1-service.wfdhdcp.rc	vendor/etc/init/android.hardware.drm@1.1-service.wfdhdcp.rc
vendor/etc/init/android.hardware.gatekeeper-service-qti.rc	selected-present	sm8750-common:vendor/etc/init/android.hardware.gatekeeper-service-qti.rc	vendor/etc/init/android.hardware.gatekeeper-service-qti.rc
vendor/etc/init/android.hardware.health-service.qti.rc	unselected-review		vendor/etc/init/android.hardware.health-service.qti.rc
vendor/etc/init/android.hardware.ir-service.example.rc	unselected-review		vendor/etc/init/android.hardware.ir-service.example.rc
vendor/etc/init/android.hardware.media.c2-mi-service.rc	selected-present	sm8750-common:vendor/etc/init/android.hardware.media.c2-mi-service.rc	vendor/etc/init/android.hardware.media.c2-mi-service.rc
vendor/etc/init/android.hardware.power-service.rc	selected-present	sm8750-common:vendor/etc/init/android.hardware.power-service.rc	vendor/etc/init/android.hardware.power-service.rc
vendor/etc/init/android.hardware.secure_element-service.qti.rc	selected-present	sm8750-common:vendor/etc/init/android.hardware.secure_element-service.qti.rc	vendor/etc/init/android.hardware.secure_element-service.qti.rc
vendor/etc/init/android.hardware.security.keymint-service-qti.rc	selected-present	sm8750-common:vendor/etc/init/android.hardware.security.keymint-service-qti.rc	vendor/etc/init/android.hardware.security.keymint-service-qti.rc
vendor/etc/init/android.hardware.sensors-service-multihal.rc	unselected-review		
vendor/etc/init/android.hardware.thermal-service.qti.rc	unselected-review		vendor/etc/init/android.hardware.thermal-service.qti.rc
vendor/etc/init/android.hardware.usb-service.qti.rc	unselected-review		vendor/etc/init/android.hardware.usb-service.qti.rc
vendor/etc/init/android.hardware.usb.gadget-service.qti.rc	unselected-review		vendor/etc/init/android.hardware.usb.gadget-service.qti.rc
vendor/etc/init/android.hardware.wifi-service.rc	unselected-review		vendor/etc/init/android.hardware.wifi-service.rc
vendor/etc/init/android.hardware.wifi.supplicant-service.rc	unselected-review		vendor/etc/init/android.hardware.wifi.supplicant-service.rc
vendor/etc/init/audiohalservice_qti.rc	selected-present	sm8750-common:vendor/etc/init/audiohalservice_qti.rc	vendor/etc/init/audiohalservice_qti.rc
vendor/etc/init/boringssl_self_test.rc	unselected-review		vendor/etc/init/boringssl_self_test.rc
vendor/etc/init/c2painternetservice.rc	unselected-review		
vendor/etc/init/cnd.rc	selected-present	sm8750-common:vendor/etc/init/cnd.rc	vendor/etc/init/cnd.rc
vendor/etc/init/com.qualcomm.qti.wifidisplayhal@1.0-service.rc	selected-present	sm8750-common:vendor/etc/init/com.qualcomm.qti.wifidisplayhal@1.0-service.rc	vendor/etc/init/com.qualcomm.qti.wifidisplayhal@1.0-service.rc
vendor/etc/init/dataadpl.rc	selected-present	sm8750-common:vendor/etc/init/dataadpl.rc	vendor/etc/init/dataadpl.rc
vendor/etc/init/dataqti.rc	selected-present	sm8750-common:vendor/etc/init/dataqti.rc	vendor/etc/init/dataqti.rc
vendor/etc/init/dcfd.rc	selected-present	piano:vendor/etc/init/dcfd.rc	vendor/etc/init/dcfd.rc
vendor/etc/init/ddr_freq.rc	selected-present	piano:vendor/etc/init/ddr_freq.rc	vendor/etc/init/ddr_freq.rc
vendor/etc/init/ddr_training.rc	selected-present	piano:vendor/etc/init/ddr_training.rc	vendor/etc/init/ddr_training.rc
vendor/etc/init/diagcommd.rc	unselected-review		
vendor/etc/init/dlsc.rc	selected-present	piano:vendor/etc/init/dlsc.rc	vendor/etc/init/dlsc.rc
vendor/etc/init/dms-service.rc	selected-present	sm8750-common:vendor/etc/init/dms-service.rc	vendor/etc/init/dms-service.rc
vendor/etc/init/dumpstate-xiaomi.rc	selected-present	sm8750-common:vendor/etc/init/dumpstate-xiaomi.rc	vendor/etc/init/dumpstate-xiaomi.rc
vendor/etc/init/feature_enabler_client.rc	unselected-review		
vendor/etc/init/ffu.rc	selected-present	piano:vendor/etc/init/ffu.rc	vendor/etc/init/ffu.rc
vendor/etc/init/hexlpservice.rc	selected-present	sm8750-common:vendor/etc/init/hexlpservice.rc	vendor/etc/init/hexlpservice.rc
vendor/etc/init/hlosminkdaemon.rc	selected-present	sm8750-common:vendor/etc/init/hlosminkdaemon.rc	vendor/etc/init/hlosminkdaemon.rc
vendor/etc/init/hostapd.android.rc	unselected-review		vendor/etc/init/hostapd.android.rc
vendor/etc/init/hw/init.batterysecret.rc	selected-present	sm8750-common:vendor/etc/init/hw/init.batterysecret.rc	vendor/etc/init/hw/init.batterysecret.rc
vendor/etc/init/hw/init.mi_thermald.rc	selected-present	sm8750-common:vendor/etc/init/hw/init.mi_thermald.rc	vendor/etc/init/hw/init.mi_thermald.rc
vendor/etc/init/hw/init.qcom.factory.rc	unselected-review		
vendor/etc/init/hw/init.qcom.rc	source-reference-review		vendor/etc/init/hw/init.qcom.rc
vendor/etc/init/hw/init.qcom.usb.rc	source-reference-review		vendor/etc/init/hw/init.qcom.usb.rc
vendor/etc/init/hw/init.qti.kernel.rc	selected-present	sm8750-common:vendor/etc/init/hw/init.qti.kernel.rc	vendor/etc/init/hw/init.qti.kernel.rc
vendor/etc/init/hw/init.qti.kernel.target.rc	selected-present	sm8750-common:vendor/etc/init/hw/init.qti.kernel.target.rc	vendor/etc/init/hw/init.qti.kernel.target.rc
vendor/etc/init/hw/init.qti.ufs.rc	unselected-review		
vendor/etc/init/hw/init.target.rc	source-reference-review		vendor/etc/init/hw/init.target.rc
vendor/etc/init/hypsys_vendor.rc	selected-present	sm8750-common:vendor/etc/init/hypsys_vendor.rc	vendor/etc/init/hypsys_vendor.rc
vendor/etc/init/ims-dataservice-daemon.rc	selected-present	sm8750-common:vendor/etc/init/ims-dataservice-daemon.rc	vendor/etc/init/ims-dataservice-daemon.rc
vendor/etc/init/ims_rtp_daemon.rc	selected-present	sm8750-common:vendor/etc/init/ims_rtp_daemon.rc	vendor/etc/init/ims_rtp_daemon.rc
vendor/etc/init/imsdaemon.rc	selected-present	sm8750-common:vendor/etc/init/imsdaemon.rc	vendor/etc/init/imsdaemon.rc
vendor/etc/init/init.embmssl_server.rc	selected-present	sm8750-common:vendor/etc/init/init.embmssl_server.rc	vendor/etc/init/init.embmssl_server.rc
vendor/etc/init/init.qccvendor.rc	selected-present	sm8750-common:vendor/etc/init/init.qccvendor.rc	vendor/etc/init/init.qccvendor.rc
vendor/etc/init/init.qlm-service.rc	selected-present	sm8750-common:vendor/etc/init/init.qlm-service.rc	vendor/etc/init/init.qlm-service.rc
vendor/etc/init/init.qt-service.rc	unselected-review		
vendor/etc/init/init.qti.display_boot.rc	selected-present	sm8750-common:vendor/etc/init/init.qti.display_boot.rc	vendor/etc/init/init.qti.display_boot.rc
vendor/etc/init/init.qti.fm.rc	selected-present	sm8750-common:vendor/etc/init/init.qti.fm.rc	vendor/etc/init/init.qti.fm.rc
vendor/etc/init/init.qti.media.rc	selected-present	sm8750-common:vendor/etc/init/init.qti.media.rc	vendor/etc/init/init.qti.media.rc
vendor/etc/init/init.qti.qcv.rc	selected-present	sm8750-common:vendor/etc/init/init.qti.qcv.rc	vendor/etc/init/init.qti.qcv.rc
vendor/etc/init/init.time_daemon.rc	selected-present	sm8750-common:vendor/etc/init/init.time_daemon.rc	vendor/etc/init/init.time_daemon.rc
vendor/etc/init/init.vendor.ins.rc	selected-present	sm8750-common:vendor/etc/init/init.vendor.ins.rc	vendor/etc/init/init.vendor.ins.rc
vendor/etc/init/init.vendor.sensors.rc	selected-present	sm8750-common:vendor/etc/init/init.vendor.sensors.rc	vendor/etc/init/init.vendor.sensors.rc
vendor/etc/init/init.vendor.wlan.rc	selected-present	sm8750-common:vendor/etc/init/init.vendor.wlan.rc	vendor/etc/init/init.vendor.wlan.rc
vendor/etc/init/init.wallpapercolor.rc	unselected-review		
vendor/etc/init/init_fan_service.rc	selected-present	piano:vendor/etc/init/init_fan_service.rc	vendor/etc/init/init_fan_service.rc
vendor/etc/init/init_thermal-engine-v2.rc	selected-present	sm8750-common:vendor/etc/init/init_thermal-engine-v2.rc	vendor/etc/init/init_thermal-engine-v2.rc
vendor/etc/init/ipacm-diag.rc	unselected-review		
vendor/etc/init/ipacm.rc	unselected-review		vendor/etc/init/ipacm.rc
vendor/etc/init/libxiaomi_qcril.rc	selected-present	sm8750-common:vendor/etc/init/libxiaomi_qcril.rc	vendor/etc/init/libxiaomi_qcril.rc
vendor/etc/init/loc-launcher.rc	selected-present	sm8750-common:vendor/etc/init/loc-launcher.rc	vendor/etc/init/loc-launcher.rc
vendor/etc/init/memtrack_qti.rc	unselected-review		vendor/etc/init/memtrack_qti.rc
vendor/etc/init/mi_ic.rc	unselected-review		
vendor/etc/init/mi_ric.rc	unselected-review		
vendor/etc/init/minetd.rc	selected-present	piano:vendor/etc/init/minetd.rc	vendor/etc/init/minetd.rc
vendor/etc/init/nicmd.rc	selected-present	sm8750-common:vendor/etc/init/nicmd.rc	vendor/etc/init/nicmd.rc
vendor/etc/init/ozonotify-1.0-service.rc	selected-present	sm8750-common:vendor/etc/init/ozonotify-1.0-service.rc	vendor/etc/init/ozonotify-1.0-service.rc
vendor/etc/init/port-bridge.rc	selected-present	sm8750-common:vendor/etc/init/port-bridge.rc	vendor/etc/init/port-bridge.rc
vendor/etc/init/poweropt-service.rc	selected-present	sm8750-common:vendor/etc/init/poweropt-service.rc	vendor/etc/init/poweropt-service.rc
vendor/etc/init/qcrilNrd.rc	selected-present	sm8750-common:vendor/etc/init/qcrilNrd.rc	vendor/etc/init/qcrilNrd.rc
vendor/etc/init/qdcmss.rc	selected-present	sm8750-common:vendor/etc/init/qdcmss.rc	vendor/etc/init/qdcmss.rc
vendor/etc/init/qesdk-manager.rc	selected-present	sm8750-common:vendor/etc/init/qesdk-manager.rc	vendor/etc/init/qesdk-manager.rc
vendor/etc/init/qesdk-secmanager.rc	selected-present	piano:vendor/etc/init/qesdk-secmanager.rc	vendor/etc/init/qesdk-secmanager.rc
vendor/etc/init/qguard.rc	selected-present	sm8750-common:vendor/etc/init/qguard.rc	vendor/etc/init/qguard.rc
vendor/etc/init/qmipriod.debug.rc	selected-present	sm8750-common:vendor/etc/init/qmipriod.debug.rc	vendor/etc/init/qmipriod.debug.rc
vendor/etc/init/qmipriod.rc	selected-present	sm8750-common:vendor/etc/init/qmipriod.rc	vendor/etc/init/qmipriod.rc
vendor/etc/init/qms.rc	selected-present	sm8750-common:vendor/etc/init/qms.rc	vendor/etc/init/qms.rc
vendor/etc/init/qseecomd.rc	selected-present	sm8750-common:vendor/etc/init/qseecomd.rc	vendor/etc/init/qseecomd.rc
vendor/etc/init/qspa_vendor.rc	source-reference-review		vendor/etc/init/qspa_vendor.rc
vendor/etc/init/qttestservice.rc	unselected-review		
vendor/etc/init/qvrd_vndr.rc	unselected-review		
vendor/etc/init/qwesd.rc	selected-present	piano:vendor/etc/init/qwesd.rc	vendor/etc/init/qwesd.rc
vendor/etc/init/shsusrd.rc	selected-present	sm8750-common:vendor/etc/init/shsusrd.rc	vendor/etc/init/shsusrd.rc
vendor/etc/init/slad.rc	selected-present	sm8750-common:vendor/etc/init/slad.rc	vendor/etc/init/slad.rc
vendor/etc/init/snapdragon_services.rc	selected-present	sm8750-common:vendor/etc/init/snapdragon_services.rc	vendor/etc/init/snapdragon_services.rc
vendor/etc/init/ssgtzd.rc	selected-present	sm8750-common:vendor/etc/init/ssgtzd.rc	vendor/etc/init/ssgtzd.rc
vendor/etc/init/sxrd.rc	selected-present	sm8750-common:vendor/etc/init/sxrd.rc	vendor/etc/init/sxrd.rc
vendor/etc/init/tlpd.rc	selected-present	sm8750-common:vendor/etc/init/tlpd.rc	vendor/etc/init/tlpd.rc
vendor/etc/init/trace.debug-sun.rc	unselected-review		
vendor/etc/init/trusteduilistener.rc	selected-present	sm8750-common:vendor/etc/init/trusteduilistener.rc	vendor/etc/init/trusteduilistener.rc
vendor/etc/init/vendor.dolby.media.c2-default-service-dax.rc	selected-present	sm8750-common:vendor/etc/init/vendor.dolby.media.c2-default-service-dax.rc	vendor/etc/init/vendor.dolby.media.c2-default-service-dax.rc
vendor/etc/init/vendor.dpmd.rc	selected-present	sm8750-common:vendor/etc/init/vendor.dpmd.rc	vendor/etc/init/vendor.dpmd.rc
vendor/etc/init/vendor.mbnota.rc	unselected-review		
vendor/etc/init/vendor.qsap.location.rc	selected-present	piano:vendor/etc/init/vendor.qsap.location.rc	vendor/etc/init/vendor.qsap.location.rc
vendor/etc/init/vendor.qsap.qapeservice.rc	selected-present	sm8750-common:vendor/etc/init/vendor.qsap.qapeservice.rc	vendor/etc/init/vendor.qsap.qapeservice.rc
vendor/etc/init/vendor.qsap.sensors.rc	selected-present	piano:vendor/etc/init/vendor.qsap.sensors.rc	vendor/etc/init/vendor.qsap.sensors.rc
vendor/etc/init/vendor.qti.MemHal-service.rc	selected-present	piano:vendor/etc/init/vendor.qti.MemHal-service.rc	vendor/etc/init/vendor.qti.MemHal-service.rc
vendor/etc/init/vendor.qti.adsprpc-guestos-service.rc	selected-present	sm8750-common:vendor/etc/init/vendor.qti.adsprpc-guestos-service.rc	vendor/etc/init/vendor.qti.adsprpc-guestos-service.rc
vendor/etc/init/vendor.qti.audio-adsprpc-service.rc	unselected-review		vendor/etc/init/vendor.qti.audio-adsprpc-service.rc
vendor/etc/init/vendor.qti.camera.provider-service_64.rc	selected-present	piano:vendor/etc/init/vendor.qti.camera.provider-service_64.rc	vendor/etc/init/vendor.qti.camera.provider-service_64.rc
vendor/etc/init/vendor.qti.cdsprpc-service.rc	selected-present	sm8750-common:vendor/etc/init/vendor.qti.cdsprpc-service.rc	vendor/etc/init/vendor.qti.cdsprpc-service.rc
vendor/etc/init/vendor.qti.diag_userdebug.rc	selected-present	sm8750-common:vendor/etc/init/vendor.qti.diag_userdebug.rc	vendor/etc/init/vendor.qti.diag_userdebug.rc
vendor/etc/init/vendor.qti.hardware.alarm-service.rc	selected-present	sm8750-common:vendor/etc/init/vendor.qti.hardware.alarm-service.rc	vendor/etc/init/vendor.qti.hardware.alarm-service.rc
vendor/etc/init/vendor.qti.hardware.capabilityconfigstore-service.rc	selected-present	sm8750-common:vendor/etc/init/vendor.qti.hardware.capabilityconfigstore-service.rc	vendor/etc/init/vendor.qti.hardware.capabilityconfigstore-service.rc
vendor/etc/init/vendor.qti.hardware.display.allocator-service.rc	selected-present	sm8750-common:vendor/etc/init/vendor.qti.hardware.display.allocator-service.rc	vendor/etc/init/vendor.qti.hardware.display.allocator-service.rc
vendor/etc/init/vendor.qti.hardware.display.color-service.rc	selected-present	sm8750-common:vendor/etc/init/vendor.qti.hardware.display.color-service.rc	vendor/etc/init/vendor.qti.hardware.display.color-service.rc
vendor/etc/init/vendor.qti.hardware.display.composer-service.rc	selected-present	sm8750-common:vendor/etc/init/vendor.qti.hardware.display.composer-service.rc	vendor/etc/init/vendor.qti.hardware.display.composer-service.rc
vendor/etc/init/vendor.qti.hardware.display.demura-service.rc	unselected-review		
vendor/etc/init/vendor.qti.hardware.dsp-service.rc	selected-present	sm8750-common:vendor/etc/init/vendor.qti.hardware.dsp-service.rc	vendor/etc/init/vendor.qti.hardware.dsp-service.rc
vendor/etc/init/vendor.qti.hardware.minkipcbinder@1.0-service.rc	selected-present	piano:vendor/etc/init/vendor.qti.hardware.minkipcbinder@1.0-service.rc	vendor/etc/init/vendor.qti.hardware.minkipcbinder@1.0-service.rc
vendor/etc/init/vendor.qti.hardware.perf2-hal-service.rc	selected-present	sm8750-common:vendor/etc/init/vendor.qti.hardware.perf2-hal-service.rc	vendor/etc/init/vendor.qti.hardware.perf2-hal-service.rc
vendor/etc/init/vendor.qti.hardware.qseecom@1.0-service.rc	selected-present	sm8750-common:vendor/etc/init/vendor.qti.hardware.qseecom@1.0-service.rc	vendor/etc/init/vendor.qti.hardware.qseecom@1.0-service.rc
vendor/etc/init/vendor.qti.hardware.secureprocessor.rc	selected-present	sm8750-common:vendor/etc/init/vendor.qti.hardware.secureprocessor.rc	vendor/etc/init/vendor.qti.hardware.secureprocessor.rc
vendor/etc/init/vendor.qti.hardware.sensorscalibrate-service.rc	selected-present	sm8750-common:vendor/etc/init/vendor.qti.hardware.sensorscalibrate-service.rc	vendor/etc/init/vendor.qti.hardware.sensorscalibrate-service.rc
vendor/etc/init/vendor.qti.hardware.servicetrackeraidl-service.rc	selected-present	sm8750-common:vendor/etc/init/vendor.qti.hardware.servicetrackeraidl-service.rc	vendor/etc/init/vendor.qti.hardware.servicetrackeraidl-service.rc
vendor/etc/init/vendor.qti.hardware.soter-service.rc	selected-present	sm8750-common:vendor/etc/init/vendor.qti.hardware.soter-service.rc	vendor/etc/init/vendor.qti.hardware.soter-service.rc
vendor/etc/init/vendor.qti.hardware.trustedui-aidl-service-qti.rc	selected-present	sm8750-common:vendor/etc/init/vendor.qti.hardware.trustedui-aidl-service-qti.rc	vendor/etc/init/vendor.qti.hardware.trustedui-aidl-service-qti.rc
vendor/etc/init/vendor.qti.hardware.wifi.wifilearner-service.rc	selected-present	piano:vendor/etc/init/vendor.qti.hardware.wifi.wifilearner-service.rc	vendor/etc/init/vendor.qti.hardware.wifi.wifilearner-service.rc
vendor/etc/init/vendor.qti.media.c2@1.0-service.rc	selected-present	sm8750-common:vendor/etc/init/vendor.qti.media.c2@1.0-service.rc	vendor/etc/init/vendor.qti.media.c2@1.0-service.rc
vendor/etc/init/vendor.qti.media.c2audio@1.0-service.rc	selected-present	sm8750-common:vendor/etc/init/vendor.qti.media.c2audio@1.0-service.rc	vendor/etc/init/vendor.qti.media.c2audio@1.0-service.rc
vendor/etc/init/vendor.qti.memory.pasrmanager-service.rc	selected-present	piano:vendor/etc/init/vendor.qti.memory.pasrmanager-service.rc	vendor/etc/init/vendor.qti.memory.pasrmanager-service.rc
vendor/etc/init/vendor.qti.psiclient@1.0-service.rc	selected-present	piano:vendor/etc/init/vendor.qti.psiclient@1.0-service.rc	vendor/etc/init/vendor.qti.psiclient@1.0-service.rc
vendor/etc/init/vendor.qti.qspa-service.rc	unselected-review		
vendor/etc/init/vendor.qti.qspmhal-service.rc	selected-present	sm8750-common:vendor/etc/init/vendor.qti.qspmhal-service.rc	vendor/etc/init/vendor.qti.qspmhal-service.rc
vendor/etc/init/vendor.qti.rmt_storage.rc	selected-present	sm8750-common:vendor/etc/init/vendor.qti.rmt_storage.rc	vendor/etc/init/vendor.qti.rmt_storage.rc
vendor/etc/init/vendor.qti.sla.service@2.0-service.rc	selected-present	sm8750-common:vendor/etc/init/vendor.qti.sla.service@2.0-service.rc	vendor/etc/init/vendor.qti.sla.service@2.0-service.rc
vendor/etc/init/vendor.qti.smp2p.rc	selected-present	piano:vendor/etc/init/vendor.qti.smp2p.rc	vendor/etc/init/vendor.qti.smp2p.rc
vendor/etc/init/vendor.qti.syshealthmon-service.rc	selected-present	sm8750-common:vendor/etc/init/vendor.qti.syshealthmon-service.rc	vendor/etc/init/vendor.qti.syshealthmon-service.rc
vendor/etc/init/vendor.qti.tftp.rc	selected-present	sm8750-common:vendor/etc/init/vendor.qti.tftp.rc	vendor/etc/init/vendor.qti.tftp.rc
vendor/etc/init/vendor.sensors.qti.rc	selected-present	sm8750-common:vendor/etc/init/vendor.sensors.qti.rc	vendor/etc/init/vendor.sensors.qti.rc
vendor/etc/init/vendor.sensors.sscrpcd.rc	selected-present	sm8750-common:vendor/etc/init/vendor.sensors.sscrpcd.rc	vendor/etc/init/vendor.sensors.sscrpcd.rc
vendor/etc/init/vendor.xiaomi.aidl.minet@1.0-service.rc	selected-present	piano:vendor/etc/init/vendor.xiaomi.aidl.minet@1.0-service.rc	vendor/etc/init/vendor.xiaomi.aidl.minet@1.0-service.rc
vendor/etc/init/vendor.xiaomi.aidl.miwill@1.0-service.rc	selected-present	piano:vendor/etc/init/vendor.xiaomi.aidl.miwill@1.0-service.rc	vendor/etc/init/vendor.xiaomi.aidl.miwill@1.0-service.rc
vendor/etc/init/vendor.xiaomi.cit.bluetooth-service.rc	unselected-review		
vendor/etc/init/vendor.xiaomi.cit.wifi-service.rc	unselected-review		
vendor/etc/init/vendor.xiaomi.hardware.batteryantiaging-service.rc	selected-present	piano:vendor/etc/init/vendor.xiaomi.hardware.batteryantiaging-service.rc	vendor/etc/init/vendor.xiaomi.hardware.batteryantiaging-service.rc
vendor/etc/init/vendor.xiaomi.hardware.cld_aidl-service.rc	selected-present	piano:vendor/etc/init/vendor.xiaomi.hardware.cld_aidl-service.rc	vendor/etc/init/vendor.xiaomi.hardware.cld_aidl-service.rc
vendor/etc/init/vendor.xiaomi.hardware.displayfeature_aidl-service.rc	selected-present	sm8750-common:vendor/etc/init/vendor.xiaomi.hardware.displayfeature_aidl-service.rc	vendor/etc/init/vendor.xiaomi.hardware.displayfeature_aidl-service.rc
vendor/etc/init/vendor.xiaomi.hardware.fbo-service.rc	selected-present	piano:vendor/etc/init/vendor.xiaomi.hardware.fbo-service.rc	vendor/etc/init/vendor.xiaomi.hardware.fbo-service.rc
vendor/etc/init/vendor.xiaomi.hardware.micharge-service.rc	selected-present	sm8750-common:vendor/etc/init/vendor.xiaomi.hardware.micharge-service.rc	vendor/etc/init/vendor.xiaomi.hardware.micharge-service.rc
vendor/etc/init/vendor.xiaomi.hardware.mimd2-service.rc	selected-present	piano:vendor/etc/init/vendor.xiaomi.hardware.mimd2-service.rc	vendor/etc/init/vendor.xiaomi.hardware.mimd2-service.rc
vendor/etc/init/vendor.xiaomi.hardware.miperf2-service.rc	selected-present	piano:vendor/etc/init/vendor.xiaomi.hardware.miperf2-service.rc	vendor/etc/init/vendor.xiaomi.hardware.miperf2-service.rc
vendor/etc/init/vendor.xiaomi.hardware.misys.core-service.rc	selected-present	sm8750-common:vendor/etc/init/vendor.xiaomi.hardware.misys.core-service.rc	vendor/etc/init/vendor.xiaomi.hardware.misys.core-service.rc
vendor/etc/init/vendor.xiaomi.hardware.swap-service.rc	unselected-review		
vendor/etc/init/vendor.xiaomi.hardware.videoservice-service.rc	unselected-review		
vendor/etc/init/vmmgr.rc	selected-present	sm8750-common:vendor/etc/init/vmmgr.rc	vendor/etc/init/vmmgr.rc
vendor/etc/init/vndservicemanager.rc	unselected-review		vendor/etc/init/vndservicemanager.rc
vendor/etc/init/vppservice.rc	selected-present	sm8750-common:vendor/etc/init/vppservice.rc	vendor/etc/init/vppservice.rc
vendor/etc/init/wfdvndservice.rc	selected-present	sm8750-common:vendor/etc/init/wfdvndservice.rc	vendor/etc/init/wfdvndservice.rc
vendor/etc/init/wlanramdumpcollector.rc	unselected-review		
vendor/etc/init.qti.fm.sh	selected-present	sm8750-common:vendor/etc/init.qti.fm.sh	vendor/etc/init.qti.fm.sh
vendor/etc/input-port-associations.xml	unselected-review		
vendor/etc/kvh2xml.xml	selected-present	sm8750-common:vendor/etc/kvh2xml.xml	vendor/etc/kvh2xml.xml
vendor/etc/libnfc-SN220_19_2MHZ.conf	selected-present	sm8750-common:vendor/etc/libnfc-SN220_19_2MHZ.conf	vendor/etc/libnfc-SN220_19_2MHZ.conf
vendor/etc/libnfc-SN220_38_4MHZ.conf	selected-present	sm8750-common:vendor/etc/libnfc-SN220_38_4MHZ.conf	vendor/etc/libnfc-SN220_38_4MHZ.conf
vendor/etc/libnfc-SN300_38_4MHZ.conf	selected-present	sm8750-common:vendor/etc/libnfc-SN300_38_4MHZ.conf	vendor/etc/libnfc-SN300_38_4MHZ.conf
vendor/etc/libnfc-mtp-SN100.conf	selected-present	sm8750-common:vendor/etc/libnfc-mtp-SN100.conf	vendor/etc/libnfc-mtp-SN100.conf
vendor/etc/libnfc-mtp-SN100_38_4MHZ.conf	selected-present	sm8750-common:vendor/etc/libnfc-mtp-SN100_38_4MHZ.conf	vendor/etc/libnfc-mtp-SN100_38_4MHZ.conf
vendor/etc/libnfc-nxp-pnscr.conf	selected-present	sm8750-common:vendor/etc/libnfc-nxp-pnscr.conf	vendor/etc/libnfc-nxp-pnscr.conf
vendor/etc/libnfc-qrd-SN100.conf	selected-present	sm8750-common:vendor/etc/libnfc-qrd-SN100.conf	vendor/etc/libnfc-qrd-SN100.conf
vendor/etc/libnfc-qrd-SN100_38_4MHZ.conf	selected-present	sm8750-common:vendor/etc/libnfc-qrd-SN100_38_4MHZ.conf	vendor/etc/libnfc-qrd-SN100_38_4MHZ.conf
vendor/etc/linker.config.pb	unselected-review		vendor/etc/linker.config.pb
vendor/etc/lm/AppClassifierFeature.xml	selected-present	sm8750-common:vendor/etc/lm/AppClassifierFeature.xml	vendor/etc/lm/AppClassifierFeature.xml
vendor/etc/lm/LightningLaunchesFeature.xml	selected-present	sm8750-common:vendor/etc/lm/LightningLaunchesFeature.xml	vendor/etc/lm/LightningLaunchesFeature.xml
vendor/etc/lm/PreKillFeature.xml	selected-present	sm8750-common:vendor/etc/lm/PreKillFeature.xml	vendor/etc/lm/PreKillFeature.xml
vendor/etc/lm/PrefAppsFeature.xml	selected-present	sm8750-common:vendor/etc/lm/PrefAppsFeature.xml	vendor/etc/lm/PrefAppsFeature.xml
vendor/etc/lm/ProCompFeature.xml	selected-present	sm8750-common:vendor/etc/lm/ProCompFeature.xml	vendor/etc/lm/ProCompFeature.xml
vendor/etc/lm/QAPE.xml	selected-present	sm8750-common:vendor/etc/lm/QAPE.xml	vendor/etc/lm/QAPE.xml
vendor/etc/lm/QGPE.xml	selected-present	sm8750-common:vendor/etc/lm/QGPE.xml	vendor/etc/lm/QGPE.xml
vendor/etc/lm/QGPEActionMap.xml	selected-present	sm8750-common:vendor/etc/lm/QGPEActionMap.xml	vendor/etc/lm/QGPEActionMap.xml
vendor/etc/lm/SagtFeature.xml	selected-present	sm8750-common:vendor/etc/lm/SagtFeature.xml	vendor/etc/lm/SagtFeature.xml
vendor/etc/lm/SilkyScrollsFeature.xml	selected-present	sm8750-common:vendor/etc/lm/SilkyScrollsFeature.xml	vendor/etc/lm/SilkyScrollsFeature.xml
vendor/etc/lm/prekill/prekill_2GB.data	selected-present	sm8750-common:vendor/etc/lm/prekill/prekill_2GB.data	vendor/etc/lm/prekill/prekill_2GB.data
vendor/etc/lm/prekill/prekill_4GB.data	selected-present	sm8750-common:vendor/etc/lm/prekill/prekill_4GB.data	vendor/etc/lm/prekill/prekill_4GB.data
vendor/etc/lm/prekill/prekill_6GB.data	selected-present	sm8750-common:vendor/etc/lm/prekill/prekill_6GB.data	vendor/etc/lm/prekill/prekill_6GB.data
vendor/etc/lowi.conf	selected-present	sm8750-common:vendor/etc/lowi.conf	vendor/etc/lowi.conf
vendor/etc/media_codecs.xml	selected-present	sm8750-common:vendor/etc/media_codecs.xml	vendor/etc/media_codecs.xml
vendor/etc/media_codecs_c2_audio.xml	source-reference-review		vendor/etc/media_codecs_c2_audio.xml
vendor/etc/media_codecs_dolby_audio.xml	selected-present	sm8750-common:vendor/etc/media_codecs_dolby_audio.xml	vendor/etc/media_codecs_dolby_audio.xml
vendor/etc/media_codecs_google_audio.xml	unselected-review		
vendor/etc/media_codecs_google_c2.xml	unselected-review		
vendor/etc/media_codecs_google_c2_audio.xml	unselected-review		
vendor/etc/media_codecs_google_c2_video.xml	unselected-review		
vendor/etc/media_codecs_google_telephony.xml	unselected-review		
vendor/etc/media_codecs_google_video.xml	unselected-review		
vendor/etc/media_codecs_google_video_le.xml	unselected-review		
vendor/etc/media_codecs_kera_v0.xml	unselected-review		
vendor/etc/media_codecs_kera_v1.xml	unselected-review		
vendor/etc/media_codecs_mi_c2_audio.xml	selected-present	sm8750-common:vendor/etc/media_codecs_mi_c2_audio.xml	vendor/etc/media_codecs_mi_c2_audio.xml
vendor/etc/media_codecs_performance_kera_v0.xml	unselected-review		
vendor/etc/media_codecs_performance_kera_v1.xml	unselected-review		
vendor/etc/media_codecs_performance_sun.xml	selected-present	sm8750-common:vendor/etc/media_codecs_performance_sun.xml	vendor/etc/media_codecs_performance_sun.xml
vendor/etc/media_codecs_performance_sun_vendor.xml	selected-present	sm8750-common:vendor/etc/media_codecs_performance_sun_vendor.xml	vendor/etc/media_codecs_performance_sun_vendor.xml
vendor/etc/media_codecs_performance_sun_vendor_without_dvenc.xml	selected-present	sm8750-common:vendor/etc/media_codecs_performance_sun_vendor_without_dvenc.xml	vendor/etc/media_codecs_performance_sun_vendor_without_dvenc.xml
vendor/etc/media_codecs_performance_tuna_v0.xml	unselected-review		
vendor/etc/media_codecs_performance_tuna_v0_without_dvenc.xml	unselected-review		
vendor/etc/media_codecs_performance_tuna_v1.xml	unselected-review		
vendor/etc/media_codecs_sun.xml	selected-present	sm8750-common:vendor/etc/media_codecs_sun.xml	vendor/etc/media_codecs_sun.xml
vendor/etc/media_codecs_sun_vendor.xml	selected-present	sm8750-common:vendor/etc/media_codecs_sun_vendor.xml	vendor/etc/media_codecs_sun_vendor.xml
vendor/etc/media_codecs_sun_vendor_without_dvenc.xml	selected-present	sm8750-common:vendor/etc/media_codecs_sun_vendor_without_dvenc.xml	vendor/etc/media_codecs_sun_vendor_without_dvenc.xml
vendor/etc/media_codecs_tuna_v0.xml	unselected-review		
vendor/etc/media_codecs_tuna_v0_without_dvenc.xml	unselected-review		
vendor/etc/media_codecs_tuna_v1.xml	unselected-review		
vendor/etc/media_codecs_vendor_audio.xml	unselected-review		
vendor/etc/media_kera_v0/video_system_specs.json	unselected-review		
vendor/etc/media_kera_v1/video_system_specs.json	unselected-review		
vendor/etc/media_profiles.xml	selected-present	sm8750-common:vendor/etc/media_profiles.xml	vendor/etc/media_profiles.xml
vendor/etc/media_profiles_V1_0.xml	selected-present	sm8750-common:vendor/etc/media_profiles_V1_0.xml	vendor/etc/media_profiles_V1_0.xml
vendor/etc/media_profiles_kera_v0.xml	unselected-review		
vendor/etc/media_profiles_kera_v1.xml	unselected-review		
vendor/etc/media_profiles_piano.xml	selected-present	piano:vendor/etc/media_profiles_piano.xml	vendor/etc/media_profiles_piano.xml
vendor/etc/media_profiles_sun.xml	selected-present	sm8750-common:vendor/etc/media_profiles_sun.xml	vendor/etc/media_profiles_sun.xml
vendor/etc/media_profiles_sun_miro.xml	unselected-review		
vendor/etc/media_profiles_tuna_v0.xml	unselected-review		
vendor/etc/media_profiles_tuna_v1.xml	unselected-review		
vendor/etc/media_profiles_yupei.xml	unselected-review		
vendor/etc/media_sun/video_system_specs.json	selected-present	sm8750-common:vendor/etc/media_sun/video_system_specs.json	vendor/etc/media_sun/video_system_specs.json
vendor/etc/media_tuna_v0/video_system_specs.json	unselected-review		
vendor/etc/media_tuna_v1/video_system_specs.json	unselected-review		
vendor/etc/mem_logger_config.xml	selected-present	sm8750-common:vendor/etc/mem_logger_config.xml	vendor/etc/mem_logger_config.xml
vendor/etc/microphone_characteristics.xml	selected-present	sm8750-common:vendor/etc/microphone_characteristics.xml	vendor/etc/microphone_characteristics.xml
vendor/etc/mkshrc	unselected-review		vendor/etc/mkshrc
vendor/etc/models/acd/environment.eai	selected-present	sm8750-common:vendor/etc/models/acd/environment.eai	vendor/etc/models/acd/environment.eai
vendor/etc/models/acd/event.eai	selected-present	sm8750-common:vendor/etc/models/acd/event.eai	vendor/etc/models/acd/event.eai
vendor/etc/models/acd/music.eai	selected-present	sm8750-common:vendor/etc/models/acd/music.eai	vendor/etc/models/acd/music.eai
vendor/etc/models/acd/speech.eai	selected-present	sm8750-common:vendor/etc/models/acd/speech.eai	vendor/etc/models/acd/speech.eai
vendor/etc/modem/Diag.cfg	selected-present	sm8750-common:vendor/etc/modem/Diag.cfg	vendor/etc/modem/Diag.cfg
vendor/etc/modem/Diag_RF.cfg	selected-present	sm8750-common:vendor/etc/modem/Diag_RF.cfg	vendor/etc/modem/Diag_RF.cfg
vendor/etc/modem/Diag_data.cfg	selected-present	sm8750-common:vendor/etc/modem/Diag_data.cfg	vendor/etc/modem/Diag_data.cfg
vendor/etc/modem/Diag_default.cfg	selected-present	sm8750-common:vendor/etc/modem/Diag_default.cfg	vendor/etc/modem/Diag_default.cfg
vendor/etc/modem/Diag_global.cfg	selected-present	sm8750-common:vendor/etc/modem/Diag_global.cfg	vendor/etc/modem/Diag_global.cfg
vendor/etc/modem/Diag_ims.cfg	selected-present	sm8750-common:vendor/etc/modem/Diag_ims.cfg	vendor/etc/modem/Diag_ims.cfg
vendor/etc/modem/Diag_power.cfg	selected-present	sm8750-common:vendor/etc/modem/Diag_power.cfg	vendor/etc/modem/Diag_power.cfg
vendor/etc/modem/network_scan_config.cfg	selected-present	sm8750-common:vendor/etc/modem/network_scan_config.cfg	vendor/etc/modem/network_scan_config.cfg
vendor/etc/modem/power.cfg	selected-present	sm8750-common:vendor/etc/modem/power.cfg	vendor/etc/modem/power.cfg
vendor/etc/nfcon.pnscr	unselected-review		
vendor/etc/passwd	unselected-review		vendor/etc/passwd
vendor/etc/perf/avcsysnodesconfigs.xml	selected-present	sm8750-common:vendor/etc/perf/avcsysnodesconfigs.xml	vendor/etc/perf/avcsysnodesconfigs.xml
vendor/etc/perf/commonresourceconfigs.xml	selected-present	sm8750-common:vendor/etc/perf/commonresourceconfigs.xml	vendor/etc/perf/commonresourceconfigs.xml
vendor/etc/perf/commonsysnodesconfigs.xml	selected-present	sm8750-common:vendor/etc/perf/commonsysnodesconfigs.xml	vendor/etc/perf/commonsysnodesconfigs.xml
vendor/etc/perf/factorsconfig.xml	selected-present	sm8750-common:vendor/etc/perf/factorsconfig.xml	vendor/etc/perf/factorsconfig.xml
vendor/etc/perf/perfboostsconfig.xml	selected-present	sm8750-common:vendor/etc/perf/perfboostsconfig.xml	vendor/etc/perf/perfboostsconfig.xml
vendor/etc/perf/perfboostselection.xml	selected-present	sm8750-common:vendor/etc/perf/perfboostselection.xml	vendor/etc/perf/perfboostselection.xml
vendor/etc/perf/perfconfigstore.xml	selected-present	sm8750-common:vendor/etc/perf/perfconfigstore.xml	vendor/etc/perf/perfconfigstore.xml
vendor/etc/perf/qapeboostsconfig.xml	selected-present	sm8750-common:vendor/etc/perf/qapeboostsconfig.xml	vendor/etc/perf/qapeboostsconfig.xml
vendor/etc/perf/qapeconfigstore.xml	selected-present	sm8750-common:vendor/etc/perf/qapeconfigstore.xml	vendor/etc/perf/qapeconfigstore.xml
vendor/etc/perf/qapegameconfig.txt	selected-present	sm8750-common:vendor/etc/perf/qapegameconfig.txt	vendor/etc/perf/qapegameconfig.txt
vendor/etc/perf/targetavcsysnodesconfigs.xml	selected-present	sm8750-common:vendor/etc/perf/targetavcsysnodesconfigs.xml	vendor/etc/perf/targetavcsysnodesconfigs.xml
vendor/etc/perf/targetconfig.xml	selected-present	sm8750-common:vendor/etc/perf/targetconfig.xml	vendor/etc/perf/targetconfig.xml
vendor/etc/perf/targetresourceconfigs.xml	selected-present	sm8750-common:vendor/etc/perf/targetresourceconfigs.xml	vendor/etc/perf/targetresourceconfigs.xml
vendor/etc/perf/targetsysnodesconfigs.xml	selected-present	sm8750-common:vendor/etc/perf/targetsysnodesconfigs.xml	vendor/etc/perf/targetsysnodesconfigs.xml
vendor/etc/perf/testcommonresourceconfigs.xml	selected-present	sm8750-common:vendor/etc/perf/testcommonresourceconfigs.xml	vendor/etc/perf/testcommonresourceconfigs.xml
vendor/etc/perf/testtargetresourceconfigs.xml	selected-present	sm8750-common:vendor/etc/perf/testtargetresourceconfigs.xml	vendor/etc/perf/testtargetresourceconfigs.xml
vendor/etc/perf/thermal-boost.conf	selected-present	sm8750-common:vendor/etc/perf/thermal-boost.conf	vendor/etc/perf/thermal-boost.conf
vendor/etc/perf/thermalbreakboostconfig.xml	selected-present	sm8750-common:vendor/etc/perf/thermalbreakboostconfig.xml	vendor/etc/perf/thermalbreakboostconfig.xml
vendor/etc/permissions/android.hardware.audio.low_latency.xml	source-reference-review		vendor/etc/permissions/android.hardware.audio.low_latency.xml
vendor/etc/permissions/android.hardware.audio.pro.xml	source-reference-review		vendor/etc/permissions/android.hardware.audio.pro.xml
vendor/etc/permissions/android.hardware.biometrics.face.xml	unselected-review		
vendor/etc/permissions/android.hardware.bluetooth.xml	source-reference-review		vendor/etc/permissions/android.hardware.bluetooth.xml
vendor/etc/permissions/android.hardware.bluetooth_le.xml	source-reference-review		vendor/etc/permissions/android.hardware.bluetooth_le.xml
vendor/etc/permissions/android.hardware.camera.concurrent.xml	source-reference-review		vendor/etc/permissions/android.hardware.camera.concurrent.xml
vendor/etc/permissions/android.hardware.camera.flash-autofocus.xml	source-reference-review		vendor/etc/permissions/android.hardware.camera.flash-autofocus.xml
vendor/etc/permissions/android.hardware.camera.front.xml	source-reference-review		vendor/etc/permissions/android.hardware.camera.front.xml
vendor/etc/permissions/android.hardware.camera.full.xml	source-reference-review		vendor/etc/permissions/android.hardware.camera.full.xml
vendor/etc/permissions/android.hardware.camera.raw.xml	source-reference-review		vendor/etc/permissions/android.hardware.camera.raw.xml
vendor/etc/permissions/android.hardware.hardware_keystore.xml	source-reference-review		vendor/etc/permissions/android.hardware.hardware_keystore.xml
vendor/etc/permissions/android.hardware.keystore.app_attest_key.xml	source-reference-review		vendor/etc/permissions/android.hardware.keystore.app_attest_key.xml
vendor/etc/permissions/android.hardware.opengles.aep.xml	source-reference-review		vendor/etc/permissions/android.hardware.opengles.aep.xml
vendor/etc/permissions/android.hardware.telephony.mbms.xml	unselected-review		
vendor/etc/permissions/android.hardware.touchscreen.multitouch.jazzhand.xml	source-reference-review		vendor/etc/permissions/android.hardware.touchscreen.multitouch.jazzhand.xml
vendor/etc/permissions/android.hardware.usb.accessory.xml	source-reference-review		vendor/etc/permissions/android.hardware.usb.accessory.xml
vendor/etc/permissions/android.hardware.usb.host.xml	source-reference-review		vendor/etc/permissions/android.hardware.usb.host.xml
vendor/etc/permissions/android.hardware.vulkan.compute-0.xml	source-reference-review		vendor/etc/permissions/android.hardware.vulkan.compute-0.xml
vendor/etc/permissions/android.hardware.vulkan.level-1.xml	source-reference-review		vendor/etc/permissions/android.hardware.vulkan.level-1.xml
vendor/etc/permissions/android.hardware.vulkan.version-1_1.xml	source-reference-review		vendor/etc/permissions/android.hardware.vulkan.version-1_1.xml
vendor/etc/permissions/android.hardware.vulkan.version-1_3.xml	source-reference-review		vendor/etc/permissions/android.hardware.vulkan.version-1_3.xml
vendor/etc/permissions/android.hardware.wifi.aware.xml	source-reference-review		vendor/etc/permissions/android.hardware.wifi.aware.xml
vendor/etc/permissions/android.hardware.wifi.direct.xml	source-reference-review		vendor/etc/permissions/android.hardware.wifi.direct.xml
vendor/etc/permissions/android.hardware.wifi.passpoint.xml	source-reference-review		vendor/etc/permissions/android.hardware.wifi.passpoint.xml
vendor/etc/permissions/android.hardware.wifi.xml	source-reference-review		vendor/etc/permissions/android.hardware.wifi.xml
vendor/etc/permissions/android.software.device_id_attestation.xml	source-reference-review		vendor/etc/permissions/android.software.device_id_attestation.xml
vendor/etc/permissions/android.software.ipsec_tunnels.xml	source-reference-review		vendor/etc/permissions/android.software.ipsec_tunnels.xml
vendor/etc/permissions/android.software.midi.xml	source-reference-review		vendor/etc/permissions/android.software.midi.xml
vendor/etc/permissions/android.software.opengles.deqp.level.xml	source-reference-review		vendor/etc/permissions/android.software.opengles.deqp.level.xml
vendor/etc/permissions/android.software.sip.voip.xml	unselected-review		
vendor/etc/permissions/android.software.verified_boot.xml	source-reference-review		vendor/etc/permissions/android.software.verified_boot.xml
vendor/etc/permissions/android.software.vulkan.deqp.level.xml	source-reference-review		vendor/etc/permissions/android.software.vulkan.deqp.level.xml
vendor/etc/permissions/camera_extensions.xml	selected-present	sm8750-common:vendor/etc/permissions/camera_extensions.xml	vendor/etc/permissions/camera_extensions.xml
vendor/etc/permissions/com.android.se.xml	selected-present	sm8750-common:vendor/etc/permissions/com.android.se.xml	vendor/etc/permissions/com.android.se.xml
vendor/etc/permissions/com.xiaomi.sensor.xml	unselected-review		
vendor/etc/permissions/features_com.android.virt.xml	unselected-review		
vendor/etc/permissions/handheld_core_hardware.xml	unselected-review		
vendor/etc/permissions/noRil/apq_excluded_telephony_features.xml	selected-present	sm8750-common:vendor/etc/permissions/noRil/apq_excluded_telephony_features.xml	vendor/etc/permissions/noRil/apq_excluded_telephony_features.xml
vendor/etc/permissions/privapp-permissions-qti-vendor.xml	unselected-review		
vendor/etc/permissions/qti_fingerprint_interface.xml	selected-present	sm8750-common:vendor/etc/permissions/qti_fingerprint_interface.xml	vendor/etc/permissions/qti_fingerprint_interface.xml
vendor/etc/permissions/removeTelephonyFeature.xml	unselected-review		
vendor/etc/permissions/sku_kera/android.hardware.sensor.accelerometer.xml	source-reference-review		
vendor/etc/permissions/sku_kera/android.hardware.sensor.ambient_temperature.xml	unselected-review		
vendor/etc/permissions/sku_kera/android.hardware.sensor.barometer.xml	source-reference-review		
vendor/etc/permissions/sku_kera/android.hardware.sensor.compass.xml	source-reference-review		
vendor/etc/permissions/sku_kera/android.hardware.sensor.dynamic.head_tracker.xml	source-reference-review		
vendor/etc/permissions/sku_kera/android.hardware.sensor.gyroscope.xml	source-reference-review		
vendor/etc/permissions/sku_kera/android.hardware.sensor.hifi_sensors.xml	source-reference-review		
vendor/etc/permissions/sku_kera/android.hardware.sensor.light.xml	source-reference-review		
vendor/etc/permissions/sku_kera/android.hardware.sensor.proximity.xml	source-reference-review		
vendor/etc/permissions/sku_kera/android.hardware.sensor.relative_humidity.xml	unselected-review		
vendor/etc/permissions/sku_kera/android.hardware.sensor.stepcounter.xml	source-reference-review		
vendor/etc/permissions/sku_kera/android.hardware.sensor.stepdetector.xml	source-reference-review		
vendor/etc/permissions/sku_sun/android.hardware.sensor.accelerometer.xml	source-reference-review		vendor/etc/permissions/sku_sun/android.hardware.sensor.accelerometer.xml
vendor/etc/permissions/sku_sun/android.hardware.sensor.compass.xml	source-reference-review		vendor/etc/permissions/sku_sun/android.hardware.sensor.compass.xml
vendor/etc/permissions/sku_sun/android.hardware.sensor.dynamic.head_tracker.xml	source-reference-review		vendor/etc/permissions/sku_sun/android.hardware.sensor.dynamic.head_tracker.xml
vendor/etc/permissions/sku_sun/android.hardware.sensor.gyroscope.xml	source-reference-review		vendor/etc/permissions/sku_sun/android.hardware.sensor.gyroscope.xml
vendor/etc/permissions/sku_sun/android.hardware.sensor.light.xml	source-reference-review		vendor/etc/permissions/sku_sun/android.hardware.sensor.light.xml
vendor/etc/permissions/sku_sun/android.hardware.sensor.proximity.xml	source-reference-review		vendor/etc/permissions/sku_sun/android.hardware.sensor.proximity.xml
vendor/etc/permissions/sku_sun/android.hardware.sensor.stepcounter.xml	source-reference-review		vendor/etc/permissions/sku_sun/android.hardware.sensor.stepcounter.xml
vendor/etc/permissions/sku_sun/android.hardware.sensor.stepdetector.xml	source-reference-review		vendor/etc/permissions/sku_sun/android.hardware.sensor.stepdetector.xml
vendor/etc/permissions/sku_tuna/android.hardware.sensor.accelerometer.xml	source-reference-review		
vendor/etc/permissions/sku_tuna/android.hardware.sensor.compass.xml	source-reference-review		
vendor/etc/permissions/sku_tuna/android.hardware.sensor.dynamic.head_tracker.xml	source-reference-review		
vendor/etc/permissions/sku_tuna/android.hardware.sensor.gyroscope.xml	source-reference-review		
vendor/etc/permissions/sku_tuna/android.hardware.sensor.light.xml	source-reference-review		
vendor/etc/permissions/sku_tuna/android.hardware.sensor.proximity.xml	source-reference-review		
vendor/etc/permissions/sku_tuna/android.hardware.sensor.stepcounter.xml	source-reference-review		
vendor/etc/permissions/sku_tuna/android.hardware.sensor.stepdetector.xml	source-reference-review		
vendor/etc/permissions/vendor.qti.dcf.xml	unselected-review		
vendor/etc/permissions/vendor.qti.qva.xml	unselected-review		
vendor/etc/permissions/xiaomi.global.hardware.features.xml	unselected-review		
vendor/etc/powerhint.xml	source-reference-review		vendor/etc/powerhint.xml
vendor/etc/public.libraries.txt	selected-present	sm8750-common:vendor/etc/public.libraries.txt	vendor/etc/public.libraries.txt
vendor/etc/pwr/CameraPowerOptFeature.xml	selected-present	sm8750-common:vendor/etc/pwr/CameraPowerOptFeature.xml	vendor/etc/pwr/CameraPowerOptFeature.xml
vendor/etc/pwr/GamePowerOptFeature.xml	selected-present	sm8750-common:vendor/etc/pwr/GamePowerOptFeature.xml	vendor/etc/pwr/GamePowerOptFeature.xml
vendor/etc/pwr/OffScreenPowerOptFeature.xml	selected-present	sm8750-common:vendor/etc/pwr/OffScreenPowerOptFeature.xml	vendor/etc/pwr/OffScreenPowerOptFeature.xml
vendor/etc/pwr/PSMPowerOptFeature.xml	selected-present	sm8750-common:vendor/etc/pwr/PSMPowerOptFeature.xml	vendor/etc/pwr/PSMPowerOptFeature.xml
vendor/etc/pwr/PowerFeatureConfig.xml	selected-present	sm8750-common:vendor/etc/pwr/PowerFeatureConfig.xml	vendor/etc/pwr/PowerFeatureConfig.xml
vendor/etc/pwr/VideoPowerOptFeature.xml	selected-present	sm8750-common:vendor/etc/pwr/VideoPowerOptFeature.xml	vendor/etc/pwr/VideoPowerOptFeature.xml
vendor/etc/qcril_database/qcrilNr.db	selected-present	sm8750-common:vendor/etc/qcril_database/qcrilNr.db	vendor/etc/qcril_database/qcrilNr.db
vendor/etc/qcril_database/upgrade/config/0006.0_config.sql	selected-present	sm8750-common:vendor/etc/qcril_database/upgrade/config/0006.0_config.sql	vendor/etc/qcril_database/upgrade/config/0006.0_config.sql
vendor/etc/qcril_database/upgrade/config/0007.0_config.sql	selected-present	sm8750-common:vendor/etc/qcril_database/upgrade/config/0007.0_config.sql	vendor/etc/qcril_database/upgrade/config/0007.0_config.sql
vendor/etc/qcril_database/upgrade/config/0008.0_config.sql	selected-present	sm8750-common:vendor/etc/qcril_database/upgrade/config/0008.0_config.sql	vendor/etc/qcril_database/upgrade/config/0008.0_config.sql
vendor/etc/qcril_database/upgrade/config/0009.0_config.sql	selected-present	sm8750-common:vendor/etc/qcril_database/upgrade/config/0009.0_config.sql	vendor/etc/qcril_database/upgrade/config/0009.0_config.sql
vendor/etc/qcril_database/upgrade/config/0010.0_config.sql	selected-present	sm8750-common:vendor/etc/qcril_database/upgrade/config/0010.0_config.sql	vendor/etc/qcril_database/upgrade/config/0010.0_config.sql
vendor/etc/qcril_database/upgrade/config/0011.0_config.sql	selected-present	sm8750-common:vendor/etc/qcril_database/upgrade/config/0011.0_config.sql	vendor/etc/qcril_database/upgrade/config/0011.0_config.sql
vendor/etc/qcril_database/upgrade/config/0012.0_config.sql	selected-present	sm8750-common:vendor/etc/qcril_database/upgrade/config/0012.0_config.sql	vendor/etc/qcril_database/upgrade/config/0012.0_config.sql
vendor/etc/qcril_database/upgrade/config/0013.0_config.sql	selected-present	sm8750-common:vendor/etc/qcril_database/upgrade/config/0013.0_config.sql	vendor/etc/qcril_database/upgrade/config/0013.0_config.sql
vendor/etc/qcril_database/upgrade/config/0014.0_config.sql	selected-present	sm8750-common:vendor/etc/qcril_database/upgrade/config/0014.0_config.sql	vendor/etc/qcril_database/upgrade/config/0014.0_config.sql
vendor/etc/qcril_database/upgrade/config/0015.0_config.sql	selected-present	sm8750-common:vendor/etc/qcril_database/upgrade/config/0015.0_config.sql	vendor/etc/qcril_database/upgrade/config/0015.0_config.sql
vendor/etc/qcril_database/upgrade/other/0000_initial_qcrilnr.sql	selected-present	sm8750-common:vendor/etc/qcril_database/upgrade/other/0000_initial_qcrilnr.sql	vendor/etc/qcril_database/upgrade/other/0000_initial_qcrilnr.sql
vendor/etc/qcril_database/upgrade/other/0001_version_intro_qcrilnr.sql	selected-present	sm8750-common:vendor/etc/qcril_database/upgrade/other/0001_version_intro_qcrilnr.sql	vendor/etc/qcril_database/upgrade/other/0001_version_intro_qcrilnr.sql
vendor/etc/qcril_database/upgrade/other/0002_version_add_wps_config_qcrilnr.sql	selected-present	sm8750-common:vendor/etc/qcril_database/upgrade/other/0002_version_add_wps_config_qcrilnr.sql	vendor/etc/qcril_database/upgrade/other/0002_version_add_wps_config_qcrilnr.sql
vendor/etc/qcril_database/upgrade/other/0003_version_update_wps_config_qcrilnr.sql	selected-present	sm8750-common:vendor/etc/qcril_database/upgrade/other/0003_version_update_wps_config_qcrilnr.sql	vendor/etc/qcril_database/upgrade/other/0003_version_update_wps_config_qcrilnr.sql
vendor/etc/qcril_database/upgrade/other/0004_version_update_ecc_table_qcrilnr.sql	selected-present	sm8750-common:vendor/etc/qcril_database/upgrade/other/0004_version_update_ecc_table_qcrilnr.sql	vendor/etc/qcril_database/upgrade/other/0004_version_update_ecc_table_qcrilnr.sql
vendor/etc/qcril_database/upgrade/other/0005_version_update_ecc_table_qcrilnr.sql	selected-present	sm8750-common:vendor/etc/qcril_database/upgrade/other/0005_version_update_ecc_table_qcrilnr.sql	vendor/etc/qcril_database/upgrade/other/0005_version_update_ecc_table_qcrilnr.sql
vendor/etc/qcril_database/upgrade/other/0006_version_change_property_table_qcrilnr.sql	selected-present	sm8750-common:vendor/etc/qcril_database/upgrade/other/0006_version_change_property_table_qcrilnr.sql	vendor/etc/qcril_database/upgrade/other/0006_version_change_property_table_qcrilnr.sql
vendor/etc/qcril_database/upgrade/other/0007_version_update_ecc_table_qcrilnr.sql	selected-present	sm8750-common:vendor/etc/qcril_database/upgrade/other/0007_version_update_ecc_table_qcrilnr.sql	vendor/etc/qcril_database/upgrade/other/0007_version_update_ecc_table_qcrilnr.sql
vendor/etc/qcril_database/upgrade/other/0008_version_update_ecc_table.sql	selected-present	sm8750-common:vendor/etc/qcril_database/upgrade/other/0008_version_update_ecc_table.sql	vendor/etc/qcril_database/upgrade/other/0008_version_update_ecc_table.sql
vendor/etc/qcril_database/upgrade/other/0009_version_update_ecc_table.sql	selected-present	sm8750-common:vendor/etc/qcril_database/upgrade/other/0009_version_update_ecc_table.sql	vendor/etc/qcril_database/upgrade/other/0009_version_update_ecc_table.sql
vendor/etc/qcril_database/upgrade/other/0010_version_update_ecc_table.sql	selected-present	sm8750-common:vendor/etc/qcril_database/upgrade/other/0010_version_update_ecc_table.sql	vendor/etc/qcril_database/upgrade/other/0010_version_update_ecc_table.sql
vendor/etc/qcril_database/upgrade/other/0011_version_update_ecc_table.sql	selected-present	sm8750-common:vendor/etc/qcril_database/upgrade/other/0011_version_update_ecc_table.sql	vendor/etc/qcril_database/upgrade/other/0011_version_update_ecc_table.sql
vendor/etc/qcril_database/upgrade/other/0012_version_update_ecc_table.sql	selected-present	sm8750-common:vendor/etc/qcril_database/upgrade/other/0012_version_update_ecc_table.sql	vendor/etc/qcril_database/upgrade/other/0012_version_update_ecc_table.sql
vendor/etc/qcril_database/upgrade/other/0013_version_update_ecc_table.sql	selected-present	sm8750-common:vendor/etc/qcril_database/upgrade/other/0013_version_update_ecc_table.sql	vendor/etc/qcril_database/upgrade/other/0013_version_update_ecc_table.sql
vendor/etc/qcril_database/upgrade/other/0014_version_update_modules.sql	selected-present	sm8750-common:vendor/etc/qcril_database/upgrade/other/0014_version_update_modules.sql	vendor/etc/qcril_database/upgrade/other/0014_version_update_modules.sql
vendor/etc/qcril_database/upgrade/other/0015_version_add_iccid_clir_pref_table.sql	selected-present	sm8750-common:vendor/etc/qcril_database/upgrade/other/0015_version_add_iccid_clir_pref_table.sql	vendor/etc/qcril_database/upgrade/other/0015_version_add_iccid_clir_pref_table.sql
vendor/etc/qguard.json	selected-present	sm8750-common:vendor/etc/qguard.json	vendor/etc/qguard.json
vendor/etc/qlm_config.xml	unselected-review		
vendor/etc/qspa/nsp_disabled.rc	selected-present	sm8750-common:vendor/etc/qspa/nsp_disabled.rc	vendor/etc/qspa/nsp_disabled.rc
vendor/etc/qvirtmgr-vndr.json	unselected-review		
vendor/etc/qvr/cfg/519/0/65536/mtpkailua.txt	selected-present	sm8750-common:vendor/etc/qvr/cfg/519/0/65536/mtpkailua.txt	vendor/etc/qvr/cfg/519/0/65536/mtpkailua.txt
vendor/etc/qvr/cfg/519/0/65536/mtpkailua_6dof_config.xml	selected-present	sm8750-common:vendor/etc/qvr/cfg/519/0/65536/mtpkailua_6dof_config.xml	vendor/etc/qvr/cfg/519/0/65536/mtpkailua_6dof_config.xml
vendor/etc/qvr/cfg/519/0/65536/mtpkailua_qvr_3dof_tracker_config.txt	selected-present	sm8750-common:vendor/etc/qvr/cfg/519/0/65536/mtpkailua_qvr_3dof_tracker_config.txt	vendor/etc/qvr/cfg/519/0/65536/mtpkailua_qvr_3dof_tracker_config.txt
vendor/etc/qvr/cfg/557/0/65536/mtplanai.txt	selected-present	sm8750-common:vendor/etc/qvr/cfg/557/0/65536/mtplanai.txt	vendor/etc/qvr/cfg/557/0/65536/mtplanai.txt
vendor/etc/qvr/cfg/557/0/65536/mtplanai_6dof_config.xml	selected-present	sm8750-common:vendor/etc/qvr/cfg/557/0/65536/mtplanai_6dof_config.xml	vendor/etc/qvr/cfg/557/0/65536/mtplanai_6dof_config.xml
vendor/etc/qvr/cfg/557/0/65536/mtplanai_qvr_3dof_tracker_config.txt	selected-present	sm8750-common:vendor/etc/qvr/cfg/557/0/65536/mtplanai_qvr_3dof_tracker_config.txt	vendor/etc/qvr/cfg/557/0/65536/mtplanai_qvr_3dof_tracker_config.txt
vendor/etc/qvr/qvr_hid_device_list.txt	selected-present	sm8750-common:vendor/etc/qvr/qvr_hid_device_list.txt	vendor/etc/qvr/qvr_hid_device_list.txt
vendor/etc/qvr/qvr_usb_device_list.txt	selected-present	sm8750-common:vendor/etc/qvr/qvr_usb_device_list.txt	vendor/etc/qvr/qvr_usb_device_list.txt
vendor/etc/qvr/qvrservice_config.txt	selected-present	sm8750-common:vendor/etc/qvr/qvrservice_config.txt	vendor/etc/qvr/qvrservice_config.txt
vendor/etc/qvr/xrcommconfig.json	selected-present	sm8750-common:vendor/etc/qvr/xrcommconfig.json	vendor/etc/qvr/xrcommconfig.json
vendor/etc/r_submix_audio_policy_configuration.xml	source-reference-review		vendor/etc/r_submix_audio_policy_configuration.xml
vendor/etc/read_vddpa.txt	unselected-review		
vendor/etc/res/images/default/charger/battery_fail.png	unselected-review		
vendor/etc/res/images/default/charger/battery_scale.png	unselected-review		
vendor/etc/sap.conf	selected-present	sm8750-common:vendor/etc/sap.conf	vendor/etc/sap.conf
vendor/etc/sec_config	selected-present	sm8750-common:vendor/etc/sec_config	vendor/etc/sec_config
vendor/etc/seccomp_policy/atfwd@2.0.policy	selected-present	sm8750-common:vendor/etc/seccomp_policy/atfwd@2.0.policy	vendor/etc/seccomp_policy/atfwd@2.0.policy
vendor/etc/seccomp_policy/c2audio.vendor.base-arm.policy	unselected-review		
vendor/etc/seccomp_policy/c2audio.vendor.base-arm64.policy	source-reference-review		vendor/etc/seccomp_policy/c2audio.vendor.base-arm64.policy
vendor/etc/seccomp_policy/c2audio.vendor.ext-arm.policy	unselected-review		
vendor/etc/seccomp_policy/c2audio.vendor.ext-arm64.policy	source-reference-review		vendor/etc/seccomp_policy/c2audio.vendor.ext-arm64.policy
vendor/etc/seccomp_policy/c2pa_network.policy	unselected-review		
vendor/etc/seccomp_policy/codec2.vendor.base-arm64.policy	selected-present	sm8750-common:vendor/etc/seccomp_policy/codec2.vendor.base-arm64.policy	vendor/etc/seccomp_policy/codec2.vendor.base-arm64.policy
vendor/etc/seccomp_policy/codec2.vendor.ext-arm64.policy	selected-present	sm8750-common:vendor/etc/seccomp_policy/codec2.vendor.ext-arm64.policy	vendor/etc/seccomp_policy/codec2.vendor.ext-arm64.policy
vendor/etc/seccomp_policy/gnss@2.0-base.policy	selected-present	sm8750-common:vendor/etc/seccomp_policy/gnss@2.0-base.policy	vendor/etc/seccomp_policy/gnss@2.0-base.policy
vendor/etc/seccomp_policy/gnss@2.0-edgnss-daemon.policy	selected-present	sm8750-common:vendor/etc/seccomp_policy/gnss@2.0-edgnss-daemon.policy	vendor/etc/seccomp_policy/gnss@2.0-edgnss-daemon.policy
vendor/etc/seccomp_policy/gnss@2.0-qsap-location.policy	selected-present	sm8750-common:vendor/etc/seccomp_policy/gnss@2.0-qsap-location.policy	vendor/etc/seccomp_policy/gnss@2.0-qsap-location.policy
vendor/etc/seccomp_policy/gnss@2.0-xtra-daemon.policy	selected-present	sm8750-common:vendor/etc/seccomp_policy/gnss@2.0-xtra-daemon.policy	vendor/etc/seccomp_policy/gnss@2.0-xtra-daemon.policy
vendor/etc/seccomp_policy/gnss@2.0-xtwifi-client.policy	selected-present	sm8750-common:vendor/etc/seccomp_policy/gnss@2.0-xtwifi-client.policy	vendor/etc/seccomp_policy/gnss@2.0-xtwifi-client.policy
vendor/etc/seccomp_policy/imsrtp.policy	selected-present	sm8750-common:vendor/etc/seccomp_policy/imsrtp.policy	vendor/etc/seccomp_policy/imsrtp.policy
vendor/etc/seccomp_policy/qcrilnr@2.0.policy	selected-present	sm8750-common:vendor/etc/seccomp_policy/qcrilnr@2.0.policy	vendor/etc/seccomp_policy/qcrilnr@2.0.policy
vendor/etc/seccomp_policy/qesdk.policy	selected-present	sm8750-common:vendor/etc/seccomp_policy/qesdk.policy	vendor/etc/seccomp_policy/qesdk.policy
vendor/etc/seccomp_policy/qesdksec.policy	selected-present	sm8750-common:vendor/etc/seccomp_policy/qesdksec.policy	vendor/etc/seccomp_policy/qesdksec.policy
vendor/etc/seccomp_policy/qms.policy	selected-present	sm8750-common:vendor/etc/seccomp_policy/qms.policy	vendor/etc/seccomp_policy/qms.policy
vendor/etc/seccomp_policy/qsap_dcfd.policy	selected-present	piano:vendor/etc/seccomp_policy/qsap_dcfd.policy	vendor/etc/seccomp_policy/qsap_dcfd.policy
vendor/etc/seccomp_policy/qsap_qapeservice.policy	selected-present	sm8750-common:vendor/etc/seccomp_policy/qsap_qapeservice.policy	vendor/etc/seccomp_policy/qsap_qapeservice.policy
vendor/etc/seccomp_policy/qsap_sensors.policy	selected-present	piano:vendor/etc/seccomp_policy/qsap_sensors.policy	vendor/etc/seccomp_policy/qsap_sensors.policy
vendor/etc/seccomp_policy/qsap_voiceui.policy	selected-present	sm8750-common:vendor/etc/seccomp_policy/qsap_voiceui.policy	vendor/etc/seccomp_policy/qsap_voiceui.policy
vendor/etc/seccomp_policy/qspm.policy	selected-present	sm8750-common:vendor/etc/seccomp_policy/qspm.policy	vendor/etc/seccomp_policy/qspm.policy
vendor/etc/seccomp_policy/qti-systemd.policy	selected-present	sm8750-common:vendor/etc/seccomp_policy/qti-systemd.policy	vendor/etc/seccomp_policy/qti-systemd.policy
vendor/etc/seccomp_policy/qvr@2.0.policy	unselected-review		
vendor/etc/seccomp_policy/qwesd@2.0.policy	selected-present	piano:vendor/etc/seccomp_policy/qwesd@2.0.policy	vendor/etc/seccomp_policy/qwesd@2.0.policy
vendor/etc/seccomp_policy/sxr@2.0.policy	selected-present	sm8750-common:vendor/etc/seccomp_policy/sxr@2.0.policy	vendor/etc/seccomp_policy/sxr@2.0.policy
vendor/etc/seccomp_policy/syshealthmon.policy	selected-present	sm8750-common:vendor/etc/seccomp_policy/syshealthmon.policy	vendor/etc/seccomp_policy/syshealthmon.policy
vendor/etc/seccomp_policy/vendor.qti.hardware.dsp.policy	selected-present	sm8750-common:vendor/etc/seccomp_policy/vendor.qti.hardware.dsp.policy	vendor/etc/seccomp_policy/vendor.qti.hardware.dsp.policy
vendor/etc/seccomp_policy/wfdhdcphalservice.policy	selected-present	sm8750-common:vendor/etc/seccomp_policy/wfdhdcphalservice.policy	vendor/etc/seccomp_policy/wfdhdcphalservice.policy
vendor/etc/seccomp_policy/wfdvndservice.policy	selected-present	sm8750-common:vendor/etc/seccomp_policy/wfdvndservice.policy	vendor/etc/seccomp_policy/wfdvndservice.policy
vendor/etc/seccomp_policy/wifidisplayhalservice.policy	selected-present	sm8750-common:vendor/etc/seccomp_policy/wifidisplayhalservice.policy	vendor/etc/seccomp_policy/wifidisplayhalservice.policy
vendor/etc/seccomp_policy/xrcommhald@2.0.policy	unselected-review		
vendor/etc/selinux/plat_pub_versioned.cil	unselected-review		vendor/etc/selinux/plat_pub_versioned.cil
vendor/etc/selinux/plat_sepolicy_vers.txt	unselected-review		vendor/etc/selinux/plat_sepolicy_vers.txt
vendor/etc/selinux/selinux_denial_metadata	unselected-review		vendor/etc/selinux/selinux_denial_metadata
vendor/etc/selinux/vendor_file_contexts	unselected-review		vendor/etc/selinux/vendor_file_contexts
vendor/etc/selinux/vendor_hwservice_contexts	unselected-review		vendor/etc/selinux/vendor_hwservice_contexts
vendor/etc/selinux/vendor_keystore2_key_contexts	unselected-review		vendor/etc/selinux/vendor_keystore2_key_contexts
vendor/etc/selinux/vendor_mac_permissions.xml	unselected-review		vendor/etc/selinux/vendor_mac_permissions.xml
vendor/etc/selinux/vendor_property_contexts	unselected-review		vendor/etc/selinux/vendor_property_contexts
vendor/etc/selinux/vendor_seapp_contexts	unselected-review		vendor/etc/selinux/vendor_seapp_contexts
vendor/etc/selinux/vendor_sepolicy.cil	unselected-review		vendor/etc/selinux/vendor_sepolicy.cil
vendor/etc/selinux/vendor_service_contexts	unselected-review		vendor/etc/selinux/vendor_service_contexts
vendor/etc/selinux/vndservice_contexts	unselected-review		vendor/etc/selinux/vndservice_contexts
vendor/etc/sensor_diag.cfg	unselected-review		
vendor/etc/sensors/config/chre_dynamic_sensors.json	selected-present	sm8750-common:vendor/etc/sensors/config/chre_dynamic_sensors.json	vendor/etc/sensors/config/chre_dynamic_sensors.json
vendor/etc/sensors/config/qsh_camera_common_sm8735.json	selected-present	piano:vendor/etc/sensors/config/qsh_camera_common_sm8735.json	vendor/etc/sensors/config/qsh_camera_common_sm8735.json
vendor/etc/sensors/config/qsh_camera_ov32c4c_4_sm8735.json	selected-present	piano:vendor/etc/sensors/config/qsh_camera_ov32c4c_4_sm8735.json	vendor/etc/sensors/config/qsh_camera_ov32c4c_4_sm8735.json
vendor/etc/sensors/hals.conf	selected-present	sm8750-common:vendor/etc/sensors/hals.conf	vendor/etc/sensors/hals.conf
vendor/etc/sensors/javalibs/odpmanagerlib-aar	selected-present	piano:vendor/etc/sensors/javalibs/odpmanagerlib-aar	vendor/etc/sensors/javalibs/odpmanagerlib-aar
vendor/etc/sensors/sns_odp_config	selected-present	piano:vendor/etc/sensors/sns_odp_config	vendor/etc/sensors/sns_odp_config
vendor/etc/sensors/sns_reg_config	selected-present	sm8750-common:vendor/etc/sensors/sns_reg_config	vendor/etc/sensors/sns_reg_config
vendor/etc/sla/slad.conf	selected-present	sm8750-common:vendor/etc/sla/slad.conf	vendor/etc/sla/slad.conf
vendor/etc/smomo_setting.xml	unselected-review		
vendor/etc/sn100u_bootup.pnscr	selected-present	sm8750-common:vendor/etc/sn100u_bootup.pnscr	vendor/etc/sn100u_bootup.pnscr
vendor/etc/sn100u_ese_disableIso.pnscr	selected-present	sm8750-common:vendor/etc/sn100u_ese_disableIso.pnscr	vendor/etc/sn100u_ese_disableIso.pnscr
vendor/etc/sn100u_ese_disableIsoRead.pnscr	selected-present	sm8750-common:vendor/etc/sn100u_ese_disableIsoRead.pnscr	vendor/etc/sn100u_ese_disableIsoRead.pnscr
vendor/etc/sn100u_nfcon.pnscr	selected-present	sm8750-common:vendor/etc/sn100u_nfcon.pnscr	vendor/etc/sn100u_nfcon.pnscr
vendor/etc/sn100u_pnx_chr.pnscr	selected-present	sm8750-common:vendor/etc/sn100u_pnx_chr.pnscr	vendor/etc/sn100u_pnx_chr.pnscr
vendor/etc/sn100u_pnx_cui.pnscr	selected-present	sm8750-common:vendor/etc/sn100u_pnx_cui.pnscr	vendor/etc/sn100u_pnx_cui.pnscr
vendor/etc/sn100u_pnx_ese_3.pnscr	selected-present	sm8750-common:vendor/etc/sn100u_pnx_ese_3.pnscr	vendor/etc/sn100u_pnx_ese_3.pnscr
vendor/etc/sn100u_pnx_ese_3_hce.pnscr	selected-present	sm8750-common:vendor/etc/sn100u_pnx_ese_3_hce.pnscr	vendor/etc/sn100u_pnx_ese_3_hce.pnscr
vendor/etc/sn100u_pnx_ese_aclog.pnscr	selected-present	sm8750-common:vendor/etc/sn100u_pnx_ese_aclog.pnscr	vendor/etc/sn100u_pnx_ese_aclog.pnscr
vendor/etc/sn100u_pnx_ese_cplc.pnscr	selected-present	sm8750-common:vendor/etc/sn100u_pnx_ese_cplc.pnscr	vendor/etc/sn100u_pnx_ese_cplc.pnscr
vendor/etc/sn100u_pnx_ese_fabkey.pnscr	selected-present	sm8750-common:vendor/etc/sn100u_pnx_ese_fabkey.pnscr	vendor/etc/sn100u_pnx_ese_fabkey.pnscr
vendor/etc/sn100u_pnx_ese_free.pnscr	selected-present	sm8750-common:vendor/etc/sn100u_pnx_ese_free.pnscr	vendor/etc/sn100u_pnx_ese_free.pnscr
vendor/etc/sn100u_pnx_ese_keyset.pnscr	selected-present	sm8750-common:vendor/etc/sn100u_pnx_ese_keyset.pnscr	vendor/etc/sn100u_pnx_ese_keyset.pnscr
vendor/etc/sn100u_pnx_ese_sei2c_disable.pnscr	selected-present	sm8750-common:vendor/etc/sn100u_pnx_ese_sei2c_disable.pnscr	vendor/etc/sn100u_pnx_ese_sei2c_disable.pnscr
vendor/etc/sn100u_pnx_ese_sei2c_enable.pnscr	selected-present	sm8750-common:vendor/etc/sn100u_pnx_ese_sei2c_enable.pnscr	vendor/etc/sn100u_pnx_ese_sei2c_enable.pnscr
vendor/etc/sn100u_pnx_ese_sei2c_read.pnscr	selected-present	sm8750-common:vendor/etc/sn100u_pnx_ese_sei2c_read.pnscr	vendor/etc/sn100u_pnx_ese_sei2c_read.pnscr
vendor/etc/sn100u_pnx_ese_sn.pnscr	selected-present	sm8750-common:vendor/etc/sn100u_pnx_ese_sn.pnscr	vendor/etc/sn100u_pnx_ese_sn.pnscr
vendor/etc/sn100u_pnx_ndi.pnscr	selected-present	sm8750-common:vendor/etc/sn100u_pnx_ndi.pnscr	vendor/etc/sn100u_pnx_ndi.pnscr
vendor/etc/sn100u_pnx_pcv.pnscr	selected-present	sm8750-common:vendor/etc/sn100u_pnx_pcv.pnscr	vendor/etc/sn100u_pnx_pcv.pnscr
vendor/etc/sn100u_pnx_sst.pnscr	selected-present	sm8750-common:vendor/etc/sn100u_pnx_sst.pnscr	vendor/etc/sn100u_pnx_sst.pnscr
vendor/etc/snapdragon_color_libs_config.xml	selected-present	sm8750-common:vendor/etc/snapdragon_color_libs_config.xml	vendor/etc/snapdragon_color_libs_config.xml
vendor/etc/ssg/c2pa_enroll_config.json	unselected-review		
vendor/etc/ssg/c2pa_network_config.json	unselected-review		
vendor/etc/ssg/ta_config.json	selected-present	sm8750-common:vendor/etc/ssg/ta_config.json	vendor/etc/ssg/ta_config.json
vendor/etc/ssg/tz_whitelist.json	selected-present	sm8750-common:vendor/etc/ssg/tz_whitelist.json	vendor/etc/ssg/tz_whitelist.json
vendor/etc/stub_audio_policy_configuration.xml	unselected-review		
vendor/etc/sysconfig/cacert-oem-defined-uids.xml	selected-present	sm8750-common:vendor/etc/sysconfig/cacert-oem-defined-uids.xml	vendor/etc/sysconfig/cacert-oem-defined-uids.xml
vendor/etc/telephony_packages.xml	selected-present	sm8750-common:vendor/etc/telephony_packages.xml	vendor/etc/telephony_packages.xml
vendor/etc/thermal-engine.conf	selected-present	piano:vendor/etc/thermal-engine.conf	vendor/etc/thermal-engine.conf
vendor/etc/thermal-map.conf	selected-present	piano:vendor/etc/thermal-map.conf	vendor/etc/thermal-map.conf
vendor/etc/thermald-devices.conf	selected-present	piano:vendor/etc/thermald-devices.conf	vendor/etc/thermald-devices.conf
vendor/etc/tt_img/No_Signal.pkg	unselected-review		
vendor/etc/tt_img/Signal.pkg	unselected-review		
vendor/etc/tt_img/TT_Version.txt	unselected-review		
vendor/etc/tt_img/flash_version	unselected-review		
vendor/etc/tt_img/origin/Origin_Signal.pkg	unselected-review		
vendor/etc/tzlog.dict	unselected-review		
vendor/etc/ueventd.rc	source-reference-review		vendor/etc/ueventd.rc
vendor/etc/usb_audio_policy_configuration.xml	unselected-review		
vendor/etc/usb_compositions.conf	source-reference-review		vendor/etc/usb_compositions.conf
vendor/etc/usecaseKvManager.xml	selected-present	sm8750-common:vendor/etc/usecaseKvManager.xml	vendor/etc/usecaseKvManager.xml
vendor/etc/vintf/compatibility_matrix.xml	source-reference-review		vendor/etc/vintf/compatibility_matrix.xml
vendor/etc/vintf/manifest/ImsRtpService-aidl.xml	selected-present	sm8750-common:vendor/etc/vintf/manifest/ImsRtpService-aidl.xml	vendor/etc/vintf/manifest/ImsRtpService-aidl.xml
vendor/etc/vintf/manifest/android.hardware.camera.provider.external.xml	unselected-review		
vendor/etc/vintf/manifest/android.hardware.drm-service.clearkey.xml	unselected-review		vendor/etc/vintf/manifest/android.hardware.drm-service.clearkey.xml
vendor/etc/vintf/manifest/android.hardware.drm-service.xml	selected-present	sm8750-common:vendor/etc/vintf/manifest/android.hardware.drm-service.xml	vendor/etc/vintf/manifest/android.hardware.drm-service.xml
vendor/etc/vintf/manifest/android.hardware.health-service.qti.xml	unselected-review		vendor/etc/vintf/manifest/android.hardware.health-service.qti.xml
vendor/etc/vintf/manifest/android.hardware.ir-service.example.xml	unselected-review		vendor/etc/vintf/manifest/android.hardware.ir-service.example.xml
vendor/etc/vintf/manifest/android.hardware.security.keymint-service-qti.xml	selected-present	sm8750-common:vendor/etc/vintf/manifest/android.hardware.security.keymint-service-qti.xml	vendor/etc/vintf/manifest/android.hardware.security.keymint-service-qti.xml
vendor/etc/vintf/manifest/android.hardware.sensors-multihal.xml	unselected-review		
vendor/etc/vintf/manifest/android.hardware.thermal-service.qti.xml	unselected-review		vendor/etc/vintf/manifest/android.hardware.thermal-service.qti.xml
vendor/etc/vintf/manifest/android.hardware.usb-service.qti.xml	unselected-review		vendor/etc/vintf/manifest/android.hardware.usb-service.qti.xml
vendor/etc/vintf/manifest/android.hardware.usb.gadget-service.qti.xml	unselected-review		vendor/etc/vintf/manifest/android.hardware.usb.gadget-service.qti.xml
vendor/etc/vintf/manifest/android.hardware.wifi-service.xml	unselected-review		vendor/etc/vintf/manifest/android.hardware.wifi-service.xml
vendor/etc/vintf/manifest/android.hardware.wifi.hostapd.xml	unselected-review		vendor/etc/vintf/manifest/android.hardware.wifi.hostapd.xml
vendor/etc/vintf/manifest/android.hardware.wifi.supplicant.xml	unselected-review		vendor/etc/vintf/manifest/android.hardware.wifi.supplicant.xml
vendor/etc/vintf/manifest/audioeffectservice_qti.xml	selected-present	sm8750-common:vendor/etc/vintf/manifest/audioeffectservice_qti_stock.xml	vendor/etc/vintf/manifest/audioeffectservice_qti_stock.xml
vendor/etc/vintf/manifest/bluetooth-finder.xml	selected-present	sm8750-common:vendor/etc/vintf/manifest/bluetooth-finder.xml	vendor/etc/vintf/manifest/bluetooth-finder.xml
vendor/etc/vintf/manifest/bluetooth_audio.xml	selected-present	sm8750-common:vendor/etc/vintf/manifest/bluetooth_audio_stock.xml	vendor/etc/vintf/manifest/bluetooth_audio_stock.xml
vendor/etc/vintf/manifest/bluetooth_hci.xml	selected-present	sm8750-common:vendor/etc/vintf/manifest/bluetooth_hci.xml	vendor/etc/vintf/manifest/bluetooth_hci.xml
vendor/etc/vintf/manifest/bluetooth_sar.xml	selected-present	sm8750-common:vendor/etc/vintf/manifest/bluetooth_sar.xml	vendor/etc/vintf/manifest/bluetooth_sar.xml
vendor/etc/vintf/manifest/boot-service.qti.xml	unselected-review		vendor/etc/vintf/manifest/boot-service.qti.xml
vendor/etc/vintf/manifest/bt_lmp_event-saidl.xml	selected-present	sm8750-common:vendor/etc/vintf/manifest/bt_lmp_event-saidl.xml	vendor/etc/vintf/manifest/bt_lmp_event-saidl.xml
vendor/etc/vintf/manifest/bttpi-saidl.xml	selected-present	sm8750-common:vendor/etc/vintf/manifest/bttpi-saidl.xml	vendor/etc/vintf/manifest/bttpi-saidl.xml
vendor/etc/vintf/manifest/c2_manifest_vendor.xml	selected-present	sm8750-common:vendor/etc/vintf/manifest/c2_manifest_vendor.xml	vendor/etc/vintf/manifest/c2_manifest_vendor.xml
vendor/etc/vintf/manifest/c2_manifest_vendor_audio.xml	selected-present	sm8750-common:vendor/etc/vintf/manifest/c2_manifest_vendor_audio.xml	vendor/etc/vintf/manifest/c2_manifest_vendor_audio.xml
vendor/etc/vintf/manifest/cacert-saidl.xml	selected-present	piano:vendor/etc/vintf/manifest/cacert-saidl.xml	vendor/etc/vintf/manifest/cacert-saidl.xml
vendor/etc/vintf/manifest/datafactoryservice-saidl.xml	selected-present	sm8750-common:vendor/etc/vintf/manifest/datafactoryservice-saidl.xml	vendor/etc/vintf/manifest/datafactoryservice-saidl.xml
vendor/etc/vintf/manifest/dms-service.xml	selected-present	sm8750-common:vendor/etc/vintf/manifest/dms-service.xml	vendor/etc/vintf/manifest/dms-service.xml
vendor/etc/vintf/manifest/dpm-saidl.xml	selected-present	sm8750-common:vendor/etc/vintf/manifest/dpm-saidl.xml	vendor/etc/vintf/manifest/dpm-saidl.xml
vendor/etc/vintf/manifest/dumpstate-xiaomi.xml	selected-present	sm8750-common:vendor/etc/vintf/manifest/dumpstate-xiaomi.xml	vendor/etc/vintf/manifest/dumpstate-xiaomi.xml
vendor/etc/vintf/manifest/fm_hci.xml	unselected-review		
vendor/etc/vintf/manifest/imsdcservice-saidl.xml	selected-present	sm8750-common:vendor/etc/vintf/manifest/imsdcservice-saidl.xml	vendor/etc/vintf/manifest/imsdcservice-saidl.xml
vendor/etc/vintf/manifest/manifest_audio_qti_services.xml	selected-present	sm8750-common:vendor/etc/vintf/manifest/manifest_audio_qti_services_stock.xml	vendor/etc/vintf/manifest/manifest_audio_qti_services_stock.xml
vendor/etc/vintf/manifest/manifest_audiocorehal_default.xml	selected-present	sm8750-common:vendor/etc/vintf/manifest/manifest_audiocorehal_default_stock.xml	vendor/etc/vintf/manifest/manifest_audiocorehal_default_stock.xml
vendor/etc/vintf/manifest/manifest_blackbox.xml	selected-present	sm8750-common:vendor/etc/vintf/manifest/manifest_blackbox.xml	vendor/etc/vintf/manifest/manifest_blackbox.xml
vendor/etc/vintf/manifest/manifest_btaudiocoreservices_qti.xml	selected-present	sm8750-common:vendor/etc/vintf/manifest/manifest_btaudiocoreservices_qti.xml	vendor/etc/vintf/manifest/manifest_btaudiocoreservices_qti.xml
vendor/etc/vintf/manifest/manifest_vendor.xiaomi.hardware.cld_aidl.xml	selected-present	piano:vendor/etc/vintf/manifest/manifest_vendor.xiaomi.hardware.cld_aidl.xml	vendor/etc/vintf/manifest/manifest_vendor.xiaomi.hardware.cld_aidl.xml
vendor/etc/vintf/manifest/manifest_vendor.xiaomi.hardware.fbo.xml	selected-present	piano:vendor/etc/vintf/manifest/manifest_vendor.xiaomi.hardware.fbo.xml	vendor/etc/vintf/manifest/manifest_vendor.xiaomi.hardware.fbo.xml
vendor/etc/vintf/manifest/manifest_vendor.xiaomi.hardware.swap.xml	unselected-review		
vendor/etc/vintf/manifest/mapper.qti.xml	selected-present	sm8750-common:vendor/etc/vintf/manifest/mapper.qti_stock.xml	vendor/etc/vintf/manifest/mapper.qti_stock.xml
vendor/etc/vintf/manifest/media_c2_mi.xml	selected-present	sm8750-common:vendor/etc/vintf/manifest/media_c2_mi.xml	vendor/etc/vintf/manifest/media_c2_mi.xml
vendor/etc/vintf/manifest/memtrack_qti.xml	unselected-review		vendor/etc/vintf/manifest/memtrack_qti.xml
vendor/etc/vintf/manifest/mwqem-saidl.xml	selected-present	sm8750-common:vendor/etc/vintf/manifest/mwqem-saidl.xml	vendor/etc/vintf/manifest/mwqem-saidl.xml
vendor/etc/vintf/manifest/ozonotify-1.0.xml	selected-present	sm8750-common:vendor/etc/vintf/manifest/ozonotify-1.0.xml	vendor/etc/vintf/manifest/ozonotify-1.0.xml
vendor/etc/vintf/manifest/power.xml	unselected-review		vendor/etc/vintf/manifest/power.xml
vendor/etc/vintf/manifest/qasr_vintf.xml	selected-present	sm8750-common:vendor/etc/vintf/manifest/qasr_vintf.xml	vendor/etc/vintf/manifest/qasr_vintf.xml
vendor/etc/vintf/manifest/qesdk-manager.xml	selected-present	sm8750-common:vendor/etc/vintf/manifest/qesdk-manager.xml	vendor/etc/vintf/manifest/qesdk-manager.xml
vendor/etc/vintf/manifest/qms-saidl.xml	selected-present	sm8750-common:vendor/etc/vintf/manifest/qms-saidl.xml	vendor/etc/vintf/manifest/qms-saidl.xml
vendor/etc/vintf/manifest/qspa/qspa-modem.xml	selected-present	sm8750-common:vendor/etc/vintf/manifest/qspa/qspa-modem.xml	vendor/etc/vintf/manifest/qspa/qspa-modem.xml
vendor/etc/vintf/manifest/snapdragon_services.xml	selected-present	sm8750-common:vendor/etc/vintf/manifest/snapdragon_services.xml	vendor/etc/vintf/manifest/snapdragon_services.xml
vendor/etc/vintf/manifest/soundtrigger.qti.xml	unselected-review		vendor/etc/vintf/manifest/soundtrigger.qti.xml
vendor/etc/vintf/manifest/vendor.dolby.media.c2-default-service-dax.xml	selected-present	sm8750-common:vendor/etc/vintf/manifest/vendor.dolby.media.c2-default-service-dax.xml	vendor/etc/vintf/manifest/vendor.dolby.media.c2-default-service-dax.xml
vendor/etc/vintf/manifest/vendor.qti.MemHal.xml	selected-present	piano:vendor/etc/vintf/manifest/vendor.qti.MemHal.xml	vendor/etc/vintf/manifest/vendor.qti.MemHal.xml
vendor/etc/vintf/manifest/vendor.qti.camera.provider.xml	selected-present	piano:vendor/etc/vintf/manifest/vendor.qti.camera.provider.xml	vendor/etc/vintf/manifest/vendor.qti.camera.provider.xml
vendor/etc/vintf/manifest/vendor.qti.diag.hal.service.xml	selected-present	sm8750-common:vendor/etc/vintf/manifest/vendor.qti.diag.hal.service.xml	vendor/etc/vintf/manifest/vendor.qti.diag.hal.service.xml
vendor/etc/vintf/manifest/vendor.qti.hardware.alarm.xml	selected-present	sm8750-common:vendor/etc/vintf/manifest/vendor.qti.hardware.alarm.xml	vendor/etc/vintf/manifest/vendor.qti.hardware.alarm.xml
vendor/etc/vintf/manifest/vendor.qti.hardware.bluetooth.xpanprovider.xml	selected-present	sm8750-common:vendor/etc/vintf/manifest/vendor.qti.hardware.bluetooth.xpanprovider.xml	vendor/etc/vintf/manifest/vendor.qti.hardware.bluetooth.xpanprovider.xml
vendor/etc/vintf/manifest/vendor.qti.hardware.capabilityconfigstore-service.xml	selected-present	sm8750-common:vendor/etc/vintf/manifest/vendor.qti.hardware.capabilityconfigstore-service.xml	vendor/etc/vintf/manifest/vendor.qti.hardware.capabilityconfigstore-service.xml
vendor/etc/vintf/manifest/vendor.qti.hardware.display.allocator-service.xml	selected-present	sm8750-common:vendor/etc/vintf/manifest/vendor.qti.hardware.display.allocator-service_stock.xml	vendor/etc/vintf/manifest/vendor.qti.hardware.display.allocator-service_stock.xml
vendor/etc/vintf/manifest/vendor.qti.hardware.display.composer-service3_v3.xml	selected-present	sm8750-common:vendor/etc/vintf/manifest/vendor.qti.hardware.display.composer-service3_v3.xml	vendor/etc/vintf/manifest/vendor.qti.hardware.display.composer-service3_v3.xml
vendor/etc/vintf/manifest/vendor.qti.hardware.display.demura-service.xml	selected-present	sm8750-common:vendor/etc/vintf/manifest/vendor.qti.hardware.display.demura-service_stock.xml	vendor/etc/vintf/manifest/vendor.qti.hardware.display.demura-service_stock.xml
vendor/etc/vintf/manifest/vendor.qti.hardware.dsp-service.xml	selected-present	sm8750-common:vendor/etc/vintf/manifest/vendor.qti.hardware.dsp-service.xml	vendor/etc/vintf/manifest/vendor.qti.hardware.dsp-service.xml
vendor/etc/vintf/manifest/vendor.qti.hardware.embmssl.xml	selected-present	sm8750-common:vendor/etc/vintf/manifest/vendor.qti.hardware.embmssl.xml	vendor/etc/vintf/manifest/vendor.qti.hardware.embmssl.xml
vendor/etc/vintf/manifest/vendor.qti.hardware.hexlp-service.xml	selected-present	sm8750-common:vendor/etc/vintf/manifest/vendor.qti.hardware.hexlp-service.xml	vendor/etc/vintf/manifest/vendor.qti.hardware.hexlp-service.xml
vendor/etc/vintf/manifest/vendor.qti.hardware.minkipcbinder-service.xml	selected-present	piano:vendor/etc/vintf/manifest/vendor.qti.hardware.minkipcbinder-service.xml	vendor/etc/vintf/manifest/vendor.qti.hardware.minkipcbinder-service.xml
vendor/etc/vintf/manifest/vendor.qti.hardware.perf2.xml	selected-present	sm8750-common:vendor/etc/vintf/manifest/vendor.qti.hardware.perf2.xml	vendor/etc/vintf/manifest/vendor.qti.hardware.perf2.xml
vendor/etc/vintf/manifest/vendor.qti.hardware.power.powermodule.xml	selected-present	sm8750-common:vendor/etc/vintf/manifest/vendor.qti.hardware.power.powermodule.xml	vendor/etc/vintf/manifest/vendor.qti.hardware.power.powermodule.xml
vendor/etc/vintf/manifest/vendor.qti.hardware.qseecom@1.0-service.xml	selected-present	sm8750-common:vendor/etc/vintf/manifest/vendor.qti.hardware.qseecom@1.0-service.xml	vendor/etc/vintf/manifest/vendor.qti.hardware.qseecom@1.0-service.xml
vendor/etc/vintf/manifest/vendor.qti.hardware.secureprocessor.xml	selected-present	sm8750-common:vendor/etc/vintf/manifest/vendor.qti.hardware.secureprocessor.xml	vendor/etc/vintf/manifest/vendor.qti.hardware.secureprocessor.xml
vendor/etc/vintf/manifest/vendor.qti.hardware.sensorscalibrate.xml	selected-present	sm8750-common:vendor/etc/vintf/manifest/vendor.qti.hardware.sensorscalibrate.xml	vendor/etc/vintf/manifest/vendor.qti.hardware.sensorscalibrate.xml
vendor/etc/vintf/manifest/vendor.qti.hardware.servicetrackeraidl-service.xml	selected-present	sm8750-common:vendor/etc/vintf/manifest/vendor.qti.hardware.servicetrackeraidl-service.xml	vendor/etc/vintf/manifest/vendor.qti.hardware.servicetrackeraidl-service.xml
vendor/etc/vintf/manifest/vendor.qti.hardware.soter-service.xml	selected-present	sm8750-common:vendor/etc/vintf/manifest/vendor.qti.hardware.soter-service.xml	vendor/etc/vintf/manifest/vendor.qti.hardware.soter-service.xml
vendor/etc/vintf/manifest/vendor.qti.hardware.trustedui-aidl-service.xml	selected-present	sm8750-common:vendor/etc/vintf/manifest/vendor.qti.hardware.trustedui-aidl-service.xml	vendor/etc/vintf/manifest/vendor.qti.hardware.trustedui-aidl-service.xml
vendor/etc/vintf/manifest/vendor.qti.hardware.vpp-service.xml	selected-present	sm8750-common:vendor/etc/vintf/manifest/vendor.qti.hardware.vpp-service.xml	vendor/etc/vintf/manifest/vendor.qti.hardware.vpp-service.xml
vendor/etc/vintf/manifest/vendor.qti.hardware.wifi.wifilearner-service.xml	selected-present	piano:vendor/etc/vintf/manifest/vendor.qti.hardware.wifi.wifilearner-service.xml	vendor/etc/vintf/manifest/vendor.qti.hardware.wifi.wifilearner-service.xml
vendor/etc/vintf/manifest/vendor.qti.hardware.wifidisplaysession-service.xml	selected-present	sm8750-common:vendor/etc/vintf/manifest/vendor.qti.hardware.wifidisplaysession-service.xml	vendor/etc/vintf/manifest/vendor.qti.hardware.wifidisplaysession-service.xml
vendor/etc/vintf/manifest/vendor.qti.ims.factoryaidlservice.xml	selected-present	sm8750-common:vendor/etc/vintf/manifest/vendor.qti.ims.factoryaidlservice.xml	vendor/etc/vintf/manifest/vendor.qti.ims.factoryaidlservice.xml
vendor/etc/vintf/manifest/vendor.qti.ims.imscmaidlservice.xml	selected-present	sm8750-common:vendor/etc/vintf/manifest/vendor.qti.ims.imscmaidlservice.xml	vendor/etc/vintf/manifest/vendor.qti.ims.imscmaidlservice.xml
vendor/etc/vintf/manifest/vendor.qti.ims.uceaidlservice.xml	selected-present	sm8750-common:vendor/etc/vintf/manifest/vendor.qti.ims.uceaidlservice.xml	vendor/etc/vintf/manifest/vendor.qti.ims.uceaidlservice.xml
vendor/etc/vintf/manifest/vendor.qti.memory.pasrmanager-service.xml	selected-present	piano:vendor/etc/vintf/manifest/vendor.qti.memory.pasrmanager-service.xml	vendor/etc/vintf/manifest/vendor.qti.memory.pasrmanager-service.xml
vendor/etc/vintf/manifest/vendor.qti.qccvndhal_aidl-service.xml	selected-present	sm8750-common:vendor/etc/vintf/manifest/vendor.qti.qccvndhal_aidl-service.xml	vendor/etc/vintf/manifest/vendor.qti.qccvndhal_aidl-service.xml
vendor/etc/vintf/manifest/vendor.qti.qspa-service.xml	unselected-review		
vendor/etc/vintf/manifest/vendor.qti.qspmhal-service.xml	selected-present	sm8750-common:vendor/etc/vintf/manifest/vendor.qti.qspmhal-service.xml	vendor/etc/vintf/manifest/vendor.qti.qspmhal-service.xml
vendor/etc/vintf/manifest/vendor.qti.syshealthmon-service.xml	selected-present	sm8750-common:vendor/etc/vintf/manifest/vendor.qti.syshealthmon-service.xml	vendor/etc/vintf/manifest/vendor.qti.syshealthmon-service.xml
vendor/etc/vintf/manifest/vendor.xiaomi.camera.aon-impl.xml	selected-present	piano:vendor/etc/vintf/manifest/vendor.xiaomi.camera.aon-impl.xml	vendor/etc/vintf/manifest/vendor.xiaomi.camera.aon-impl.xml
vendor/etc/vintf/manifest/vendor.xiaomi.cit.bluetooth-service.xml	unselected-review		
vendor/etc/vintf/manifest/vendor.xiaomi.cit.wifi-service.xml	unselected-review		
vendor/etc/vintf/manifest/vendor.xiaomi.hardware.aidl.intentaware-service.xml	selected-present	piano:vendor/etc/vintf/manifest/vendor.xiaomi.hardware.aidl.intentaware-service.xml	vendor/etc/vintf/manifest/vendor.xiaomi.hardware.aidl.intentaware-service.xml
vendor/etc/vintf/manifest/vendor.xiaomi.hardware.aidlbgservice-service.xml	selected-present	piano:vendor/etc/vintf/manifest/vendor.xiaomi.hardware.aidlbgservice-service.xml	vendor/etc/vintf/manifest/vendor.xiaomi.hardware.aidlbgservice-service.xml
vendor/etc/vintf/manifest/vendor.xiaomi.hardware.batteryantiaging.xml	selected-present	piano:vendor/etc/vintf/manifest/vendor.xiaomi.hardware.batteryantiaging.xml	vendor/etc/vintf/manifest/vendor.xiaomi.hardware.batteryantiaging.xml
vendor/etc/vintf/manifest/vendor.xiaomi.hardware.displayfeature_aidl-service.xml	selected-present	sm8750-common:vendor/etc/vintf/manifest/vendor.xiaomi.hardware.displayfeature_aidl-service.xml	vendor/etc/vintf/manifest/vendor.xiaomi.hardware.displayfeature_aidl-service.xml
vendor/etc/vintf/manifest/vendor.xiaomi.hardware.dynamiccameraserver.xml	selected-present	sm8750-common:vendor/etc/vintf/manifest/vendor.xiaomi.hardware.dynamiccameraserver.xml	vendor/etc/vintf/manifest/vendor.xiaomi.hardware.dynamiccameraserver.xml
vendor/etc/vintf/manifest/vendor.xiaomi.hardware.micharge.xml	selected-present	sm8750-common:vendor/etc/vintf/manifest/vendor.xiaomi.hardware.micharge.xml	vendor/etc/vintf/manifest/vendor.xiaomi.hardware.micharge.xml
vendor/etc/vintf/manifest/vendor.xiaomi.hardware.mimd2-service.xml	selected-present	piano:vendor/etc/vintf/manifest/vendor.xiaomi.hardware.mimd2-service.xml	vendor/etc/vintf/manifest/vendor.xiaomi.hardware.mimd2-service.xml
vendor/etc/vintf/manifest/vendor.xiaomi.hardware.miperf2-service.xml	selected-present	piano:vendor/etc/vintf/manifest/vendor.xiaomi.hardware.miperf2-service.xml	vendor/etc/vintf/manifest/vendor.xiaomi.hardware.miperf2-service.xml
vendor/etc/vintf/manifest/vendor.xiaomi.hardware.misys.common.xml	selected-present	sm8750-common:vendor/etc/vintf/manifest/vendor.xiaomi.hardware.misys.common.xml	vendor/etc/vintf/manifest/vendor.xiaomi.hardware.misys.common.xml
vendor/etc/vintf/manifest/vendor.xiaomi.hardware.misys.core.xml	selected-present	sm8750-common:vendor/etc/vintf/manifest/vendor.xiaomi.hardware.misys.core.xml	vendor/etc/vintf/manifest/vendor.xiaomi.hardware.misys.core.xml
vendor/etc/vintf/manifest/vendor.xiaomi.hardware.videoservice-service.xml	unselected-review		
vendor/etc/vintf/manifest_kera.xml	unselected-review		
vendor/etc/vintf/manifest_sun.xml	unselected-review		
vendor/etc/vintf/manifest_tuna.xml	unselected-review		
vendor/etc/vmmgr.conf	selected-present	sm8750-common:vendor/etc/vmmgr.conf	vendor/etc/vmmgr.conf
vendor/etc/wfdconfig.xml	selected-present	sm8750-common:vendor/etc/wfdconfig.xml	vendor/etc/wfdconfig.xml
vendor/etc/wifi/kiwi_v2/WCNSS_qcom_cfg.ini	source-reference-review		
vendor/etc/wifi/p2p_supplicant_overlay.conf	selected-present	sm8750-common:vendor/etc/wifi/p2p_supplicant_overlay.conf	vendor/etc/wifi/p2p_supplicant_overlay.conf
vendor/etc/wifi/peach/WCNSS_qcom_cfg.ini	selected-present	sm8750-common:vendor/etc/wifi/peach/WCNSS_qcom_cfg.ini	vendor/etc/wifi/peach/WCNSS_qcom_cfg.ini
vendor/etc/wifi/peach_v2/WCNSS_qcom_cfg.ini	selected-present	sm8750-common:vendor/etc/wifi/peach_v2/WCNSS_qcom_cfg.ini	vendor/etc/wifi/peach_v2/WCNSS_qcom_cfg.ini
vendor/etc/wifi/qca6750/WCNSS_qcom_cfg.ini	source-reference-review		
vendor/etc/wifi/vendor_cmd.xml	selected-present	sm8750-common:vendor/etc/wifi/vendor_cmd.xml	vendor/etc/wifi/vendor_cmd.xml
vendor/etc/wifi/wcn7750/WCNSS_qcom_cfg.ini	source-reference-review		
vendor/etc/wifi/wpa_supplicant.conf	source-reference-review		vendor/etc/wifi/wpa_supplicant.conf
vendor/etc/wifi/wpa_supplicant_overlay.conf	selected-present	sm8750-common:vendor/etc/wifi/wpa_supplicant_overlay.conf	vendor/etc/wifi/wpa_supplicant_overlay.conf
vendor/etc/xiaomi_ecc_list.xml	selected-present	sm8750-common:vendor/etc/xiaomi_ecc_list.xml	vendor/etc/xiaomi_ecc_list.xml
vendor/etc/xiaomi_ecc_list_preference.xml	selected-present	sm8750-common:vendor/etc/xiaomi_ecc_list_preference.xml	vendor/etc/xiaomi_ecc_list_preference.xml
vendor/etc/xtwifi.conf	selected-present	sm8750-common:vendor/etc/xtwifi.conf	vendor/etc/xtwifi.conf
vendor/firmware/CAMERA_ICP.elf	selected-present	piano:vendor/firmware/CAMERA_ICP.elf	
vendor/firmware/CAMERA_ICP_1.elf	selected-present	piano:vendor/firmware/CAMERA_ICP_1.elf	
vendor/firmware/CAMERA_ICP_170.elf	selected-present	piano:vendor/firmware/CAMERA_ICP_170.elf	
vendor/firmware/CAMERA_ICP_1_970.b00	selected-present	piano:vendor/firmware/CAMERA_ICP_1_970.b00	
vendor/firmware/CAMERA_ICP_1_970.b01	selected-present	piano:vendor/firmware/CAMERA_ICP_1_970.b01	vendor/firmware/CAMERA_ICP_1_970.b01
vendor/firmware/CAMERA_ICP_1_970.b02	selected-present	piano:vendor/firmware/CAMERA_ICP_1_970.b02	vendor/firmware/CAMERA_ICP_1_970.b02
vendor/firmware/CAMERA_ICP_1_970.b03	selected-present	piano:vendor/firmware/CAMERA_ICP_1_970.b03	vendor/firmware/CAMERA_ICP_1_970.b03
vendor/firmware/CAMERA_ICP_1_970.b04	selected-present	piano:vendor/firmware/CAMERA_ICP_1_970.b04	vendor/firmware/CAMERA_ICP_1_970.b04
vendor/firmware/CAMERA_ICP_1_970.b05	selected-present	piano:vendor/firmware/CAMERA_ICP_1_970.b05	vendor/firmware/CAMERA_ICP_1_970.b05
vendor/firmware/CAMERA_ICP_1_970.b06	selected-present	piano:vendor/firmware/CAMERA_ICP_1_970.b06	vendor/firmware/CAMERA_ICP_1_970.b06
vendor/firmware/CAMERA_ICP_1_970.b07	selected-present	piano:vendor/firmware/CAMERA_ICP_1_970.b07	vendor/firmware/CAMERA_ICP_1_970.b07
vendor/firmware/CAMERA_ICP_1_970.b08	selected-present	piano:vendor/firmware/CAMERA_ICP_1_970.b08	vendor/firmware/CAMERA_ICP_1_970.b08
vendor/firmware/CAMERA_ICP_1_970.b09	selected-present	piano:vendor/firmware/CAMERA_ICP_1_970.b09	vendor/firmware/CAMERA_ICP_1_970.b09
vendor/firmware/CAMERA_ICP_1_970.b10	selected-present	piano:vendor/firmware/CAMERA_ICP_1_970.b10	vendor/firmware/CAMERA_ICP_1_970.b10
vendor/firmware/CAMERA_ICP_1_970.b11	selected-present	piano:vendor/firmware/CAMERA_ICP_1_970.b11	vendor/firmware/CAMERA_ICP_1_970.b11
vendor/firmware/CAMERA_ICP_1_970.b12	selected-present	piano:vendor/firmware/CAMERA_ICP_1_970.b12	vendor/firmware/CAMERA_ICP_1_970.b12
vendor/firmware/CAMERA_ICP_1_970.b13	selected-present	piano:vendor/firmware/CAMERA_ICP_1_970.b13	vendor/firmware/CAMERA_ICP_1_970.b13
vendor/firmware/CAMERA_ICP_1_970.b14	selected-present	piano:vendor/firmware/CAMERA_ICP_1_970.b14	vendor/firmware/CAMERA_ICP_1_970.b14
vendor/firmware/CAMERA_ICP_1_970.b15	selected-present	piano:vendor/firmware/CAMERA_ICP_1_970.b15	vendor/firmware/CAMERA_ICP_1_970.b15
vendor/firmware/CAMERA_ICP_1_970.b16	selected-present	piano:vendor/firmware/CAMERA_ICP_1_970.b16	vendor/firmware/CAMERA_ICP_1_970.b16
vendor/firmware/CAMERA_ICP_1_970.b17	selected-present	piano:vendor/firmware/CAMERA_ICP_1_970.b17	vendor/firmware/CAMERA_ICP_1_970.b17
vendor/firmware/CAMERA_ICP_1_970.b18	selected-present	piano:vendor/firmware/CAMERA_ICP_1_970.b18	vendor/firmware/CAMERA_ICP_1_970.b18
vendor/firmware/CAMERA_ICP_1_970.b19	selected-present	piano:vendor/firmware/CAMERA_ICP_1_970.b19	vendor/firmware/CAMERA_ICP_1_970.b19
vendor/firmware/CAMERA_ICP_1_970.b20	selected-present	piano:vendor/firmware/CAMERA_ICP_1_970.b20	vendor/firmware/CAMERA_ICP_1_970.b20
vendor/firmware/CAMERA_ICP_1_970.elf	selected-present	piano:vendor/firmware/CAMERA_ICP_1_970.elf	
vendor/firmware/CAMERA_ICP_1_970.mbn	selected-present	piano:vendor/firmware/CAMERA_ICP_1_970.mbn	
vendor/firmware/CAMERA_ICP_1_970.mdt	selected-present	piano:vendor/firmware/CAMERA_ICP_1_970.mdt	
vendor/firmware/CAMERA_ICP_970.b00	selected-present	piano:vendor/firmware/CAMERA_ICP_970.b00	
vendor/firmware/CAMERA_ICP_970.b01	selected-present	piano:vendor/firmware/CAMERA_ICP_970.b01	vendor/firmware/CAMERA_ICP_970.b01
vendor/firmware/CAMERA_ICP_970.b02	selected-present	piano:vendor/firmware/CAMERA_ICP_970.b02	vendor/firmware/CAMERA_ICP_970.b02
vendor/firmware/CAMERA_ICP_970.b03	selected-present	piano:vendor/firmware/CAMERA_ICP_970.b03	vendor/firmware/CAMERA_ICP_970.b03
vendor/firmware/CAMERA_ICP_970.b04	selected-present	piano:vendor/firmware/CAMERA_ICP_970.b04	vendor/firmware/CAMERA_ICP_970.b04
vendor/firmware/CAMERA_ICP_970.b05	selected-present	piano:vendor/firmware/CAMERA_ICP_970.b05	vendor/firmware/CAMERA_ICP_970.b05
vendor/firmware/CAMERA_ICP_970.b06	selected-present	piano:vendor/firmware/CAMERA_ICP_970.b06	vendor/firmware/CAMERA_ICP_970.b06
vendor/firmware/CAMERA_ICP_970.b07	selected-present	piano:vendor/firmware/CAMERA_ICP_970.b07	vendor/firmware/CAMERA_ICP_970.b07
vendor/firmware/CAMERA_ICP_970.b08	selected-present	piano:vendor/firmware/CAMERA_ICP_970.b08	vendor/firmware/CAMERA_ICP_970.b08
vendor/firmware/CAMERA_ICP_970.b09	selected-present	piano:vendor/firmware/CAMERA_ICP_970.b09	vendor/firmware/CAMERA_ICP_970.b09
vendor/firmware/CAMERA_ICP_970.b10	selected-present	piano:vendor/firmware/CAMERA_ICP_970.b10	vendor/firmware/CAMERA_ICP_970.b10
vendor/firmware/CAMERA_ICP_970.b11	selected-present	piano:vendor/firmware/CAMERA_ICP_970.b11	vendor/firmware/CAMERA_ICP_970.b11
vendor/firmware/CAMERA_ICP_970.b12	selected-present	piano:vendor/firmware/CAMERA_ICP_970.b12	vendor/firmware/CAMERA_ICP_970.b12
vendor/firmware/CAMERA_ICP_970.b13	selected-present	piano:vendor/firmware/CAMERA_ICP_970.b13	vendor/firmware/CAMERA_ICP_970.b13
vendor/firmware/CAMERA_ICP_970.b14	selected-present	piano:vendor/firmware/CAMERA_ICP_970.b14	vendor/firmware/CAMERA_ICP_970.b14
vendor/firmware/CAMERA_ICP_970.b15	selected-present	piano:vendor/firmware/CAMERA_ICP_970.b15	vendor/firmware/CAMERA_ICP_970.b15
vendor/firmware/CAMERA_ICP_970.b16	selected-present	piano:vendor/firmware/CAMERA_ICP_970.b16	vendor/firmware/CAMERA_ICP_970.b16
vendor/firmware/CAMERA_ICP_970.b17	selected-present	piano:vendor/firmware/CAMERA_ICP_970.b17	vendor/firmware/CAMERA_ICP_970.b17
vendor/firmware/CAMERA_ICP_970.b18	selected-present	piano:vendor/firmware/CAMERA_ICP_970.b18	vendor/firmware/CAMERA_ICP_970.b18
vendor/firmware/CAMERA_ICP_970.b19	selected-present	piano:vendor/firmware/CAMERA_ICP_970.b19	vendor/firmware/CAMERA_ICP_970.b19
vendor/firmware/CAMERA_ICP_970.b20	selected-present	piano:vendor/firmware/CAMERA_ICP_970.b20	vendor/firmware/CAMERA_ICP_970.b20
vendor/firmware/CAMERA_ICP_970.elf	selected-present	piano:vendor/firmware/CAMERA_ICP_970.elf	
vendor/firmware/CAMERA_ICP_970.mbn	selected-present	piano:vendor/firmware/CAMERA_ICP_970.mbn	
vendor/firmware/CAMERA_ICP_970.mdt	selected-present	piano:vendor/firmware/CAMERA_ICP_970.mdt	
vendor/firmware/gen70900_aqe.fw	selected-present	piano:vendor/firmware/gen70900_aqe.fw	vendor/firmware/gen70900_aqe.fw
vendor/firmware/gen70900_sqe.fw	selected-present	piano:vendor/firmware/gen70900_sqe.fw	vendor/firmware/gen70900_sqe.fw
vendor/firmware/gen70900_zap.mbn	selected-present	piano:vendor/firmware/gen70900_zap.mbn	vendor/firmware/gen70900_zap.mbn
vendor/firmware/gen70e00_sqe.fw	selected-present	piano:vendor/firmware/gen70e00_sqe.fw	vendor/firmware/gen70e00_sqe.fw
vendor/firmware/gen70e00_zap.mbn	selected-present	piano:vendor/firmware/gen70e00_zap.mbn	vendor/firmware/gen70e00_zap.mbn
vendor/firmware/gen71700_gmu.bin	selected-present	piano:vendor/firmware/gen71700_gmu.bin	vendor/firmware/gen71700_gmu.bin
vendor/firmware/gen80000_aqe.fw	selected-present	piano:vendor/firmware/gen80000_aqe.fw	vendor/firmware/gen80000_aqe.fw
vendor/firmware/gen80000_gmu.bin	selected-present	piano:vendor/firmware/gen80000_gmu.bin	vendor/firmware/gen80000_gmu.bin
vendor/firmware/gen80000_sqe.fw	selected-present	piano:vendor/firmware/gen80000_sqe.fw	vendor/firmware/gen80000_sqe.fw
vendor/firmware/gen80600_gmu.bin	selected-present	piano:vendor/firmware/gen80600_gmu.bin	vendor/firmware/gen80600_gmu.bin
vendor/firmware/gmu_gen70900.bin	selected-present	piano:vendor/firmware/gmu_gen70900.bin	vendor/firmware/gmu_gen70900.bin
vendor/firmware/wigig.ini	unselected-review		
vendor/framework/androidx.camera.extensions.impl.jar	selected-present	sm8750-common:vendor/framework/androidx.camera.extensions.impl.jar	vendor/framework/androidx.camera.extensions.impl.jar
vendor/framework/oat/arm64/androidx.camera.extensions.impl.odex	unselected-review		vendor/framework/oat/arm64/androidx.camera.extensions.impl.odex
vendor/framework/oat/arm64/androidx.camera.extensions.impl.vdex	unselected-review		vendor/framework/oat/arm64/androidx.camera.extensions.impl.vdex
vendor/gpu/kbc/sequence_manifest.bin	selected-present	sm8750-common:vendor/gpu/kbc/sequence_manifest.bin	vendor/gpu/kbc/sequence_manifest.bin
vendor/gpu/kbc/sequence_manifest_a730.bin	selected-present	sm8750-common:vendor/gpu/kbc/sequence_manifest_a730.bin	vendor/gpu/kbc/sequence_manifest_a730.bin
vendor/gpu/kbc/unified_kbcs_32.bin	selected-present	sm8750-common:vendor/gpu/kbc/unified_kbcs_32.bin	vendor/gpu/kbc/unified_kbcs_32.bin
vendor/gpu/kbc/unified_kbcs_32_a730.bin	selected-present	sm8750-common:vendor/gpu/kbc/unified_kbcs_32_a730.bin	vendor/gpu/kbc/unified_kbcs_32_a730.bin
vendor/gpu/kbc/unified_kbcs_64.bin	selected-present	sm8750-common:vendor/gpu/kbc/unified_kbcs_64.bin	vendor/gpu/kbc/unified_kbcs_64.bin
vendor/gpu/kbc/unified_kbcs_64_a730.bin	selected-present	sm8750-common:vendor/gpu/kbc/unified_kbcs_64_a730.bin	vendor/gpu/kbc/unified_kbcs_64_a730.bin
vendor/gpu/kbc/unified_ksqs.bin	selected-present	sm8750-common:vendor/gpu/kbc/unified_ksqs.bin	vendor/gpu/kbc/unified_ksqs.bin
vendor/gpu/kbc/unified_ksqs_a730.bin	selected-present	sm8750-common:vendor/gpu/kbc/unified_ksqs_a730.bin	vendor/gpu/kbc/unified_ksqs_a730.bin
vendor/lib/rfsa/adsp/chre_qsh_shim.so	unselected-review		
vendor/lib/rfsa/adsp/libCalculator_skel.so	selected-present	piano:vendor/lib/rfsa/adsp/libCalculator_skel.so	vendor/lib/rfsa/adsp/libCalculator_skel.so
vendor/lib/rfsa/adsp/libDspIOProxy_skel.so	selected-present	piano:vendor/lib/rfsa/adsp/libDspIOProxy_skel.so	vendor/lib/rfsa/adsp/libDspIOProxy_skel.so
vendor/lib/rfsa/adsp/libQnnHtpV73.so	selected-present	piano:vendor/lib/rfsa/adsp/libQnnHtpV73.so	vendor/lib/rfsa/adsp/libQnnHtpV73.so
vendor/lib/rfsa/adsp/libQnnHtpV73QemuDriver.so	selected-present	piano:vendor/lib/rfsa/adsp/libQnnHtpV73QemuDriver.so	vendor/lib/rfsa/adsp/libQnnHtpV73QemuDriver.so
vendor/lib/rfsa/adsp/libQnnHtpV73Skel.so	selected-present	piano:vendor/lib/rfsa/adsp/libQnnHtpV73Skel.so	vendor/lib/rfsa/adsp/libQnnHtpV73Skel.so
vendor/lib/rfsa/adsp/libQnnHtpV79.so	selected-present	piano:vendor/lib/rfsa/adsp/libQnnHtpV79.so	vendor/lib/rfsa/adsp/libQnnHtpV79.so
vendor/lib/rfsa/adsp/libQnnHtpV79Skel.so	selected-present	piano:vendor/lib/rfsa/adsp/libQnnHtpV79Skel.so	vendor/lib/rfsa/adsp/libQnnHtpV79Skel.so
vendor/lib/rfsa/adsp/libQnnSaver.so	selected-present	piano:vendor/lib/rfsa/adsp/libQnnSaver.so	vendor/lib/rfsa/adsp/libQnnSaver.so
vendor/lib/rfsa/adsp/libSnpeHtpV73Skel.so	selected-present	piano:vendor/lib/rfsa/adsp/libSnpeHtpV73Skel.so	vendor/lib/rfsa/adsp/libSnpeHtpV73Skel.so
vendor/lib/rfsa/adsp/libSnpeHtpV79Skel.so	selected-present	piano:vendor/lib/rfsa/adsp/libSnpeHtpV79Skel.so	vendor/lib/rfsa/adsp/libSnpeHtpV79Skel.so
vendor/lib/rfsa/adsp/libadsp_jpege_skel.so	selected-present	piano:vendor/lib/rfsa/adsp/libadsp_jpege_skel.so	vendor/lib/rfsa/adsp/libadsp_jpege_skel.so
vendor/lib/rfsa/adsp/libarc_htp_driver_skel.so	selected-present	piano:vendor/lib/rfsa/adsp/libarc_htp_driver_skel.so	vendor/lib/rfsa/adsp/libarc_htp_driver_skel.so
vendor/lib/rfsa/adsp/libdsp_streamer_binning.so	selected-present	piano:vendor/lib/rfsa/adsp/libdsp_streamer_binning.so	vendor/lib/rfsa/adsp/libdsp_streamer_binning.so
vendor/lib/rfsa/adsp/libdsp_streamer_qvrcam_receiver.so	unselected-review		
vendor/lib/rfsa/adsp/libeye_tracking_dsp_sample_skel.so	unselected-review		
vendor/lib/rfsa/adsp/libhalide_hexagon_remote_skel.so	selected-present	piano:vendor/lib/rfsa/adsp/libhalide_hexagon_remote_skel.so	vendor/lib/rfsa/adsp/libhalide_hexagon_remote_skel.so
vendor/lib/rfsa/adsp/libhme_dsp_skel.so	selected-present	piano:vendor/lib/rfsa/adsp/libhme_dsp_skel.so	vendor/lib/rfsa/adsp/libhme_dsp_skel.so
vendor/lib/rfsa/adsp/libmctfengine_skel.so	selected-present	piano:vendor/lib/rfsa/adsp/libmctfengine_skel.so	vendor/lib/rfsa/adsp/libmctfengine_skel.so
vendor/lib/rfsa/adsp/libmialgo_basic_cdsp_skel.so	selected-present	piano:vendor/lib/rfsa/adsp/libmialgo_basic_cdsp_skel.so	vendor/lib/rfsa/adsp/libmialgo_basic_cdsp_skel.so
vendor/lib/rfsa/adsp/libmialgo_rfs_cdsp_skel.so	selected-present	piano:vendor/lib/rfsa/adsp/libmialgo_rfs_cdsp_skel.so	vendor/lib/rfsa/adsp/libmialgo_rfs_cdsp_skel.so
vendor/lib/rfsa/adsp/libmlawbpostproc_dsp_skel.so	selected-present	piano:vendor/lib/rfsa/adsp/libmlawbpostproc_dsp_skel.so	vendor/lib/rfsa/adsp/libmlawbpostproc_dsp_skel.so
vendor/lib/rfsa/adsp/libqvr_3dof_tracker_skel.so	unselected-review		
vendor/lib/rfsa/adsp/libqvr_cam_dsp_driver_skel.so	unselected-review		
vendor/lib/rfsa/adsp/libqvr_dsp_driver_skel.so	unselected-review		
vendor/lib/rfsa/adsp/libtracker_6dof_skel_8450.so	unselected-review		
vendor/lib/rfsa/adsp/nearby.napp_header	unselected-review		
vendor/lib/rfsa/adsp/nearby.so	unselected-review		
vendor/lib64/android.automotive.watchdog-V2-ndk.so	unselected-review		
vendor/lib64/android.frameworks.cameraservice.common-V1-ndk.so	unselected-review		vendor/lib64/android.frameworks.cameraservice.common-V1-ndk.so
vendor/lib64/android.frameworks.cameraservice.device-V2-ndk.so	unselected-review		vendor/lib64/android.frameworks.cameraservice.device-V2-ndk.so
vendor/lib64/android.frameworks.cameraservice.service-V2-ndk.so	unselected-review		vendor/lib64/android.frameworks.cameraservice.service-V2-ndk.so
vendor/lib64/android.frameworks.location.altitude-V2-ndk.so	unselected-review		vendor/lib64/android.frameworks.location.altitude-V2-ndk.so
vendor/lib64/android.frameworks.sensorservice-V1-ndk.so	unselected-review		vendor/lib64/android.frameworks.sensorservice-V1-ndk.so
vendor/lib64/android.frameworks.sensorservice@1.0.so	unselected-review		vendor/lib64/android.frameworks.sensorservice@1.0.so
vendor/lib64/android.hardware.audio.common-V2-ndk.so	unselected-review		
vendor/lib64/android.hardware.audio.common-V3-ndk.so	unselected-review		vendor/lib64/android.hardware.audio.common-V3-ndk.so
vendor/lib64/android.hardware.audio.common@5.0.so	unselected-review		vendor/lib64/android.hardware.audio.common@5.0.so
vendor/lib64/android.hardware.audio.core-V2-ndk.so	unselected-review		vendor/lib64/android.hardware.audio.core-V2-ndk.so
vendor/lib64/android.hardware.audio.core.sounddose-V1-ndk.so	unselected-review		
vendor/lib64/android.hardware.audio.core.sounddose-V2-ndk.so	selected-present	sm8750-common:vendor/lib64/android.hardware.audio.core.sounddose-V2-ndk_xiaomi.so	vendor/lib64/android.hardware.audio.core.sounddose-V2-ndk_xiaomi.so
vendor/lib64/android.hardware.audio.effect-V2-ndk.so	unselected-review		vendor/lib64/android.hardware.audio.effect-V2-ndk.so
vendor/lib64/android.hardware.audio.effect-V3-ndk.so	unselected-review		vendor/lib64/android.hardware.audio.effect-V3-ndk.so
vendor/lib64/android.hardware.authsecret-V1-ndk.so	unselected-review		
vendor/lib64/android.hardware.authsecret@1.0.so	unselected-review		
vendor/lib64/android.hardware.automotive.vehicle@2.0-manager-lib.so	unselected-review		
vendor/lib64/android.hardware.automotive.vehicle@2.0.so	unselected-review		
vendor/lib64/android.hardware.biometrics.common-V4-ndk.so	unselected-review		vendor/lib64/android.hardware.biometrics.common-V4-ndk.so
vendor/lib64/android.hardware.biometrics.common.thread.so	unselected-review		vendor/lib64/android.hardware.biometrics.common.thread.so
vendor/lib64/android.hardware.biometrics.common.util.so	unselected-review		vendor/lib64/android.hardware.biometrics.common.util.so
vendor/lib64/android.hardware.biometrics.face-V4-ndk.so	unselected-review		
vendor/lib64/android.hardware.biometrics.fingerprint-V5-ndk.so	selected-present	sm8750-common:vendor/lib64/android.hardware.biometrics.fingerprint-V5-ndk_xiaomi.so	vendor/lib64/android.hardware.biometrics.fingerprint-V5-ndk_xiaomi.so
vendor/lib64/android.hardware.bluetooth-V1-ndk.so	unselected-review		vendor/lib64/android.hardware.bluetooth-V1-ndk.so
vendor/lib64/android.hardware.bluetooth.audio-V3-ndk.so	unselected-review		
vendor/lib64/android.hardware.bluetooth.audio-V4-ndk.so	unselected-review		vendor/lib64/android.hardware.bluetooth.audio-V4-ndk.so
vendor/lib64/android.hardware.bluetooth.audio-impl.so	selected-present	sm8750-common:vendor/lib64/android.hardware.bluetooth.audio-impl_xiaomi.so	vendor/lib64/android.hardware.bluetooth.audio-impl_xiaomi.so
vendor/lib64/android.hardware.bluetooth.audio@2.0.so	unselected-review		vendor/lib64/android.hardware.bluetooth.audio@2.0.so
vendor/lib64/android.hardware.bluetooth.audio@2.1.so	unselected-review		vendor/lib64/android.hardware.bluetooth.audio@2.1.so
vendor/lib64/android.hardware.bluetooth.finder-V1-ndk.so	unselected-review		vendor/lib64/android.hardware.bluetooth.finder-V1-ndk.so
vendor/lib64/android.hardware.bluetooth.lmp_event-V1-ndk.so	unselected-review		vendor/lib64/android.hardware.bluetooth.lmp_event-V1-ndk.so
vendor/lib64/android.hardware.bluetooth@1.0.so	unselected-review		vendor/lib64/android.hardware.bluetooth@1.0.so
vendor/lib64/android.hardware.boot-V1-ndk.so	unselected-review		vendor/lib64/android.hardware.boot-V1-ndk.so
vendor/lib64/android.hardware.boot@1.0.so	unselected-review		vendor/lib64/android.hardware.boot@1.0.so
vendor/lib64/android.hardware.boot@1.1.so	unselected-review		vendor/lib64/android.hardware.boot@1.1.so
vendor/lib64/android.hardware.camera.common-V1-ndk.so	unselected-review		vendor/lib64/android.hardware.camera.common-V1-ndk.so
vendor/lib64/android.hardware.camera.device-V1-ndk.so	unselected-review		vendor/lib64/android.hardware.camera.device-V1-ndk.so
vendor/lib64/android.hardware.camera.device-V2-ndk.so	unselected-review		vendor/lib64/android.hardware.camera.device-V2-ndk.so
vendor/lib64/android.hardware.camera.metadata-V1-ndk.so	unselected-review		vendor/lib64/android.hardware.camera.metadata-V1-ndk.so
vendor/lib64/android.hardware.camera.metadata-V2-ndk.so	unselected-review		vendor/lib64/android.hardware.camera.metadata-V2-ndk.so
vendor/lib64/android.hardware.camera.provider-V1-external-impl.so	unselected-review		
vendor/lib64/android.hardware.camera.provider-V1-ndk.so	unselected-review		
vendor/lib64/android.hardware.camera.provider-V2-ndk.so	unselected-review		vendor/lib64/android.hardware.camera.provider-V2-ndk.so
vendor/lib64/android.hardware.common-V2-ndk.so	unselected-review		vendor/lib64/android.hardware.common-V2-ndk.so
vendor/lib64/android.hardware.common-V2-ndk_platform.so	unselected-review		
vendor/lib64/android.hardware.common.fmq-V1-ndk.so	unselected-review		vendor/lib64/android.hardware.common.fmq-V1-ndk.so
vendor/lib64/android.hardware.contexthub-V3-ndk.so	unselected-review		vendor/lib64/android.hardware.contexthub-V3-ndk.so
vendor/lib64/android.hardware.drm-V1-ndk.so	unselected-review		vendor/lib64/android.hardware.drm-V1-ndk.so
vendor/lib64/android.hardware.dumpstate-V1-ndk.so	unselected-review		vendor/lib64/android.hardware.dumpstate-V1-ndk.so
vendor/lib64/android.hardware.gatekeeper-V1-ndk.so	unselected-review		vendor/lib64/android.hardware.gatekeeper-V1-ndk.so
vendor/lib64/android.hardware.gatekeeper@1.0.so	unselected-review		
vendor/lib64/android.hardware.gnss-V4-ndk.so	unselected-review		vendor/lib64/android.hardware.gnss-V4-ndk.so
vendor/lib64/android.hardware.graphics.allocator-V1-ndk.so	unselected-review		vendor/lib64/android.hardware.graphics.allocator-V1-ndk.so
vendor/lib64/android.hardware.graphics.allocator-V2-ndk.so	unselected-review		vendor/lib64/android.hardware.graphics.allocator-V2-ndk.so
vendor/lib64/android.hardware.graphics.allocator@2.0.so	unselected-review		vendor/lib64/android.hardware.graphics.allocator@2.0.so
vendor/lib64/android.hardware.graphics.allocator@3.0.so	unselected-review		vendor/lib64/android.hardware.graphics.allocator@3.0.so
vendor/lib64/android.hardware.graphics.allocator@4.0.so	unselected-review		vendor/lib64/android.hardware.graphics.allocator@4.0.so
vendor/lib64/android.hardware.graphics.bufferqueue@1.0.so	unselected-review		vendor/lib64/android.hardware.graphics.bufferqueue@1.0.so
vendor/lib64/android.hardware.graphics.bufferqueue@2.0.so	unselected-review		vendor/lib64/android.hardware.graphics.bufferqueue@2.0.so
vendor/lib64/android.hardware.graphics.common-V5-ndk.so	unselected-review		vendor/lib64/android.hardware.graphics.common-V5-ndk.so
vendor/lib64/android.hardware.graphics.common@1.0.so	unselected-review		vendor/lib64/android.hardware.graphics.common@1.0.so
vendor/lib64/android.hardware.graphics.common@1.1.so	unselected-review		vendor/lib64/android.hardware.graphics.common@1.1.so
vendor/lib64/android.hardware.graphics.common@1.2.so	unselected-review		vendor/lib64/android.hardware.graphics.common@1.2.so
vendor/lib64/android.hardware.graphics.composer3-V2-ndk.so	unselected-review		
vendor/lib64/android.hardware.graphics.composer3-V3-ndk.so	unselected-review		vendor/lib64/android.hardware.graphics.composer3-V3-ndk.so
vendor/lib64/android.hardware.graphics.composer@2.1.so	unselected-review		
vendor/lib64/android.hardware.graphics.composer@2.2.so	unselected-review		
vendor/lib64/android.hardware.graphics.composer@2.3.so	unselected-review		
vendor/lib64/android.hardware.graphics.mapper@2.0.so	unselected-review		vendor/lib64/android.hardware.graphics.mapper@2.0.so
vendor/lib64/android.hardware.graphics.mapper@2.1.so	unselected-review		vendor/lib64/android.hardware.graphics.mapper@2.1.so
vendor/lib64/android.hardware.graphics.mapper@3.0.so	unselected-review		vendor/lib64/android.hardware.graphics.mapper@3.0.so
vendor/lib64/android.hardware.graphics.mapper@4.0.so	unselected-review		vendor/lib64/android.hardware.graphics.mapper@4.0.so
vendor/lib64/android.hardware.health-V1-ndk.so	unselected-review		vendor/lib64/android.hardware.health-V1-ndk.so
vendor/lib64/android.hardware.health-V3-ndk.so	unselected-review		
vendor/lib64/android.hardware.health@1.0.so	unselected-review		vendor/lib64/android.hardware.health@1.0.so
vendor/lib64/android.hardware.health@2.0.so	unselected-review		vendor/lib64/android.hardware.health@2.0.so
vendor/lib64/android.hardware.health@2.1.so	unselected-review		vendor/lib64/android.hardware.health@2.1.so
vendor/lib64/android.hardware.ir-V1-ndk.so	unselected-review		vendor/lib64/android.hardware.ir-V1-ndk.so
vendor/lib64/android.hardware.keymaster-V4-ndk.so	unselected-review		vendor/lib64/android.hardware.keymaster-V4-ndk.so
vendor/lib64/android.hardware.keymaster@3.0.so	unselected-review		vendor/lib64/android.hardware.keymaster@3.0.so
vendor/lib64/android.hardware.keymaster@4.0.so	unselected-review		vendor/lib64/android.hardware.keymaster@4.0.so
vendor/lib64/android.hardware.keymaster@4.1.so	unselected-review		vendor/lib64/android.hardware.keymaster@4.1.so
vendor/lib64/android.hardware.light-V2-ndk.so	unselected-review		vendor/lib64/android.hardware.light-V2-ndk.so
vendor/lib64/android.hardware.media.bufferpool2-V2-ndk.so	unselected-review		vendor/lib64/android.hardware.media.bufferpool2-V2-ndk.so
vendor/lib64/android.hardware.media.bufferpool@2.0.so	unselected-review		vendor/lib64/android.hardware.media.bufferpool@2.0.so
vendor/lib64/android.hardware.media.c2-V1-ndk.so	unselected-review		vendor/lib64/android.hardware.media.c2-V1-ndk.so
vendor/lib64/android.hardware.media.c2@1.0.so	unselected-review		vendor/lib64/android.hardware.media.c2@1.0.so
vendor/lib64/android.hardware.media.c2@1.1.so	unselected-review		vendor/lib64/android.hardware.media.c2@1.1.so
vendor/lib64/android.hardware.media.c2@1.2.so	unselected-review		vendor/lib64/android.hardware.media.c2@1.2.so
vendor/lib64/android.hardware.media.omx@1.0.so	unselected-review		vendor/lib64/android.hardware.media.omx@1.0.so
vendor/lib64/android.hardware.media@1.0.so	unselected-review		vendor/lib64/android.hardware.media@1.0.so
vendor/lib64/android.hardware.memtrack-V1-ndk.so	unselected-review		vendor/lib64/android.hardware.memtrack-V1-ndk.so
vendor/lib64/android.hardware.nfc-V1-ndk.so	unselected-review		vendor/lib64/android.hardware.nfc-V1-ndk.so
vendor/lib64/android.hardware.power-V5-ndk.so	unselected-review		vendor/lib64/android.hardware.power-V5-ndk.so
vendor/lib64/android.hardware.power@1.0.so	unselected-review		vendor/lib64/android.hardware.power@1.0.so
vendor/lib64/android.hardware.power@1.1.so	unselected-review		vendor/lib64/android.hardware.power@1.1.so
vendor/lib64/android.hardware.power@1.2.so	unselected-review		vendor/lib64/android.hardware.power@1.2.so
vendor/lib64/android.hardware.radio-V3-ndk.so	unselected-review		vendor/lib64/android.hardware.radio-V3-ndk.so
vendor/lib64/android.hardware.radio.config-V3-ndk.so	unselected-review		vendor/lib64/android.hardware.radio.config-V3-ndk.so
vendor/lib64/android.hardware.radio.data-V3-ndk.so	unselected-review		vendor/lib64/android.hardware.radio.data-V3-ndk.so
vendor/lib64/android.hardware.radio.messaging-V3-ndk.so	unselected-review		vendor/lib64/android.hardware.radio.messaging-V3-ndk.so
vendor/lib64/android.hardware.radio.modem-V3-ndk.so	unselected-review		vendor/lib64/android.hardware.radio.modem-V3-ndk.so
vendor/lib64/android.hardware.radio.network-V3-ndk.so	unselected-review		vendor/lib64/android.hardware.radio.network-V3-ndk.so
vendor/lib64/android.hardware.radio.sap-V1-ndk.so	unselected-review		vendor/lib64/android.hardware.radio.sap-V1-ndk.so
vendor/lib64/android.hardware.radio.sim-V3-ndk.so	unselected-review		vendor/lib64/android.hardware.radio.sim-V3-ndk.so
vendor/lib64/android.hardware.radio.voice-V3-ndk.so	unselected-review		vendor/lib64/android.hardware.radio.voice-V3-ndk.so
vendor/lib64/android.hardware.radio@1.0.so	unselected-review		vendor/lib64/android.hardware.radio@1.0.so
vendor/lib64/android.hardware.radio@1.1.so	unselected-review		vendor/lib64/android.hardware.radio@1.1.so
vendor/lib64/android.hardware.renderscript@1.0.so	unselected-review		
vendor/lib64/android.hardware.secure_element-V1-ndk.so	unselected-review		vendor/lib64/android.hardware.secure_element-V1-ndk.so
vendor/lib64/android.hardware.secure_element@1.0.so	unselected-review		vendor/lib64/android.hardware.secure_element@1.0.so
vendor/lib64/android.hardware.secure_element@1.1.so	unselected-review		
vendor/lib64/android.hardware.secure_element@1.2.so	unselected-review		
vendor/lib64/android.hardware.security.keymint-V1-ndk.so	unselected-review		vendor/lib64/android.hardware.security.keymint-V1-ndk.so
vendor/lib64/android.hardware.security.keymint-V2-ndk.so	unselected-review		
vendor/lib64/android.hardware.security.keymint-V3-ndk.so	unselected-review		vendor/lib64/android.hardware.security.keymint-V3-ndk.so
vendor/lib64/android.hardware.security.rkp-V3-ndk.so	unselected-review		vendor/lib64/android.hardware.security.rkp-V3-ndk.so
vendor/lib64/android.hardware.security.secureclock-V1-ndk.so	unselected-review		vendor/lib64/android.hardware.security.secureclock-V1-ndk.so
vendor/lib64/android.hardware.security.sharedsecret-V1-ndk.so	unselected-review		vendor/lib64/android.hardware.security.sharedsecret-V1-ndk.so
vendor/lib64/android.hardware.security.sharedsecret-V2-ndk.so	unselected-review		
vendor/lib64/android.hardware.sensors-V2-ndk.so	selected-present	sm8750-common:vendor/lib64/android.hardware.sensors-V2-ndk_xiaomi.so	vendor/lib64/android.hardware.sensors-V2-ndk_xiaomi.so
vendor/lib64/android.hardware.sensors@1.0.so	unselected-review		vendor/lib64/android.hardware.sensors@1.0.so
vendor/lib64/android.hardware.sensors@2.0-ScopedWakelock.so	unselected-review		vendor/lib64/android.hardware.sensors@2.0-ScopedWakelock.so
vendor/lib64/android.hardware.sensors@2.0.so	unselected-review		vendor/lib64/android.hardware.sensors@2.0.so
vendor/lib64/android.hardware.sensors@2.1.so	unselected-review		vendor/lib64/android.hardware.sensors@2.1.so
vendor/lib64/android.hardware.soundtrigger3-V1-ndk.so	unselected-review		vendor/lib64/android.hardware.soundtrigger3-V1-ndk.so
vendor/lib64/android.hardware.tetheroffload-V1-ndk.so	unselected-review		vendor/lib64/android.hardware.tetheroffload-V1-ndk.so
vendor/lib64/android.hardware.thermal-V1-ndk.so	unselected-review		vendor/lib64/android.hardware.thermal-V1-ndk.so
vendor/lib64/android.hardware.thermal-V2-ndk.so	unselected-review		vendor/lib64/android.hardware.thermal-V2-ndk.so
vendor/lib64/android.hardware.thermal@1.0.so	unselected-review		vendor/lib64/android.hardware.thermal@1.0.so
vendor/lib64/android.hardware.thermal@2.0.so	unselected-review		vendor/lib64/android.hardware.thermal@2.0.so
vendor/lib64/android.hardware.usb-V1-ndk.so	unselected-review		vendor/lib64/android.hardware.usb-V1-ndk.so
vendor/lib64/android.hardware.usb.gadget-V1-ndk.so	unselected-review		vendor/lib64/android.hardware.usb.gadget-V1-ndk.so
vendor/lib64/android.hardware.usb.gadget@1.0.so	unselected-review		vendor/lib64/android.hardware.usb.gadget@1.0.so
vendor/lib64/android.hardware.usb.gadget@1.1.so	unselected-review		vendor/lib64/android.hardware.usb.gadget@1.1.so
vendor/lib64/android.hardware.weaver-V2-ndk.so	unselected-review		vendor/lib64/android.hardware.weaver-V2-ndk.so
vendor/lib64/android.hardware.wifi-V2-ndk.so	unselected-review		
vendor/lib64/android.hardware.wifi.common-V1-ndk.so	unselected-review		vendor/lib64/android.hardware.wifi.common-V1-ndk.so
vendor/lib64/android.hardware.wifi.hostapd-V2-ndk.so	unselected-review		vendor/lib64/android.hardware.wifi.hostapd-V2-ndk.so
vendor/lib64/android.hardware.wifi.supplicant-V3-ndk.so	unselected-review		vendor/lib64/android.hardware.wifi.supplicant-V3-ndk.so
vendor/lib64/android.hidl.allocator@1.0.so	unselected-review		vendor/lib64/android.hidl.allocator@1.0.so
vendor/lib64/android.hidl.memory.token@1.0.so	unselected-review		vendor/lib64/android.hidl.memory.token@1.0.so
vendor/lib64/android.hidl.memory@1.0.so	unselected-review		vendor/lib64/android.hidl.memory@1.0.so
vendor/lib64/android.hidl.safe_union@1.0.so	unselected-review		vendor/lib64/android.hidl.safe_union@1.0.so
vendor/lib64/android.hidl.token@1.0-utils.so	unselected-review		vendor/lib64/android.hidl.token@1.0-utils.so
vendor/lib64/android.hidl.token@1.0.so	unselected-review		vendor/lib64/android.hidl.token@1.0.so
vendor/lib64/android.media.audio.common.types-V2-ndk.so	unselected-review		vendor/lib64/android.media.audio.common.types-V2-ndk.so
vendor/lib64/android.media.audio.common.types-V3-ndk.so	unselected-review		vendor/lib64/android.media.audio.common.types-V3-ndk.so
vendor/lib64/android.media.audio.common.types-V4-ndk.so	unselected-review		vendor/lib64/android.media.audio.common.types-V4-ndk.so
vendor/lib64/android.media.audio.common.types-V6-ndk.so	selected-present	sm8750-common:vendor/lib64/android.media.audio.common.types-V6-ndk.so	vendor/lib64/android.media.audio.common.types-V6-ndk.so
vendor/lib64/android.media.soundtrigger.types-V1-ndk.so	unselected-review		vendor/lib64/android.media.soundtrigger.types-V1-ndk.so
vendor/lib64/android.se.omapi-V1-ndk.so	unselected-review		
vendor/lib64/android.system.keystore2-V1-ndk.so	unselected-review		vendor/lib64/android.system.keystore2-V1-ndk.so
vendor/lib64/android.system.net.netd-V1-ndk.so	unselected-review		vendor/lib64/android.system.net.netd-V1-ndk.so
vendor/lib64/android.system.suspend-V1-ndk.so	unselected-review		vendor/lib64/android.system.suspend-V1-ndk.so
vendor/lib64/android.system.wifi.keystore@1.0.so	unselected-review		
vendor/lib64/bm5a73v04s13n00.bin	unselected-review		
vendor/lib64/bm5a73v04s13n01.bin	unselected-review		
vendor/lib64/bm5a73v04s13n02.bin	unselected-review		
vendor/lib64/bm5a73v04s13n03.bin	unselected-review		
vendor/lib64/bm5a73v04s13n04.bin	unselected-review		
vendor/lib64/bm5a73v04s13n06.bin	unselected-review		
vendor/lib64/bm5a73v04s13n07.bin	unselected-review		
vendor/lib64/bm5a73v04s13n08.bin	unselected-review		
vendor/lib64/bm5a73v04s13n09.bin	unselected-review		
vendor/lib64/bm5a73v04s13n10.bin	unselected-review		
vendor/lib64/bm5a73v04s13n11.bin	unselected-review		
vendor/lib64/bm5a73v04s13n12.bin	unselected-review		
vendor/lib64/bm5a73v04s13n13.bin	unselected-review		
vendor/lib64/bm5a73v04s13n14.bin	unselected-review		
vendor/lib64/bm5a73v04s13n15.bin	unselected-review		
vendor/lib64/bm5a73v04s13n28.bin	unselected-review		
vendor/lib64/bm5a73v04s13n29.bin	unselected-review		
vendor/lib64/bm5a73v04s13n30.bin	unselected-review		
vendor/lib64/bm5a73v04s13n31.bin	unselected-review		
vendor/lib64/bm5a73v04s13n32.bin	unselected-review		
vendor/lib64/bm5a73v04s13n33.bin	unselected-review		
vendor/lib64/bm5a73v04s13n34.bin	unselected-review		
vendor/lib64/bm5a73v04s13n37.bin	unselected-review		
vendor/lib64/bm5a73v04s13n40.bin	unselected-review		
vendor/lib64/bm5a73v04s13n41.bin	unselected-review		
vendor/lib64/bm5a73v04s13n42.bin	unselected-review		
vendor/lib64/bm5a73v04s13n43.bin	unselected-review		
vendor/lib64/bm5a73v04s13n44.bin	unselected-review		
vendor/lib64/bm5a73v04s13n45.bin	unselected-review		
vendor/lib64/bm5a73v04s13n46.bin	unselected-review		
vendor/lib64/bm5a73v04s13n49.bin	unselected-review		
vendor/lib64/bm5a73v04s13n50.bin	unselected-review		
vendor/lib64/bm5a73v04s13n51.bin	unselected-review		
vendor/lib64/bm5a73v04s13n52.bin	unselected-review		
vendor/lib64/bm5a73v04s13n53.bin	unselected-review		
vendor/lib64/bm5a73v04s13n54.bin	unselected-review		
vendor/lib64/bm5a73v04s13n55.bin	unselected-review		
vendor/lib64/bm5a73v04s13n63.bin	unselected-review		
vendor/lib64/bm5a73v04s13n64.bin	unselected-review		
vendor/lib64/bm5a73v04s13n65.bin	unselected-review		
vendor/lib64/bm5a73v04s13n66.bin	unselected-review		
vendor/lib64/bm5a73v04s13n67.bin	unselected-review		
vendor/lib64/bm5a73v04s13n68.bin	unselected-review		
vendor/lib64/bm5a73v04s13n69.bin	unselected-review		
vendor/lib64/bm5a73v04s13n70.bin	unselected-review		
vendor/lib64/bm5a73v04s13n71.bin	unselected-review		
vendor/lib64/bm5a73v04s13n72.bin	unselected-review		
vendor/lib64/bm5a73v04s13n73.bin	unselected-review		
vendor/lib64/bm5a73v04s13n74.bin	unselected-review		
vendor/lib64/bm5a73v04s13n75.bin	unselected-review		
vendor/lib64/bm5a73v04s13n76.bin	unselected-review		
vendor/lib64/bm5a73v08s13n00.bin	unselected-review		
vendor/lib64/bm5a73v08s13n01.bin	unselected-review		
vendor/lib64/bm5a73v08s13n02.bin	unselected-review		
vendor/lib64/bm5a73v08s13n03.bin	unselected-review		
vendor/lib64/bm5a73v08s13n04.bin	unselected-review		
vendor/lib64/bm5a73v08s13n06.bin	unselected-review		
vendor/lib64/bm5a73v08s13n07.bin	unselected-review		
vendor/lib64/bm5a73v08s13n08.bin	unselected-review		
vendor/lib64/bm5a73v08s13n09.bin	unselected-review		
vendor/lib64/bm5a73v08s13n10.bin	unselected-review		
vendor/lib64/bm5a73v08s13n11.bin	unselected-review		
vendor/lib64/bm5a73v08s13n12.bin	unselected-review		
vendor/lib64/bm5a73v08s13n13.bin	unselected-review		
vendor/lib64/bm5a73v08s13n14.bin	unselected-review		
vendor/lib64/bm5a73v08s13n15.bin	unselected-review		
vendor/lib64/bm5a73v08s13n28.bin	unselected-review		
vendor/lib64/bm5a73v08s13n29.bin	unselected-review		
vendor/lib64/bm5a73v08s13n30.bin	unselected-review		
vendor/lib64/bm5a73v08s13n31.bin	unselected-review		
vendor/lib64/bm5a73v08s13n32.bin	unselected-review		
vendor/lib64/bm5a73v08s13n33.bin	unselected-review		
vendor/lib64/bm5a73v08s13n34.bin	unselected-review		
vendor/lib64/bm5a73v08s13n36.bin	unselected-review		
vendor/lib64/bm5a73v08s13n37.bin	unselected-review		
vendor/lib64/bm5a73v08s13n38.bin	unselected-review		
vendor/lib64/bm5a73v08s13n39.bin	unselected-review		
vendor/lib64/bm5a73v08s13n40.bin	unselected-review		
vendor/lib64/bm5a73v08s13n41.bin	unselected-review		
vendor/lib64/bm5a73v08s13n42.bin	unselected-review		
vendor/lib64/bm5a73v08s13n43.bin	unselected-review		
vendor/lib64/bm5a73v08s13n44.bin	unselected-review		
vendor/lib64/bm5a73v08s13n45.bin	unselected-review		
vendor/lib64/bm5a73v08s13n46.bin	unselected-review		
vendor/lib64/bm5a73v08s13n47.bin	unselected-review		
vendor/lib64/bm5a73v08s13n48.bin	unselected-review		
vendor/lib64/bm5a73v08s13n49.bin	unselected-review		
vendor/lib64/bm5a73v08s13n50.bin	unselected-review		
vendor/lib64/bm5a73v08s13n51.bin	unselected-review		
vendor/lib64/bm5a73v08s13n52.bin	unselected-review		
vendor/lib64/bm5a73v08s13n53.bin	unselected-review		
vendor/lib64/bm5a73v08s13n54.bin	unselected-review		
vendor/lib64/bm5a73v08s13n55.bin	unselected-review		
vendor/lib64/bm5a73v08s13n63.bin	unselected-review		
vendor/lib64/bm5a73v08s13n64.bin	unselected-review		
vendor/lib64/bm5a73v08s13n65.bin	unselected-review		
vendor/lib64/bm5a73v08s13n66.bin	unselected-review		
vendor/lib64/bm5a73v08s13n67.bin	unselected-review		
vendor/lib64/bm5a73v08s13n68.bin	unselected-review		
vendor/lib64/bm5a73v08s13n69.bin	unselected-review		
vendor/lib64/bm5a73v08s13n70.bin	unselected-review		
vendor/lib64/bm5a73v08s13n71.bin	unselected-review		
vendor/lib64/bm5a73v08s13n72.bin	unselected-review		
vendor/lib64/bm5a73v08s13n73.bin	unselected-review		
vendor/lib64/bm5a73v08s13n74.bin	unselected-review		
vendor/lib64/bm5a73v08s13n75.bin	unselected-review		
vendor/lib64/bm5a73v08s13n76.bin	unselected-review		
vendor/lib64/bm5a79v08s13n00.bin	unselected-review		
vendor/lib64/bm5a79v08s13n01.bin	unselected-review		
vendor/lib64/bm5a79v08s13n02.bin	unselected-review		
vendor/lib64/bm5a79v08s13n03.bin	unselected-review		
vendor/lib64/bm5a79v08s13n04.bin	unselected-review		
vendor/lib64/bm5a79v08s13n05.bin	unselected-review		
vendor/lib64/bm5a79v08s13n06.bin	unselected-review		
vendor/lib64/bm5a79v08s13n07.bin	unselected-review		
vendor/lib64/bm5a79v08s13n08.bin	unselected-review		
vendor/lib64/bm5a79v08s13n09.bin	unselected-review		
vendor/lib64/bm5a79v08s13n10.bin	unselected-review		
vendor/lib64/bm5a79v08s13n11.bin	unselected-review		
vendor/lib64/bm5a79v08s13n12.bin	unselected-review		
vendor/lib64/bm5a79v08s13n13.bin	unselected-review		
vendor/lib64/bm5a79v08s13n14.bin	unselected-review		
vendor/lib64/bm5a79v08s13n15.bin	unselected-review		
vendor/lib64/bm5a79v08s13n28.bin	unselected-review		
vendor/lib64/bm5a79v08s13n29.bin	unselected-review		
vendor/lib64/bm5a79v08s13n30.bin	unselected-review		
vendor/lib64/bm5a79v08s13n31.bin	unselected-review		
vendor/lib64/bm5a79v08s13n32.bin	unselected-review		
vendor/lib64/bm5a79v08s13n33.bin	unselected-review		
vendor/lib64/bm5a79v08s13n34.bin	unselected-review		
vendor/lib64/bm5a79v08s13n36.bin	unselected-review		
vendor/lib64/bm5a79v08s13n37.bin	unselected-review		
vendor/lib64/bm5a79v08s13n38.bin	unselected-review		
vendor/lib64/bm5a79v08s13n39.bin	unselected-review		
vendor/lib64/bm5a79v08s13n40.bin	unselected-review		
vendor/lib64/bm5a79v08s13n41.bin	unselected-review		
vendor/lib64/bm5a79v08s13n42.bin	unselected-review		
vendor/lib64/bm5a79v08s13n43.bin	unselected-review		
vendor/lib64/bm5a79v08s13n44.bin	unselected-review		
vendor/lib64/bm5a79v08s13n45.bin	unselected-review		
vendor/lib64/bm5a79v08s13n46.bin	unselected-review		
vendor/lib64/bm5a79v08s13n47.bin	unselected-review		
vendor/lib64/bm5a79v08s13n48.bin	unselected-review		
vendor/lib64/bm5a79v08s13n49.bin	unselected-review		
vendor/lib64/bm5a79v08s13n50.bin	unselected-review		
vendor/lib64/bm5a79v08s13n51.bin	unselected-review		
vendor/lib64/bm5a79v08s13n52.bin	unselected-review		
vendor/lib64/bm5a79v08s13n53.bin	unselected-review		
vendor/lib64/bm5a79v08s13n54.bin	unselected-review		
vendor/lib64/bm5a79v08s13n55.bin	unselected-review		
vendor/lib64/bm5a79v08s13n57.bin	unselected-review		
vendor/lib64/bm5a79v08s13n58.bin	unselected-review		
vendor/lib64/bm5a79v08s13n63.bin	unselected-review		
vendor/lib64/bm5a79v08s13n64.bin	unselected-review		
vendor/lib64/bm5a79v08s13n65.bin	unselected-review		
vendor/lib64/bm5a79v08s13n66.bin	unselected-review		
vendor/lib64/bm5a79v08s13n67.bin	unselected-review		
vendor/lib64/bm5a79v08s13n68.bin	unselected-review		
vendor/lib64/bm5a79v08s13n69.bin	unselected-review		
vendor/lib64/bm5a79v08s13n70.bin	unselected-review		
vendor/lib64/bm5a79v08s13n71.bin	unselected-review		
vendor/lib64/bm5a79v08s13n72.bin	unselected-review		
vendor/lib64/bm5a79v08s13n73.bin	unselected-review		
vendor/lib64/bm5a79v08s13n74.bin	unselected-review		
vendor/lib64/bm5a79v08s13n75.bin	unselected-review		
vendor/lib64/bm5a79v08s13n76.bin	unselected-review		
vendor/lib64/bm5a79v08s13n77.bin	unselected-review		
vendor/lib64/bm5a79v08s13n78.bin	unselected-review		
vendor/lib64/bm5a79v08s13n79.bin	unselected-review		
vendor/lib64/bm5a79v08s13n80.bin	unselected-review		
vendor/lib64/bm5a79v08s13n81.bin	unselected-review		
vendor/lib64/bm5a79v08s13n82.bin	unselected-review		
vendor/lib64/bm5a79v08s13n83.bin	unselected-review		
vendor/lib64/bm5a79v08s13n84.bin	unselected-review		
vendor/lib64/bm5a79v08s13n85.bin	unselected-review		
vendor/lib64/bm5a79v08s13n86.bin	unselected-review		
vendor/lib64/bm5a79v08s13n87.bin	unselected-review		
vendor/lib64/bm5a79v08s13n88.bin	unselected-review		
vendor/lib64/bm5a79v08s13n89.bin	unselected-review		
vendor/lib64/bm5a79v08s13n90.bin	unselected-review		
vendor/lib64/btaudio_offload_if.so	selected-present	sm8750-common:vendor/lib64/btaudio_offload_if.so	vendor/lib64/btaudio_offload_if.so
vendor/lib64/camera/bitmlconfig.bin	selected-present	piano:vendor/lib64/camera/bitmlconfig.bin	vendor/lib64/camera/bitmlconfig.bin
vendor/lib64/camera/bitmlconfig_sm7550.bin	selected-present	piano:vendor/lib64/camera/bitmlconfig_sm7550.bin	vendor/lib64/camera/bitmlconfig_sm7550.bin
vendor/lib64/camera/camxfl115indices.bin	selected-present	piano:vendor/lib64/camera/camxfl115indices.bin	vendor/lib64/camera/camxfl115indices.bin
vendor/lib64/camera/camxfl300v1indices.bin	selected-present	piano:vendor/lib64/camera/camxfl300v1indices.bin	vendor/lib64/camera/camxfl300v1indices.bin
vendor/lib64/camera/camxfl300v2indices.bin	selected-present	piano:vendor/lib64/camera/camxfl300v2indices.bin	vendor/lib64/camera/camxfl300v2indices.bin
vendor/lib64/camera/camxflcustom300indices.bin	selected-present	piano:vendor/lib64/camera/camxflcustom300indices.bin	vendor/lib64/camera/camxflcustom300indices.bin
vendor/lib64/camera/chifdnodeconfig.bin	selected-present	piano:vendor/lib64/camera/chifdnodeconfig.bin	vendor/lib64/camera/chifdnodeconfig.bin
vendor/lib64/camera/com.qti.chi.featurecompatibilityspecification.sm8750.bin	selected-present	piano:vendor/lib64/camera/com.qti.chi.featurecompatibilityspecification.sm8750.bin	vendor/lib64/camera/com.qti.chi.featurecompatibilityspecification.sm8750.bin
vendor/lib64/camera/com.qti.ofe.profiledb.default.bin	selected-present	piano:vendor/lib64/camera/com.qti.ofe.profiledb.default.bin	vendor/lib64/camera/com.qti.ofe.profiledb.default.bin
vendor/lib64/camera/com.qti.sensormodule.qti_tpg0_sm7750.bin	selected-present	piano:vendor/lib64/camera/com.qti.sensormodule.qti_tpg0_sm7750.bin	vendor/lib64/camera/com.qti.sensormodule.qti_tpg0_sm7750.bin
vendor/lib64/camera/com.qti.sensormodule.qti_tpg1_sm7750.bin	selected-present	piano:vendor/lib64/camera/com.qti.sensormodule.qti_tpg1_sm7750.bin	vendor/lib64/camera/com.qti.sensormodule.qti_tpg1_sm7750.bin
vendor/lib64/camera/com.qti.sensormodule.qti_tpg1_sm7750_dummy.bin	selected-present	piano:vendor/lib64/camera/com.qti.sensormodule.qti_tpg1_sm7750_dummy.bin	vendor/lib64/camera/com.qti.sensormodule.qti_tpg1_sm7750_dummy.bin
vendor/lib64/camera/com.qti.sensorsocmap.socid_map.bin	selected-present	piano:vendor/lib64/camera/com.qti.sensorsocmap.socid_map.bin	vendor/lib64/camera/com.qti.sensorsocmap.socid_map.bin
vendor/lib64/camera/components/com.mi.node.fd.so	selected-present	piano:vendor/lib64/camera/components/com.mi.node.fd.so	vendor/lib64/camera/components/com.mi.node.fd.so
vendor/lib64/camera/components/com.mi.node.miaihighlight.so	selected-present	piano:vendor/lib64/camera/components/com.mi.node.miaihighlight.so	vendor/lib64/camera/components/com.mi.node.miaihighlight.so
vendor/lib64/camera/components/com.mi.node.mimovie.so	selected-present	piano:vendor/lib64/camera/components/com.mi.node.mimovie.so	vendor/lib64/camera/components/com.mi.node.mimovie.so
vendor/lib64/camera/components/com.mi.node.mioisverify.so	selected-present	piano:vendor/lib64/camera/components/com.mi.node.mioisverify.so	vendor/lib64/camera/components/com.mi.node.mioisverify.so
vendor/lib64/camera/components/com.mi.node.videofilter.so	selected-present	piano:vendor/lib64/camera/components/com.mi.node.videofilter.so	vendor/lib64/camera/components/com.mi.node.videofilter.so
vendor/lib64/camera/components/com.qti.eisv2.so	selected-present	piano:vendor/lib64/camera/components/com.qti.eisv2.so	vendor/lib64/camera/components/com.qti.eisv2.so
vendor/lib64/camera/components/com.qti.eisv3.so	selected-present	piano:vendor/lib64/camera/components/com.qti.eisv3.so	vendor/lib64/camera/components/com.qti.eisv3.so
vendor/lib64/camera/components/com.qti.hvx.addconstant.so	selected-present	piano:vendor/lib64/camera/components/com.qti.hvx.addconstant.so	vendor/lib64/camera/components/com.qti.hvx.addconstant.so
vendor/lib64/camera/components/com.qti.hvx.binning.so	selected-present	piano:vendor/lib64/camera/components/com.qti.hvx.binning.so	vendor/lib64/camera/components/com.qti.hvx.binning.so
vendor/lib64/camera/components/com.qti.hwcfg.bps.so	selected-present	piano:vendor/lib64/camera/components/com.qti.hwcfg.bps.so	vendor/lib64/camera/components/com.qti.hwcfg.bps.so
vendor/lib64/camera/components/com.qti.hwcfg.ife.so	selected-present	piano:vendor/lib64/camera/components/com.qti.hwcfg.ife.so	vendor/lib64/camera/components/com.qti.hwcfg.ife.so
vendor/lib64/camera/components/com.qti.hwcfg.ipe.so	selected-present	piano:vendor/lib64/camera/components/com.qti.hwcfg.ipe.so	vendor/lib64/camera/components/com.qti.hwcfg.ipe.so
vendor/lib64/camera/components/com.qti.hwcfg.mctfe.so	selected-present	piano:vendor/lib64/camera/components/com.qti.hwcfg.mctfe.so	vendor/lib64/camera/components/com.qti.hwcfg.mctfe.so
vendor/lib64/camera/components/com.qti.hwcfg.ofe.so	selected-present	piano:vendor/lib64/camera/components/com.qti.hwcfg.ofe.so	vendor/lib64/camera/components/com.qti.hwcfg.ofe.so
vendor/lib64/camera/components/com.qti.node.afbfusion.so	selected-present	piano:vendor/lib64/camera/components/com.qti.node.afbfusion.so	vendor/lib64/camera/components/com.qti.node.afbfusion.so
vendor/lib64/camera/components/com.qti.node.aon.so	selected-present	piano:vendor/lib64/camera/components/com.qti.node.aon.so	vendor/lib64/camera/components/com.qti.node.aon.so
vendor/lib64/camera/components/com.qti.node.customhwnode.so	selected-present	piano:vendor/lib64/camera/components/com.qti.node.customhwnode.so	vendor/lib64/camera/components/com.qti.node.customhwnode.so
vendor/lib64/camera/components/com.qti.node.depth.so	selected-present	piano:vendor/lib64/camera/components/com.qti.node.depth.so	vendor/lib64/camera/components/com.qti.node.depth.so
vendor/lib64/camera/components/com.qti.node.depthprovider.so	selected-present	piano:vendor/lib64/camera/components/com.qti.node.depthprovider.so	vendor/lib64/camera/components/com.qti.node.depthprovider.so
vendor/lib64/camera/components/com.qti.node.dewarp.so	selected-present	piano:vendor/lib64/camera/components/com.qti.node.dewarp.so	vendor/lib64/camera/components/com.qti.node.dewarp.so
vendor/lib64/camera/components/com.qti.node.dummydepth.so	selected-present	piano:vendor/lib64/camera/components/com.qti.node.dummydepth.so	vendor/lib64/camera/components/com.qti.node.dummydepth.so
vendor/lib64/camera/components/com.qti.node.dummyrtb.so	selected-present	piano:vendor/lib64/camera/components/com.qti.node.dummyrtb.so	vendor/lib64/camera/components/com.qti.node.dummyrtb.so
vendor/lib64/camera/components/com.qti.node.dummysat.so	selected-present	piano:vendor/lib64/camera/components/com.qti.node.dummysat.so	vendor/lib64/camera/components/com.qti.node.dummysat.so
vendor/lib64/camera/components/com.qti.node.eisv2.so	selected-present	piano:vendor/lib64/camera/components/com.qti.node.eisv2.so	vendor/lib64/camera/components/com.qti.node.eisv2.so
vendor/lib64/camera/components/com.qti.node.eisv3.so	selected-present	piano:vendor/lib64/camera/components/com.qti.node.eisv3.so	vendor/lib64/camera/components/com.qti.node.eisv3.so
vendor/lib64/camera/components/com.qti.node.evadepth.so	selected-present	piano:vendor/lib64/camera/components/com.qti.node.evadepth.so	vendor/lib64/camera/components/com.qti.node.evadepth.so
vendor/lib64/camera/components/com.qti.node.evaitof.so	selected-present	piano:vendor/lib64/camera/components/com.qti.node.evaitof.so	vendor/lib64/camera/components/com.qti.node.evaitof.so
vendor/lib64/camera/components/com.qti.node.evawarp.so	selected-present	piano:vendor/lib64/camera/components/com.qti.node.evawarp.so	vendor/lib64/camera/components/com.qti.node.evawarp.so
vendor/lib64/camera/components/com.qti.node.evs.so	selected-present	piano:vendor/lib64/camera/components/com.qti.node.evs.so	vendor/lib64/camera/components/com.qti.node.evs.so
vendor/lib64/camera/components/com.qti.node.fcv.so	selected-present	piano:vendor/lib64/camera/components/com.qti.node.fcv.so	vendor/lib64/camera/components/com.qti.node.fcv.so
vendor/lib64/camera/components/com.qti.node.fd.so	selected-present	piano:vendor/lib64/camera/components/com.qti.node.fd.so	vendor/lib64/camera/components/com.qti.node.fd.so
vendor/lib64/camera/components/com.qti.node.formatconversion.so	selected-present	piano:vendor/lib64/camera/components/com.qti.node.formatconversion.so	vendor/lib64/camera/components/com.qti.node.formatconversion.so
vendor/lib64/camera/components/com.qti.node.frc.so	selected-present	piano:vendor/lib64/camera/components/com.qti.node.frc.so	vendor/lib64/camera/components/com.qti.node.frc.so
vendor/lib64/camera/components/com.qti.node.gme.so	selected-present	piano:vendor/lib64/camera/components/com.qti.node.gme.so	vendor/lib64/camera/components/com.qti.node.gme.so
vendor/lib64/camera/components/com.qti.node.gpu.so	selected-present	piano:vendor/lib64/camera/components/com.qti.node.gpu.so	vendor/lib64/camera/components/com.qti.node.gpu.so
vendor/lib64/camera/components/com.qti.node.gyrornn.so	selected-present	piano:vendor/lib64/camera/components/com.qti.node.gyrornn.so	vendor/lib64/camera/components/com.qti.node.gyrornn.so
vendor/lib64/camera/components/com.qti.node.hdr10pgen.so	selected-present	piano:vendor/lib64/camera/components/com.qti.node.hdr10pgen.so	vendor/lib64/camera/components/com.qti.node.hdr10pgen.so
vendor/lib64/camera/components/com.qti.node.hdr10phist.so	selected-present	piano:vendor/lib64/camera/components/com.qti.node.hdr10phist.so	vendor/lib64/camera/components/com.qti.node.hdr10phist.so
vendor/lib64/camera/components/com.qti.node.hdralign.so	selected-present	piano:vendor/lib64/camera/components/com.qti.node.hdralign.so	vendor/lib64/camera/components/com.qti.node.hdralign.so
vendor/lib64/camera/components/com.qti.node.itofpreprocess.so	selected-present	piano:vendor/lib64/camera/components/com.qti.node.itofpreprocess.so	vendor/lib64/camera/components/com.qti.node.itofpreprocess.so
vendor/lib64/camera/components/com.qti.node.mctfalign.so	selected-present	piano:vendor/lib64/camera/components/com.qti.node.mctfalign.so	vendor/lib64/camera/components/com.qti.node.mctfalign.so
vendor/lib64/camera/components/com.qti.node.memcpy.so	selected-present	piano:vendor/lib64/camera/components/com.qti.node.memcpy.so	vendor/lib64/camera/components/com.qti.node.memcpy.so
vendor/lib64/camera/components/com.qti.node.ml.so	selected-present	piano:vendor/lib64/camera/components/com.qti.node.ml.so	vendor/lib64/camera/components/com.qti.node.ml.so
vendor/lib64/camera/components/com.qti.node.mlinference.so	selected-present	piano:vendor/lib64/camera/components/com.qti.node.mlinference.so	vendor/lib64/camera/components/com.qti.node.mlinference.so
vendor/lib64/camera/components/com.qti.node.mmfalign.so	selected-present	piano:vendor/lib64/camera/components/com.qti.node.mmfalign.so	vendor/lib64/camera/components/com.qti.node.mmfalign.so
vendor/lib64/camera/components/com.qti.node.muxer.so	selected-present	piano:vendor/lib64/camera/components/com.qti.node.muxer.so	vendor/lib64/camera/components/com.qti.node.muxer.so
vendor/lib64/camera/components/com.qti.node.pixelstats.so	selected-present	piano:vendor/lib64/camera/components/com.qti.node.pixelstats.so	vendor/lib64/camera/components/com.qti.node.pixelstats.so
vendor/lib64/camera/components/com.qti.node.qsatalign.so	selected-present	piano:vendor/lib64/camera/components/com.qti.node.qsatalign.so	vendor/lib64/camera/components/com.qti.node.qsatalign.so
vendor/lib64/camera/components/com.qti.node.rectification.so	selected-present	piano:vendor/lib64/camera/components/com.qti.node.rectification.so	vendor/lib64/camera/components/com.qti.node.rectification.so
vendor/lib64/camera/components/com.qti.node.remosaic.so	selected-present	piano:vendor/lib64/camera/components/com.qti.node.remosaic.so	vendor/lib64/camera/components/com.qti.node.remosaic.so
vendor/lib64/camera/components/com.qti.node.sat.so	selected-present	piano:vendor/lib64/camera/components/com.qti.node.sat.so	vendor/lib64/camera/components/com.qti.node.sat.so
vendor/lib64/camera/components/com.qti.node.seg.so	selected-present	piano:vendor/lib64/camera/components/com.qti.node.seg.so	vendor/lib64/camera/components/com.qti.node.seg.so
vendor/lib64/camera/components/com.qti.node.spdepth.so	selected-present	piano:vendor/lib64/camera/components/com.qti.node.spdepth.so	vendor/lib64/camera/components/com.qti.node.spdepth.so
vendor/lib64/camera/components/com.qti.node.stich.so	selected-present	piano:vendor/lib64/camera/components/com.qti.node.stich.so	vendor/lib64/camera/components/com.qti.node.stich.so
vendor/lib64/camera/components/com.qti.node.swaidenoiser.so	selected-present	piano:vendor/lib64/camera/components/com.qti.node.swaidenoiser.so	vendor/lib64/camera/components/com.qti.node.swaidenoiser.so
vendor/lib64/camera/components/com.qti.node.swbestats.so	selected-present	piano:vendor/lib64/camera/components/com.qti.node.swbestats.so	vendor/lib64/camera/components/com.qti.node.swbestats.so
vendor/lib64/camera/components/com.qti.node.swcac.so	selected-present	piano:vendor/lib64/camera/components/com.qti.node.swcac.so	vendor/lib64/camera/components/com.qti.node.swcac.so
vendor/lib64/camera/components/com.qti.node.swec.so	selected-present	piano:vendor/lib64/camera/components/com.qti.node.swec.so	vendor/lib64/camera/components/com.qti.node.swec.so
vendor/lib64/camera/components/com.qti.node.swfusion.so	selected-present	piano:vendor/lib64/camera/components/com.qti.node.swfusion.so	vendor/lib64/camera/components/com.qti.node.swfusion.so
vendor/lib64/camera/components/com.qti.node.swhme.so	selected-present	piano:vendor/lib64/camera/components/com.qti.node.swhme.so	vendor/lib64/camera/components/com.qti.node.swhme.so
vendor/lib64/camera/components/com.qti.node.swlsc.so	selected-present	piano:vendor/lib64/camera/components/com.qti.node.swlsc.so	vendor/lib64/camera/components/com.qti.node.swlsc.so
vendor/lib64/camera/components/com.qti.node.swmctf.so	selected-present	piano:vendor/lib64/camera/components/com.qti.node.swmctf.so	vendor/lib64/camera/components/com.qti.node.swmctf.so
vendor/lib64/camera/components/com.qti.node.swmlremosaic.so	selected-present	piano:vendor/lib64/camera/components/com.qti.node.swmlremosaic.so	vendor/lib64/camera/components/com.qti.node.swmlremosaic.so
vendor/lib64/camera/components/com.qti.node.swpdpc.so	selected-present	piano:vendor/lib64/camera/components/com.qti.node.swpdpc.so	vendor/lib64/camera/components/com.qti.node.swpdpc.so
vendor/lib64/camera/components/com.qti.node.swpreprocess.so	selected-present	piano:vendor/lib64/camera/components/com.qti.node.swpreprocess.so	vendor/lib64/camera/components/com.qti.node.swpreprocess.so
vendor/lib64/camera/components/com.qti.node.swregistration.so	selected-present	piano:vendor/lib64/camera/components/com.qti.node.swregistration.so	vendor/lib64/camera/components/com.qti.node.swregistration.so
vendor/lib64/camera/components/com.qti.node.swvrt.so	selected-present	piano:vendor/lib64/camera/components/com.qti.node.swvrt.so	vendor/lib64/camera/components/com.qti.node.swvrt.so
vendor/lib64/camera/components/com.qti.stats.aec.so	selected-present	piano:vendor/lib64/camera/components/com.qti.stats.aec.so	vendor/lib64/camera/components/com.qti.stats.aec.so
vendor/lib64/camera/components/com.qti.stats.aecwrapper.so	selected-present	piano:vendor/lib64/camera/components/com.qti.stats.aecwrapper.so	vendor/lib64/camera/components/com.qti.stats.aecwrapper.so
vendor/lib64/camera/components/com.qti.stats.aecxcore.so	selected-present	piano:vendor/lib64/camera/components/com.qti.stats.aecxcore.so	vendor/lib64/camera/components/com.qti.stats.aecxcore.so
vendor/lib64/camera/components/com.qti.stats.af.so	selected-present	piano:vendor/lib64/camera/components/com.qti.stats.af.so	vendor/lib64/camera/components/com.qti.stats.af.so
vendor/lib64/camera/components/com.qti.stats.afc.so	selected-present	piano:vendor/lib64/camera/components/com.qti.stats.afc.so	vendor/lib64/camera/components/com.qti.stats.afc.so
vendor/lib64/camera/components/com.qti.stats.afd.so	selected-present	piano:vendor/lib64/camera/components/com.qti.stats.afd.so	vendor/lib64/camera/components/com.qti.stats.afd.so
vendor/lib64/camera/components/com.qti.stats.afwrapper.so	selected-present	piano:vendor/lib64/camera/components/com.qti.stats.afwrapper.so	vendor/lib64/camera/components/com.qti.stats.afwrapper.so
vendor/lib64/camera/components/com.qti.stats.asd.so	selected-present	piano:vendor/lib64/camera/components/com.qti.stats.asd.so	vendor/lib64/camera/components/com.qti.stats.asd.so
vendor/lib64/camera/components/com.qti.stats.awb.so	selected-present	piano:vendor/lib64/camera/components/com.qti.stats.awb.so	vendor/lib64/camera/components/com.qti.stats.awb.so
vendor/lib64/camera/components/com.qti.stats.awbr.so	selected-present	piano:vendor/lib64/camera/components/com.qti.stats.awbr.so	vendor/lib64/camera/components/com.qti.stats.awbr.so
vendor/lib64/camera/components/com.qti.stats.caflogicaldriver.so	selected-present	piano:vendor/lib64/camera/components/com.qti.stats.caflogicaldriver.so	vendor/lib64/camera/components/com.qti.stats.caflogicaldriver.so
vendor/lib64/camera/components/com.qti.stats.cnndriver.so	selected-present	piano:vendor/lib64/camera/components/com.qti.stats.cnndriver.so	vendor/lib64/camera/components/com.qti.stats.cnndriver.so
vendor/lib64/camera/components/com.qti.stats.exampleaf.so	selected-present	piano:vendor/lib64/camera/components/com.qti.stats.exampleaf.so	vendor/lib64/camera/components/com.qti.stats.exampleaf.so
vendor/lib64/camera/components/com.qti.stats.haf.so	selected-present	piano:vendor/lib64/camera/components/com.qti.stats.haf.so	vendor/lib64/camera/components/com.qti.stats.haf.so
vendor/lib64/camera/components/com.qti.stats.hafoverride.so	selected-present	piano:vendor/lib64/camera/components/com.qti.stats.hafoverride.so	vendor/lib64/camera/components/com.qti.stats.hafoverride.so
vendor/lib64/camera/components/com.qti.stats.localhistogram.so	selected-present	piano:vendor/lib64/camera/components/com.qti.stats.localhistogram.so	vendor/lib64/camera/components/com.qti.stats.localhistogram.so
vendor/lib64/camera/components/com.qti.stats.pdlib.so	selected-present	piano:vendor/lib64/camera/components/com.qti.stats.pdlib.so	vendor/lib64/camera/components/com.qti.stats.pdlib.so
vendor/lib64/camera/components/com.qti.stats.pdlibsony.so	selected-present	piano:vendor/lib64/camera/components/com.qti.stats.pdlibsony.so	vendor/lib64/camera/components/com.qti.stats.pdlibsony.so
vendor/lib64/camera/components/com.qti.stats.pdlibwrapper.so	selected-present	piano:vendor/lib64/camera/components/com.qti.stats.pdlibwrapper.so	vendor/lib64/camera/components/com.qti.stats.pdlibwrapper.so
vendor/lib64/camera/components/com.qti.stats.roimixer.so	selected-present	piano:vendor/lib64/camera/components/com.qti.stats.roimixer.so	vendor/lib64/camera/components/com.qti.stats.roimixer.so
vendor/lib64/camera/components/com.qti.stats.roimixerlib.so	selected-present	piano:vendor/lib64/camera/components/com.qti.stats.roimixerlib.so	vendor/lib64/camera/components/com.qti.stats.roimixerlib.so
vendor/lib64/camera/components/com.qti.stats.statsgenerator.so	selected-present	piano:vendor/lib64/camera/components/com.qti.stats.statsgenerator.so	vendor/lib64/camera/components/com.qti.stats.statsgenerator.so
vendor/lib64/camera/components/com.qti.stats.tracker.so	selected-present	piano:vendor/lib64/camera/components/com.qti.stats.tracker.so	vendor/lib64/camera/components/com.qti.stats.tracker.so
vendor/lib64/camera/components/com.qtistatic.stats.aec.so	selected-present	piano:vendor/lib64/camera/components/com.qtistatic.stats.aec.so	vendor/lib64/camera/components/com.qtistatic.stats.aec.so
vendor/lib64/camera/components/com.qtistatic.stats.af.so	selected-present	piano:vendor/lib64/camera/components/com.qtistatic.stats.af.so	vendor/lib64/camera/components/com.qtistatic.stats.af.so
vendor/lib64/camera/components/com.qtistatic.stats.awb.so	selected-present	piano:vendor/lib64/camera/components/com.qtistatic.stats.awb.so	vendor/lib64/camera/components/com.qtistatic.stats.awb.so
vendor/lib64/camera/components/com.qtistatic.stats.pdlib.so	selected-present	piano:vendor/lib64/camera/components/com.qtistatic.stats.pdlib.so	vendor/lib64/camera/components/com.qtistatic.stats.pdlib.so
vendor/lib64/camera/components/com.xiaomi.node.gme.so	selected-present	piano:vendor/lib64/camera/components/com.xiaomi.node.gme.so	vendor/lib64/camera/components/com.xiaomi.node.gme.so
vendor/lib64/camera/components/com.xiaomi.node.misv2.so	selected-present	piano:vendor/lib64/camera/components/com.xiaomi.node.misv2.so	vendor/lib64/camera/components/com.xiaomi.node.misv2.so
vendor/lib64/camera/components/com.xiaomi.node.misv3.so	selected-present	piano:vendor/lib64/camera/components/com.xiaomi.node.misv3.so	vendor/lib64/camera/components/com.xiaomi.node.misv3.so
vendor/lib64/camera/components/libcamxdummysatsnapshotfusionwrapper.so	selected-present	piano:vendor/lib64/camera/components/libcamxdummysatsnapshotfusionwrapper.so	vendor/lib64/camera/components/libcamxdummysatsnapshotfusionwrapper.so
vendor/lib64/camera/components/libcamxdummysatsoftwarefusionwrapper.so	selected-present	piano:vendor/lib64/camera/components/libcamxdummysatsoftwarefusionwrapper.so	vendor/lib64/camera/components/libcamxdummysatsoftwarefusionwrapper.so
vendor/lib64/camera/components/libcamxdummysatwrapper.so	selected-present	piano:vendor/lib64/camera/components/libcamxdummysatwrapper.so	vendor/lib64/camera/components/libcamxdummysatwrapper.so
vendor/lib64/camera/components/libcamxevainterface.so	selected-present	piano:vendor/lib64/camera/components/libcamxevainterface.so	vendor/lib64/camera/components/libcamxevainterface.so
vendor/lib64/camera/components/libcamxoemsatsnapshotfusionwrapper.so	selected-present	piano:vendor/lib64/camera/components/libcamxoemsatsnapshotfusionwrapper.so	vendor/lib64/camera/components/libcamxoemsatsnapshotfusionwrapper.so
vendor/lib64/camera/components/libcamxoemsatsoftwarefusionwrapper.so	selected-present	piano:vendor/lib64/camera/components/libcamxoemsatsoftwarefusionwrapper.so	vendor/lib64/camera/components/libcamxoemsatsoftwarefusionwrapper.so
vendor/lib64/camera/components/libcamxoemsatwrapper.so	selected-present	piano:vendor/lib64/camera/components/libcamxoemsatwrapper.so	vendor/lib64/camera/components/libcamxoemsatwrapper.so
vendor/lib64/camera/components/libdepthmapwrapper_itof.so	selected-present	piano:vendor/lib64/camera/components/libdepthmapwrapper_itof.so	vendor/lib64/camera/components/libdepthmapwrapper_itof.so
vendor/lib64/camera/components/libdepthmapwrapper_secure.so	selected-present	piano:vendor/lib64/camera/components/libdepthmapwrapper_secure.so	vendor/lib64/camera/components/libdepthmapwrapper_secure.so
vendor/lib64/camera/fdconfigoffline.bin	selected-present	piano:vendor/lib64/camera/fdconfigoffline.bin	vendor/lib64/camera/fdconfigoffline.bin
vendor/lib64/camera/fdconfigpreview.bin	selected-present	piano:vendor/lib64/camera/fdconfigpreview.bin	vendor/lib64/camera/fdconfigpreview.bin
vendor/lib64/camera/fdconfigpreviewlite.bin	selected-present	piano:vendor/lib64/camera/fdconfigpreviewlite.bin	vendor/lib64/camera/fdconfigpreviewlite.bin
vendor/lib64/camera/fdconfigsecure.bin	selected-present	piano:vendor/lib64/camera/fdconfigsecure.bin	vendor/lib64/camera/fdconfigsecure.bin
vendor/lib64/camera/fdconfigvideo.bin	selected-present	piano:vendor/lib64/camera/fdconfigvideo.bin	vendor/lib64/camera/fdconfigvideo.bin
vendor/lib64/camera/fdconfigvideolite.bin	selected-present	piano:vendor/lib64/camera/fdconfigvideolite.bin	vendor/lib64/camera/fdconfigvideolite.bin
vendor/lib64/camera/libmicamvendorcustom.so	selected-present	piano:vendor/lib64/camera/libmicamvendorcustom.so	vendor/lib64/camera/libmicamvendorcustom.so
vendor/lib64/camera/qfdserviceconfig.bin	selected-present	piano:vendor/lib64/camera/qfdserviceconfig.bin	vendor/lib64/camera/qfdserviceconfig.bin
vendor/lib64/camera.device-external-impl.so	unselected-review		
vendor/lib64/camx.device-impl.so	selected-present	piano:vendor/lib64/camx.device-impl.so	vendor/lib64/camx.device-impl.so
vendor/lib64/camx.provider-impl.so	selected-present	piano:vendor/lib64/camx.provider-impl.so	vendor/lib64/camx.provider-impl.so
vendor/lib64/com.android.ozoaudio.notify-V1-ndk.so	selected-present	sm8750-common:vendor/lib64/com.android.ozoaudio.notify-V1-ndk.so	vendor/lib64/com.android.ozoaudio.notify-V1-ndk.so
vendor/lib64/com.dsi.ant@1.0.so	unselected-review		vendor/lib64/com.dsi.ant@1.0.so
vendor/lib64/com.fingerprints.extension3-V1-ndk.so	selected-present	sm8750-common:vendor/lib64/com.fingerprints.extension3-V1-ndk.so	vendor/lib64/com.fingerprints.extension3-V1-ndk.so
vendor/lib64/com.qti.camx.chiiqutils.so	selected-present	piano:vendor/lib64/com.qti.camx.chiiqutils.so	vendor/lib64/com.qti.camx.chiiqutils.so
vendor/lib64/com.qti.chifeaturecompatibility.so	selected-present	piano:vendor/lib64/com.qti.chifeaturecompatibility.so	vendor/lib64/com.qti.chifeaturecompatibility.so
vendor/lib64/com.qti.chiusecaseselector.so	selected-present	piano:vendor/lib64/com.qti.chiusecaseselector.so	vendor/lib64/com.qti.chiusecaseselector.so
vendor/lib64/com.qti.feature2.afbrckt.so	selected-present	piano:vendor/lib64/com.qti.feature2.afbrckt.so	vendor/lib64/com.qti.feature2.afbrckt.so
vendor/lib64/com.qti.feature2.anchorsync.so	selected-present	piano:vendor/lib64/com.qti.feature2.anchorsync.so	vendor/lib64/com.qti.feature2.anchorsync.so
vendor/lib64/com.qti.feature2.demux.so	selected-present	piano:vendor/lib64/com.qti.feature2.demux.so	vendor/lib64/com.qti.feature2.demux.so
vendor/lib64/com.qti.feature2.derivedoffline.so	selected-present	piano:vendor/lib64/com.qti.feature2.derivedoffline.so	vendor/lib64/com.qti.feature2.derivedoffline.so
vendor/lib64/com.qti.feature2.frc.so	selected-present	piano:vendor/lib64/com.qti.feature2.frc.so	vendor/lib64/com.qti.feature2.frc.so
vendor/lib64/com.qti.feature2.fusion.so	selected-present	piano:vendor/lib64/com.qti.feature2.fusion.so	vendor/lib64/com.qti.feature2.fusion.so
vendor/lib64/com.qti.feature2.generic.sm8750.so	selected-present	piano:vendor/lib64/com.qti.feature2.generic.sm8750.so	vendor/lib64/com.qti.feature2.generic.sm8750.so
vendor/lib64/com.qti.feature2.generic.so	selected-present	piano:vendor/lib64/com.qti.feature2.generic.so	vendor/lib64/com.qti.feature2.generic.so
vendor/lib64/com.qti.feature2.gs.sm8750.so	selected-present	piano:vendor/lib64/com.qti.feature2.gs.sm8750.so	vendor/lib64/com.qti.feature2.gs.sm8750.so
vendor/lib64/com.qti.feature2.hdr.so	selected-present	piano:vendor/lib64/com.qti.feature2.hdr.so	vendor/lib64/com.qti.feature2.hdr.so
vendor/lib64/com.qti.feature2.mcreprocrt.sm8750.so	selected-present	piano:vendor/lib64/com.qti.feature2.mcreprocrt.sm8750.so	vendor/lib64/com.qti.feature2.mcreprocrt.sm8750.so
vendor/lib64/com.qti.feature2.mcreprocrt.so	selected-present	piano:vendor/lib64/com.qti.feature2.mcreprocrt.so	vendor/lib64/com.qti.feature2.mcreprocrt.so
vendor/lib64/com.qti.feature2.memcpy.so	selected-present	piano:vendor/lib64/com.qti.feature2.memcpy.so	vendor/lib64/com.qti.feature2.memcpy.so
vendor/lib64/com.qti.feature2.metadataserializer.so	selected-present	piano:vendor/lib64/com.qti.feature2.metadataserializer.so	vendor/lib64/com.qti.feature2.metadataserializer.so
vendor/lib64/com.qti.feature2.mfsr.sm8750.so	selected-present	piano:vendor/lib64/com.qti.feature2.mfsr.sm8750.so	vendor/lib64/com.qti.feature2.mfsr.sm8750.so
vendor/lib64/com.qti.feature2.mfsr.so	selected-present	piano:vendor/lib64/com.qti.feature2.mfsr.so	vendor/lib64/com.qti.feature2.mfsr.so
vendor/lib64/com.qti.feature2.ml.so	selected-present	piano:vendor/lib64/com.qti.feature2.ml.so	vendor/lib64/com.qti.feature2.ml.so
vendor/lib64/com.qti.feature2.mux.so	selected-present	piano:vendor/lib64/com.qti.feature2.mux.so	vendor/lib64/com.qti.feature2.mux.so
vendor/lib64/com.qti.feature2.offlinestatsregeneration.so	selected-present	piano:vendor/lib64/com.qti.feature2.offlinestatsregeneration.so	vendor/lib64/com.qti.feature2.offlinestatsregeneration.so
vendor/lib64/com.qti.feature2.qcfa.so	selected-present	piano:vendor/lib64/com.qti.feature2.qcfa.so	vendor/lib64/com.qti.feature2.qcfa.so
vendor/lib64/com.qti.feature2.raw2yuvhdr.so	selected-present	piano:vendor/lib64/com.qti.feature2.raw2yuvhdr.so	vendor/lib64/com.qti.feature2.raw2yuvhdr.so
vendor/lib64/com.qti.feature2.rawhdr.so	selected-present	piano:vendor/lib64/com.qti.feature2.rawhdr.so	vendor/lib64/com.qti.feature2.rawhdr.so
vendor/lib64/com.qti.feature2.realtimeserializer.so	selected-present	piano:vendor/lib64/com.qti.feature2.realtimeserializer.so	vendor/lib64/com.qti.feature2.realtimeserializer.so
vendor/lib64/com.qti.feature2.rt.so	selected-present	piano:vendor/lib64/com.qti.feature2.rt.so	vendor/lib64/com.qti.feature2.rt.so
vendor/lib64/com.qti.feature2.rtmcx.sm8750.so	selected-present	piano:vendor/lib64/com.qti.feature2.rtmcx.sm8750.so	vendor/lib64/com.qti.feature2.rtmcx.sm8750.so
vendor/lib64/com.qti.feature2.rtmcx.so	selected-present	piano:vendor/lib64/com.qti.feature2.rtmcx.so	vendor/lib64/com.qti.feature2.rtmcx.so
vendor/lib64/com.qti.feature2.rtpostproc.sm8750.so	selected-present	piano:vendor/lib64/com.qti.feature2.rtpostproc.sm8750.so	vendor/lib64/com.qti.feature2.rtpostproc.sm8750.so
vendor/lib64/com.qti.feature2.rtpostproc.so	selected-present	piano:vendor/lib64/com.qti.feature2.rtpostproc.so	vendor/lib64/com.qti.feature2.rtpostproc.so
vendor/lib64/com.qti.feature2.serializer.so	selected-present	piano:vendor/lib64/com.qti.feature2.serializer.so	vendor/lib64/com.qti.feature2.serializer.so
vendor/lib64/com.qti.feature2.statsregeneration.so	selected-present	piano:vendor/lib64/com.qti.feature2.statsregeneration.so	vendor/lib64/com.qti.feature2.statsregeneration.so
vendor/lib64/com.qti.feature2.stub.so	selected-present	piano:vendor/lib64/com.qti.feature2.stub.so	vendor/lib64/com.qti.feature2.stub.so
vendor/lib64/com.qti.feature2.swmf.so	selected-present	piano:vendor/lib64/com.qti.feature2.swmf.so	vendor/lib64/com.qti.feature2.swmf.so
vendor/lib64/com.qti.qseeaon.so	selected-present	piano:vendor/lib64/com.qti.qseeaon.so	vendor/lib64/com.qti.qseeaon.so
vendor/lib64/com.qti.qseeutils.so	selected-present	piano:vendor/lib64/com.qti.qseeutils.so	vendor/lib64/com.qti.qseeutils.so
vendor/lib64/com.qti.settings.sm7750.so	selected-present	piano:vendor/lib64/com.qti.settings.sm7750.so	vendor/lib64/com.qti.settings.sm7750.so
vendor/lib64/com.qti.settings.sm8750.so	selected-present	piano:vendor/lib64/com.qti.settings.sm8750.so	vendor/lib64/com.qti.settings.sm8750.so
vendor/lib64/com.qti.stats.common.so	selected-present	piano:vendor/lib64/com.qti.stats.common.so	vendor/lib64/com.qti.stats.common.so
vendor/lib64/com.qualcomm.mcx.distortionmapper.so	selected-present	piano:vendor/lib64/com.qualcomm.mcx.distortionmapper.so	vendor/lib64/com.qualcomm.mcx.distortionmapper.so
vendor/lib64/com.qualcomm.mcx.linearmapper.so	selected-present	piano:vendor/lib64/com.qualcomm.mcx.linearmapper.so	vendor/lib64/com.qualcomm.mcx.linearmapper.so
vendor/lib64/com.qualcomm.mcx.nonlinearmapper.so	selected-present	piano:vendor/lib64/com.qualcomm.mcx.nonlinearmapper.so	vendor/lib64/com.qualcomm.mcx.nonlinearmapper.so
vendor/lib64/com.qualcomm.mcx.policy.mfl.so	selected-present	piano:vendor/lib64/com.qualcomm.mcx.policy.mfl.so	vendor/lib64/com.qualcomm.mcx.policy.mfl.so
vendor/lib64/com.qualcomm.mcx.policy.sfl.so	selected-present	piano:vendor/lib64/com.qualcomm.mcx.policy.sfl.so	vendor/lib64/com.qualcomm.mcx.policy.sfl.so
vendor/lib64/com.qualcomm.qti.dpm.api@1.0.so	selected-present	sm8750-common:vendor/lib64/com.qualcomm.qti.dpm.api@1.0.so	vendor/lib64/com.qualcomm.qti.dpm.api@1.0.so
vendor/lib64/com.qualcomm.qti.imscmservice@1.0.so	selected-present	sm8750-common:vendor/lib64/com.qualcomm.qti.imscmservice@1.0.so	vendor/lib64/com.qualcomm.qti.imscmservice@1.0.so
vendor/lib64/com.qualcomm.qti.imscmservice@2.0.so	selected-present	sm8750-common:vendor/lib64/com.qualcomm.qti.imscmservice@2.0.so	vendor/lib64/com.qualcomm.qti.imscmservice@2.0.so
vendor/lib64/com.qualcomm.qti.imscmservice@2.1.so	selected-present	sm8750-common:vendor/lib64/com.qualcomm.qti.imscmservice@2.1.so	vendor/lib64/com.qualcomm.qti.imscmservice@2.1.so
vendor/lib64/com.qualcomm.qti.imscmservice@2.2.so	selected-present	sm8750-common:vendor/lib64/com.qualcomm.qti.imscmservice@2.2.so	vendor/lib64/com.qualcomm.qti.imscmservice@2.2.so
vendor/lib64/com.qualcomm.qti.mcx.usecase.extension.so	selected-present	piano:vendor/lib64/com.qualcomm.qti.mcx.usecase.extension.so	vendor/lib64/com.qualcomm.qti.mcx.usecase.extension.so
vendor/lib64/com.qualcomm.qti.uceservice@2.0.so	selected-present	sm8750-common:vendor/lib64/com.qualcomm.qti.uceservice@2.0.so	vendor/lib64/com.qualcomm.qti.uceservice@2.0.so
vendor/lib64/com.qualcomm.qti.uceservice@2.1.so	selected-present	sm8750-common:vendor/lib64/com.qualcomm.qti.uceservice@2.1.so	vendor/lib64/com.qualcomm.qti.uceservice@2.1.so
vendor/lib64/com.qualcomm.qti.uceservice@2.2.so	selected-present	sm8750-common:vendor/lib64/com.qualcomm.qti.uceservice@2.2.so	vendor/lib64/com.qualcomm.qti.uceservice@2.2.so
vendor/lib64/com.qualcomm.qti.uceservice@2.3.so	selected-present	sm8750-common:vendor/lib64/com.qualcomm.qti.uceservice@2.3.so	vendor/lib64/com.qualcomm.qti.uceservice@2.3.so
vendor/lib64/com.xiaomi.camdfx.so	selected-present	piano:vendor/lib64/com.xiaomi.camdfx.so	vendor/lib64/com.xiaomi.camdfx.so
vendor/lib64/com.xiaomi.camhal.extmodel.catch_log_sys.so	selected-present	piano:vendor/lib64/com.xiaomi.camhal.extmodel.catch_log_sys.so	vendor/lib64/com.xiaomi.camhal.extmodel.catch_log_sys.so
vendor/lib64/com.xiaomi.camhal.extmodel.ec_diag_sys.so	selected-present	piano:vendor/lib64/com.xiaomi.camhal.extmodel.ec_diag_sys.so	vendor/lib64/com.xiaomi.camhal.extmodel.ec_diag_sys.so
vendor/lib64/com.xiaomi.camhal.extmodel.ec_executor.so	selected-present	piano:vendor/lib64/com.xiaomi.camhal.extmodel.ec_executor.so	vendor/lib64/com.xiaomi.camhal.extmodel.ec_executor.so
vendor/lib64/com.xiaomi.camhal.extmodel.intent_aware_sys.so	selected-present	piano:vendor/lib64/com.xiaomi.camhal.extmodel.intent_aware_sys.so	vendor/lib64/com.xiaomi.camhal.extmodel.intent_aware_sys.so
vendor/lib64/com.xiaomi.camhal.overlap.so	selected-present	piano:vendor/lib64/com.xiaomi.camhal.overlap.so	vendor/lib64/com.xiaomi.camhal.overlap.so
vendor/lib64/com.xiaomi.camhal.submodel.camxfrag.so	selected-present	piano:vendor/lib64/com.xiaomi.camhal.submodel.camxfrag.so	vendor/lib64/com.xiaomi.camhal.submodel.camxfrag.so
vendor/lib64/com.xiaomi.camhal.submodel.chifrag.so	selected-present	piano:vendor/lib64/com.xiaomi.camhal.submodel.chifrag.so	vendor/lib64/com.xiaomi.camhal.submodel.chifrag.so
vendor/lib64/com.xiaomi.immunesystem.bigdata.so	selected-present	piano:vendor/lib64/com.xiaomi.immunesystem.bigdata.so	vendor/lib64/com.xiaomi.immunesystem.bigdata.so
vendor/lib64/com.xiaomi.immunesystem.bigdata2.so	selected-present	piano:vendor/lib64/com.xiaomi.immunesystem.bigdata2.so	vendor/lib64/com.xiaomi.immunesystem.bigdata2.so
vendor/lib64/com.xiaomi.immunesystem.client.so	selected-present	piano:vendor/lib64/com.xiaomi.immunesystem.client.so	vendor/lib64/com.xiaomi.immunesystem.client.so
vendor/lib64/com.xiaomi.immunesystem.core.so	selected-present	piano:vendor/lib64/com.xiaomi.immunesystem.core.so	vendor/lib64/com.xiaomi.immunesystem.core.so
vendor/lib64/com.xiaomi.immunesystem.hook.camx.so	selected-present	piano:vendor/lib64/com.xiaomi.immunesystem.hook.camx.so	vendor/lib64/com.xiaomi.immunesystem.hook.camx.so
vendor/lib64/com.xiaomi.immunesystem.hook.chi.so	selected-present	piano:vendor/lib64/com.xiaomi.immunesystem.hook.chi.so	vendor/lib64/com.xiaomi.immunesystem.hook.chi.so
vendor/lib64/com.xiaomi.immunesystem.hook.mivi.so	selected-present	piano:vendor/lib64/com.xiaomi.immunesystem.hook.mivi.so	vendor/lib64/com.xiaomi.immunesystem.hook.mivi.so
vendor/lib64/com.xiaomi.immunesystem.hook.mtkhal.so	selected-present	piano:vendor/lib64/com.xiaomi.immunesystem.hook.mtkhal.so	vendor/lib64/com.xiaomi.immunesystem.hook.mtkhal.so
vendor/lib64/com.xiaomi.messagecenter.so	selected-present	piano:vendor/lib64/com.xiaomi.messagecenter.so	vendor/lib64/com.xiaomi.messagecenter.so
vendor/lib64/deviceInfoServiceModuleNr.so	selected-present	sm8750-common:vendor/lib64/deviceInfoServiceModuleNr.so	vendor/lib64/deviceInfoServiceModuleNr.so
vendor/lib64/egl/eglSubDriverAndroid.so	selected-present	sm8750-common:vendor/lib64/egl/eglSubDriverAndroid.so	vendor/lib64/egl/eglSubDriverAndroid.so
vendor/lib64/egl/libEGL_adreno.so	selected-present	sm8750-common:vendor/lib64/egl/libEGL_adreno.so	vendor/lib64/egl/libEGL_adreno.so
vendor/lib64/egl/libGLESv1_CM_adreno.so	selected-present	sm8750-common:vendor/lib64/egl/libGLESv1_CM_adreno.so	vendor/lib64/egl/libGLESv1_CM_adreno.so
vendor/lib64/egl/libGLESv2_adreno.so	selected-present	sm8750-common:vendor/lib64/egl/libGLESv2_adreno.so	vendor/lib64/egl/libGLESv2_adreno.so
vendor/lib64/egl/libVkLayer_ADRENO_qprofiler.so	selected-present	sm8750-common:vendor/lib64/egl/libVkLayer_ADRENO_qprofiler.so	vendor/lib64/egl/libVkLayer_ADRENO_qprofiler.so
vendor/lib64/egl/libq3dtools_adreno.so	selected-present	sm8750-common:vendor/lib64/egl/libq3dtools_adreno.so	vendor/lib64/egl/libq3dtools_adreno.so
vendor/lib64/egl/libq3dtools_esx.so	selected-present	sm8750-common:vendor/lib64/egl/libq3dtools_esx.so	vendor/lib64/egl/libq3dtools_esx.so
vendor/lib64/framework-permission-aidl-cpp.so	unselected-review		vendor/lib64/framework-permission-aidl-cpp.so
vendor/lib64/ftm_fm_lib.so	unselected-review		
vendor/lib64/hw/android.hardware.bluetooth.audio-impl-qti.so	selected-present	sm8750-common:vendor/lib64/hw/android.hardware.bluetooth.audio-impl-qti.so	vendor/lib64/hw/android.hardware.bluetooth.audio-impl-qti.so
vendor/lib64/hw/android.hardware.bluetooth.audio@2.0-impl.so	unselected-review		
vendor/lib64/hw/android.hardware.bluetooth.audio_sw.so	selected-present	sm8750-common:vendor/lib64/hw/android.hardware.bluetooth.audio_sw.so	vendor/lib64/hw/android.hardware.bluetooth.audio_sw.so
vendor/lib64/hw/android.hardware.bluetooth.lmp_event-impl-qti.so	selected-present	sm8750-common:vendor/lib64/hw/android.hardware.bluetooth.lmp_event-impl-qti.so	vendor/lib64/hw/android.hardware.bluetooth.lmp_event-impl-qti.so
vendor/lib64/hw/android.hardware.bluetooth@1.0-impl-qti.so	selected-present	sm8750-common:vendor/lib64/hw/android.hardware.bluetooth@1.0-impl-qti.so	vendor/lib64/hw/android.hardware.bluetooth@1.0-impl-qti.so
vendor/lib64/hw/android.hardware.bluetooth@aidl-impl-qti.so	selected-present	sm8750-common:vendor/lib64/hw/android.hardware.bluetooth@aidl-impl-qti.so	vendor/lib64/hw/android.hardware.bluetooth@aidl-impl-qti.so
vendor/lib64/hw/android.hardware.gnss-aidl-impl-qti.so	selected-present	sm8750-common:vendor/lib64/hw/android.hardware.gnss-aidl-impl-qti.so	vendor/lib64/hw/android.hardware.gnss-aidl-impl-qti.so
vendor/lib64/hw/android.hardware.graphics.mapper@4.0-impl-qti-display.so	selected-present	sm8750-common:vendor/lib64/hw/android.hardware.graphics.mapper@4.0-impl-qti-display.so	vendor/lib64/hw/android.hardware.graphics.mapper@4.0-impl-qti-display.so
vendor/lib64/hw/android.hardware.renderscript@1.0-impl.so	unselected-review		
vendor/lib64/hw/audio.bluetooth.default.so	unselected-review		
vendor/lib64/hw/audio.bluetooth_qti.default.so	unselected-review		
vendor/lib64/hw/audio.primary.default.so	unselected-review		vendor/lib64/hw/audio.primary.default.so
vendor/lib64/hw/audio.r_submix.default.so	unselected-review		vendor/lib64/hw/audio.r_submix.default.so
vendor/lib64/hw/audio.usb.default.so	unselected-review		vendor/lib64/hw/audio.usb.default.so
vendor/lib64/hw/camera.qcom.sm8750.so	selected-present	piano:vendor/lib64/hw/camera.qcom.sm8750.so	vendor/lib64/hw/camera.qcom.sm8750.so
vendor/lib64/hw/camera.qcom.so	selected-present	piano:vendor/lib64/hw/camera.qcom.so	vendor/lib64/hw/camera.qcom.so
vendor/lib64/hw/com.qti.chi.offline.so	selected-present	piano:vendor/lib64/hw/com.qti.chi.offline.so	vendor/lib64/hw/com.qti.chi.offline.so
vendor/lib64/hw/com.qti.chi.override.so	selected-present	piano:vendor/lib64/hw/com.qti.chi.override.so	vendor/lib64/hw/com.qti.chi.override.so
vendor/lib64/hw/gralloc.default.so	unselected-review		vendor/lib64/hw/gralloc.default.so
vendor/lib64/hw/libEseUtils.so	selected-present	sm8750-common:vendor/lib64/hw/libEseUtils.so	vendor/lib64/hw/libEseUtils.so
vendor/lib64/hw/libaudiocorehal.default.so	selected-present	sm8750-common:vendor/lib64/hw/libaudiocorehal.default.so	vendor/lib64/hw/libaudiocorehal.default.so
vendor/lib64/hw/libaudiocorehal.qti.so	selected-present	sm8750-common:vendor/lib64/hw/libaudiocorehal.qti.so	vendor/lib64/hw/libaudiocorehal.qti.so
vendor/lib64/hw/libaudioeffecthal.qti.so	selected-present	sm8750-common:vendor/lib64/hw/libaudioeffecthal.qti.so	vendor/lib64/hw/libaudioeffecthal.qti.so
vendor/lib64/hw/libqtigatekeeper.so	selected-present	sm8750-common:vendor/lib64/hw/libqtigatekeeper.so	vendor/lib64/hw/libqtigatekeeper.so
vendor/lib64/hw/libsoundtriggerhal.qti.so	unselected-review		vendor/lib64/hw/libsoundtriggerhal.qti.so
vendor/lib64/hw/local_time.default.so	unselected-review		vendor/lib64/hw/local_time.default.so
vendor/lib64/hw/mapper.qti.so	selected-present	sm8750-common:vendor/lib64/hw/mapper.qti.so	vendor/lib64/hw/mapper.qti.so
vendor/lib64/hw/mbedtls_qti.so	selected-present	sm8750-common:vendor/lib64/hw/mbedtls_qti.so	vendor/lib64/hw/mbedtls_qti.so
vendor/lib64/hw/power.default.so	unselected-review		vendor/lib64/hw/power.default.so
vendor/lib64/hw/sensors.dynamic_sensor_hal.so	selected-present	sm8750-common:vendor/lib64/hw/sensors.dynamic_sensor_hal.so	vendor/lib64/hw/sensors.dynamic_sensor_hal.so
vendor/lib64/hw/vendor.qti.hardware.alarm-impl.so	selected-present	sm8750-common:vendor/lib64/hw/vendor.qti.hardware.alarm-impl.so	vendor/lib64/hw/vendor.qti.hardware.alarm-impl.so
vendor/lib64/hw/vendor.qti.hardware.bluetooth.finder-impl-qti.so	selected-present	sm8750-common:vendor/lib64/hw/vendor.qti.hardware.bluetooth.finder-impl-qti.so	vendor/lib64/hw/vendor.qti.hardware.bluetooth.finder-impl-qti.so
vendor/lib64/hw/vendor.qti.hardware.bluetooth.xpanprovider-impl-qti.so	selected-present	sm8750-common:vendor/lib64/hw/vendor.qti.hardware.bluetooth.xpanprovider-impl-qti.so	vendor/lib64/hw/vendor.qti.hardware.bluetooth.xpanprovider-impl-qti.so
vendor/lib64/hw/vendor.qti.hardware.bluetooth_audio@2.0-impl.so	selected-present	sm8750-common:vendor/lib64/hw/vendor.qti.hardware.bluetooth_audio@2.0-impl.so	vendor/lib64/hw/vendor.qti.hardware.bluetooth_audio@2.0-impl.so
vendor/lib64/hw/vendor.qti.hardware.bluetooth_audio@2.1-impl.so	selected-present	sm8750-common:vendor/lib64/hw/vendor.qti.hardware.bluetooth_audio@2.1-impl.so	vendor/lib64/hw/vendor.qti.hardware.bluetooth_audio@2.1-impl.so
vendor/lib64/hw/vendor.qti.hardware.bluetooth_sar@aidl-impl.so	selected-present	sm8750-common:vendor/lib64/hw/vendor.qti.hardware.bluetooth_sar@aidl-impl.so	vendor/lib64/hw/vendor.qti.hardware.bluetooth_sar@aidl-impl.so
vendor/lib64/hw/vendor.qti.hardware.bttpi-impl.so	selected-present	sm8750-common:vendor/lib64/hw/vendor.qti.hardware.bttpi-impl.so	vendor/lib64/hw/vendor.qti.hardware.bttpi-impl.so
vendor/lib64/hw/vendor.qti.hardware.capabilityconfigstore-impl.so	selected-present	sm8750-common:vendor/lib64/hw/vendor.qti.hardware.capabilityconfigstore-impl.so	vendor/lib64/hw/vendor.qti.hardware.capabilityconfigstore-impl.so
vendor/lib64/hw/vendor.qti.hardware.fm-impl.so	selected-present	sm8750-common:vendor/lib64/hw/vendor.qti.hardware.fm-impl.so	vendor/lib64/hw/vendor.qti.hardware.fm-impl.so
vendor/lib64/hw/vendor.qti.hardware.qseecom@1.0-impl.so	selected-present	sm8750-common:vendor/lib64/hw/vendor.qti.hardware.qseecom@1.0-impl.so	vendor/lib64/hw/vendor.qti.hardware.qseecom@1.0-impl.so
vendor/lib64/hw/vendor.qti.hardware.servicetrackeraidl-impl.so	selected-present	sm8750-common:vendor/lib64/hw/vendor.qti.hardware.servicetrackeraidl-impl.so	vendor/lib64/hw/vendor.qti.hardware.servicetrackeraidl-impl.so
vendor/lib64/hw/vendor.qti.hardware.soter-impl.so	selected-present	sm8750-common:vendor/lib64/hw/vendor.qti.hardware.soter-impl.so	vendor/lib64/hw/vendor.qti.hardware.soter-impl.so
vendor/lib64/hw/vendor.qti.memory.pasrmanager-impl.so	selected-present	piano:vendor/lib64/hw/vendor.qti.memory.pasrmanager-impl.so	vendor/lib64/hw/vendor.qti.memory.pasrmanager-impl.so
vendor/lib64/hw/vibrator.default.so	unselected-review		vendor/lib64/hw/vibrator.default.so
vendor/lib64/hw/vulkan.adreno.so	selected-present	sm8750-common:vendor/lib64/hw/vulkan.adreno.so	vendor/lib64/hw/vulkan.adreno.so
vendor/lib64/immunesystem.db.sqlite3.so	selected-present	piano:vendor/lib64/immunesystem.db.sqlite3.so	vendor/lib64/immunesystem.db.sqlite3.so
vendor/lib64/lib-imscommon.so	selected-present	sm8750-common:vendor/lib64/lib-imscommon.so	vendor/lib64/lib-imscommon.so
vendor/lib64/lib-imsdcservice.so	selected-present	sm8750-common:vendor/lib64/lib-imsdcservice.so	vendor/lib64/lib-imsdcservice.so
vendor/lib64/lib-imsdpl.so	selected-present	sm8750-common:vendor/lib64/lib-imsdpl.so	vendor/lib64/lib-imsdpl.so
vendor/lib64/lib-imsqimf.so	selected-present	sm8750-common:vendor/lib64/lib-imsqimf.so	vendor/lib64/lib-imsqimf.so
vendor/lib64/lib-imsrcsservice.so	selected-present	sm8750-common:vendor/lib64/lib-imsrcsservice.so	vendor/lib64/lib-imsrcsservice.so
vendor/lib64/lib-imsservice.so	selected-present	sm8750-common:vendor/lib64/lib-imsservice.so	vendor/lib64/lib-imsservice.so
vendor/lib64/lib-imsvtcore.so	selected-present	sm8750-common:vendor/lib64/lib-imsvtcore.so	vendor/lib64/lib-imsvtcore.so
vendor/lib64/lib-imsxml.so	selected-present	sm8750-common:vendor/lib64/lib-imsxml.so	vendor/lib64/lib-imsxml.so
vendor/lib64/lib-rtpcommon.so	selected-present	sm8750-common:vendor/lib64/lib-rtpcommon.so	vendor/lib64/lib-rtpcommon.so
vendor/lib64/lib-rtpcore.so	selected-present	sm8750-common:vendor/lib64/lib-rtpcore.so	vendor/lib64/lib-rtpcore.so
vendor/lib64/lib-rtpsl.so	selected-present	sm8750-common:vendor/lib64/lib-rtpsl.so	vendor/lib64/lib-rtpsl.so
vendor/lib64/libAF.so	selected-present	piano:vendor/lib64/libAF.so	vendor/lib64/libAF.so
vendor/lib64/libATFWD.so	selected-present	sm8750-common:vendor/lib64/libATFWD.so	vendor/lib64/libATFWD.so
vendor/lib64/libAlacSwDec.so	selected-present	sm8750-common:vendor/lib64/libAlacSwDec.so	vendor/lib64/libAlacSwDec.so
vendor/lib64/libApeSwDec.so	selected-present	sm8750-common:vendor/lib64/libApeSwDec.so	vendor/lib64/libApeSwDec.so
vendor/lib64/libBlAlgointf.so	selected-present	sm8750-common:vendor/lib64/libBlAlgointf.so	vendor/lib64/libBlAlgointf.so
vendor/lib64/libCB.so	selected-present	sm8750-common:vendor/lib64/libCB.so	vendor/lib64/libCB.so
vendor/lib64/libCneAppJni.so	selected-present	sm8750-common:vendor/lib64/libCneAppJni.so	vendor/lib64/libCneAppJni.so
vendor/lib64/libDISAlgos.so	selected-present	piano:vendor/lib64/libDISAlgos.so	vendor/lib64/libDISAlgos.so
vendor/lib64/libDcfHalFramework.so	selected-present	piano:vendor/lib64/libDcfHalFramework.so	vendor/lib64/libDcfHalFramework.so
vendor/lib64/libDcfHalLogger.so	selected-present	piano:vendor/lib64/libDcfHalLogger.so	vendor/lib64/libDcfHalLogger.so
vendor/lib64/libDlhookDumpStates.so	selected-present	piano:vendor/lib64/libDlhookDumpStates.so	vendor/lib64/libDlhookDumpStates.so
vendor/lib64/libDspIOProxy_stub.so	selected-present	sm8750-common:vendor/lib64/libDspIOProxy_stub.so	vendor/lib64/libDspIOProxy_stub.so
vendor/lib64/libEGL_adreno.so	unselected-review		vendor/lib64/libEGL_adreno.so
vendor/lib64/libEvrcSwCodec.so	selected-present	sm8750-common:vendor/lib64/libEvrcSwCodec.so	vendor/lib64/libEvrcSwCodec.so
vendor/lib64/libFS.so	selected-present	piano:vendor/lib64/libFS.so	vendor/lib64/libFS.so
vendor/lib64/libFileMux_proprietary.so	selected-present	sm8750-common:vendor/lib64/libFileMux_proprietary.so	vendor/lib64/libFileMux_proprietary.so
vendor/lib64/libFlacSwDec.so	selected-present	sm8750-common:vendor/lib64/libFlacSwDec.so	vendor/lib64/libFlacSwDec.so
vendor/lib64/libGLESv2_adreno.so	unselected-review		vendor/lib64/libGLESv2_adreno.so
vendor/lib64/libGPMTEEC_vendor.so	selected-present	sm8750-common:vendor/lib64/libGPMTEEC_vendor.so	vendor/lib64/libGPMTEEC_vendor.so
vendor/lib64/libGPQeSE.so	selected-present	sm8750-common:vendor/lib64/libGPQeSE.so	vendor/lib64/libGPQeSE.so
vendor/lib64/libGPTEE_vendor.so	selected-present	sm8750-common:vendor/lib64/libGPTEE_vendor.so	vendor/lib64/libGPTEE_vendor.so
vendor/lib64/libGPreqcancel.so	selected-present	sm8750-common:vendor/lib64/libGPreqcancel.so	vendor/lib64/libGPreqcancel.so
vendor/lib64/libGPreqcancel_svc.so	selected-present	sm8750-common:vendor/lib64/libGPreqcancel_svc.so	vendor/lib64/libGPreqcancel_svc.so
vendor/lib64/libGenie.so	unselected-review		
vendor/lib64/libHISCppAlgos.so	selected-present	piano:vendor/lib64/libHISCppAlgos.so	vendor/lib64/libHISCppAlgos.so
vendor/lib64/libIMTCppAlgos.so	selected-present	piano:vendor/lib64/libIMTCppAlgos.so	vendor/lib64/libIMTCppAlgos.so
vendor/lib64/libITT.so	selected-present	piano:vendor/lib64/libITT.so	vendor/lib64/libITT.so
vendor/lib64/libMapService.so	selected-present	sm8750-common:vendor/lib64/libMapService.so	vendor/lib64/libMapService.so
vendor/lib64/libMiMotion.so	selected-present	piano:vendor/lib64/libMiMotion.so	vendor/lib64/libMiMotion.so
vendor/lib64/libMiPhotoFilter.so	selected-present	piano:vendor/lib64/libMiPhotoFilter.so	vendor/lib64/libMiPhotoFilter.so
vendor/lib64/libMiStereoFactoryCalibAnalyzeBin_qual.so	selected-present	piano:vendor/lib64/libMiStereoFactoryCalibAnalyzeBin_qual.so	vendor/lib64/libMiStereoFactoryCalibAnalyzeBin_qual.so
vendor/lib64/libMiVDR.so	selected-present	sm8750-common:vendor/lib64/libMiVDR.so	vendor/lib64/libMiVDR.so
vendor/lib64/libOmxCore.so	unselected-review		
vendor/lib64/libOpenCL.so	selected-present	sm8750-common:vendor/lib64/libOpenCL.so	vendor/lib64/libOpenCL.so
vendor/lib64/libOpenCL_adreno.so	selected-present	sm8750-common:vendor/lib64/libOpenCL_adreno.so	vendor/lib64/libOpenCL_adreno.so
vendor/lib64/libPeripheralStateUtils.so	selected-present	sm8750-common:vendor/lib64/libPeripheralStateUtils.so	vendor/lib64/libPeripheralStateUtils.so
vendor/lib64/libPlatformValidatorShared.so	unselected-review		
vendor/lib64/libQSEEComAPI.so	selected-present	sm8750-common:vendor/lib64/libQSEEComAPI.so	vendor/lib64/libQSEEComAPI.so
vendor/lib64/libQcelp13SwCodec.so	selected-present	sm8750-common:vendor/lib64/libQcelp13SwCodec.so	vendor/lib64/libQcelp13SwCodec.so
vendor/lib64/libQnnChrometraceProfilingReader.so	unselected-review		
vendor/lib64/libQnnCpu.so	unselected-review		
vendor/lib64/libQnnDsp.so	selected-present	piano:vendor/lib64/libQnnDsp.so	vendor/lib64/libQnnDsp.so
vendor/lib64/libQnnDspNetRunExtensions.so	selected-present	piano:vendor/lib64/libQnnDspNetRunExtensions.so	vendor/lib64/libQnnDspNetRunExtensions.so
vendor/lib64/libQnnGenAiTransformer.so	unselected-review		
vendor/lib64/libQnnGenAiTransformerCpuOpPkg.so	unselected-review		
vendor/lib64/libQnnGenAiTransformerModel.so	unselected-review		
vendor/lib64/libQnnGpu.so	unselected-review		
vendor/lib64/libQnnGpuNetRunExtensions.so	unselected-review		
vendor/lib64/libQnnGpuProfilingReader.so	unselected-review		
vendor/lib64/libQnnHta.so	unselected-review		
vendor/lib64/libQnnHtaNetRunExtensions.so	unselected-review		
vendor/lib64/libQnnHtp.so	selected-present	piano:vendor/lib64/libQnnHtp.so	vendor/lib64/libQnnHtp.so
vendor/lib64/libQnnHtpNetRunExtensions.so	unselected-review		
vendor/lib64/libQnnHtpOptraceProfilingReader.so	unselected-review		
vendor/lib64/libQnnHtpPrepare.so	selected-present	piano:vendor/lib64/libQnnHtpPrepare.so	vendor/lib64/libQnnHtpPrepare.so
vendor/lib64/libQnnHtpProfilingReader.so	unselected-review		
vendor/lib64/libQnnHtpV73CalculatorStub.so	selected-present	piano:vendor/lib64/libQnnHtpV73CalculatorStub.so	vendor/lib64/libQnnHtpV73CalculatorStub.so
vendor/lib64/libQnnHtpV73Stub.so	selected-present	piano:vendor/lib64/libQnnHtpV73Stub.so	vendor/lib64/libQnnHtpV73Stub.so
vendor/lib64/libQnnHtpV79CalculatorStub.so	selected-present	piano:vendor/lib64/libQnnHtpV79CalculatorStub.so	vendor/lib64/libQnnHtpV79CalculatorStub.so
vendor/lib64/libQnnHtpV79Stub.so	selected-present	piano:vendor/lib64/libQnnHtpV79Stub.so	vendor/lib64/libQnnHtpV79Stub.so
vendor/lib64/libQnnIr.so	unselected-review		
vendor/lib64/libQnnJsonProfilingReader.so	unselected-review		
vendor/lib64/libQnnModelDlc.so	unselected-review		
vendor/lib64/libQnnSaver.so	unselected-review		
vendor/lib64/libQnnSystem.so	selected-present	piano:vendor/lib64/libQnnSystem.so	vendor/lib64/libQnnSystem.so
vendor/lib64/libQtiRilLoadable.so	selected-present	sm8750-common:vendor/lib64/libQtiRilLoadable.so	vendor/lib64/libQtiRilLoadable.so
vendor/lib64/libQtiSocket.so	selected-present	sm8750-common:vendor/lib64/libQtiSocket.so	vendor/lib64/libQtiSocket.so
vendor/lib64/libRSCpuRef.so	unselected-review		
vendor/lib64/libRSDriver.so	unselected-review		
vendor/lib64/libRS_internal.so	unselected-review		
vendor/lib64/libRecordCNN.so	selected-present	sm8750-common:vendor/lib64/libRecordCNN.so	vendor/lib64/libRecordCNN.so
vendor/lib64/libSEGModel.so	selected-present	piano:vendor/lib64/libSEGModel.so	
vendor/lib64/libSNPE.so	selected-present	piano:vendor/lib64/libSNPE.so	vendor/lib64/libSNPE.so
vendor/lib64/libSNPESample.so	selected-present	piano:vendor/lib64/libSNPESample.so	vendor/lib64/libSNPESample.so
vendor/lib64/libScenescape.so	selected-present	sm8750-common:vendor/lib64/libScenescape.so	vendor/lib64/libScenescape.so
vendor/lib64/libSensorsInterface.so	selected-present	sm8750-common:vendor/lib64/libSensorsInterface.so	vendor/lib64/libSensorsInterface.so
vendor/lib64/libSnpeHta.so	unselected-review		
vendor/lib64/libSnpeHtpPrepare.so	unselected-review		
vendor/lib64/libSnpeHtpV73CalculatorStub.so	unselected-review		
vendor/lib64/libSnpeHtpV73Stub.so	unselected-review		
vendor/lib64/libSnpeHtpV79CalculatorStub.so	unselected-review		
vendor/lib64/libSnpeHtpV79Stub.so	unselected-review		
vendor/lib64/libStereoRectifyWrapper.so	selected-present	sm8750-common:vendor/lib64/libStereoRectifyWrapper.so	vendor/lib64/libStereoRectifyWrapper.so
vendor/lib64/libTrustedInputAIDL.so	selected-present	sm8750-common:vendor/lib64/libTrustedInputAIDL.so	vendor/lib64/libTrustedInputAIDL.so
vendor/lib64/libTrustedInputUtils.so	selected-present	sm8750-common:vendor/lib64/libTrustedInputUtils.so	vendor/lib64/libTrustedInputUtils.so
vendor/lib64/libTrustedUIAIDL.so	selected-present	sm8750-common:vendor/lib64/libTrustedUIAIDL.so	vendor/lib64/libTrustedUIAIDL.so
vendor/lib64/libTxPwrJni.so	unselected-review		
vendor/lib64/libVoiceSdk.so	selected-present	sm8750-common:vendor/lib64/libVoiceSdk.so	vendor/lib64/libVoiceSdk.so
vendor/lib64/libWlanServiceJni.so	selected-present	sm8750-common:vendor/lib64/libWlanServiceJni.so	vendor/lib64/libWlanServiceJni.so
vendor/lib64/libXMFaceHeadBodyTrack.so	selected-present	piano:vendor/lib64/libXMFaceHeadBodyTrack.so	vendor/lib64/libXMFaceHeadBodyTrack.so
vendor/lib64/lib_AIVC_decoder.so	selected-present	sm8750-common:vendor/lib64/lib_AIVC_decoder.so	vendor/lib64/lib_AIVC_decoder.so
vendor/lib64/lib_AIVC_encoder.so	selected-present	sm8750-common:vendor/lib64/lib_AIVC_encoder.so	vendor/lib64/lib_AIVC_encoder.so
vendor/lib64/lib_android_keymaster_keymint_utils.so	unselected-review		
vendor/lib64/lib_bt_aptx.so	unselected-review		vendor/lib64/lib_bt_aptx.so
vendor/lib64/lib_bt_ble.so	unselected-review		vendor/lib64/lib_bt_ble.so
vendor/lib64/lib_bt_bundle.so	unselected-review		vendor/lib64/lib_bt_bundle.so
vendor/lib64/lib_bt_lhdc.so	selected-present	sm8750-common:vendor/lib64/lib_bt_lhdc.so	vendor/lib64/lib_bt_lhdc.so
vendor/lib64/lib_bt_mihc.so	selected-present	sm8750-common:vendor/lib64/lib_bt_mihc.so	vendor/lib64/lib_bt_mihc.so
vendor/lib64/lib_lvacfs.so	selected-present	sm8750-common:vendor/lib64/lib_lvacfs.so	vendor/lib64/lib_lvacfs.so
vendor/lib64/libaconfig_storage_read_api_cc.so	unselected-review		vendor/lib64/libaconfig_storage_read_api_cc.so
vendor/lib64/libadm.so	selected-present	sm8750-common:vendor/lib64/libadm.so	vendor/lib64/libadm.so
vendor/lib64/libadreno_app_profiles.so	selected-present	sm8750-common:vendor/lib64/libadreno_app_profiles.so	vendor/lib64/libadreno_app_profiles.so
vendor/lib64/libadreno_compiler_cl.so	selected-present	sm8750-common:vendor/lib64/libadreno_compiler_cl.so	vendor/lib64/libadreno_compiler_cl.so
vendor/lib64/libadreno_utils.so	selected-present	sm8750-common:vendor/lib64/libadreno_utils.so	vendor/lib64/libadreno_utils.so
vendor/lib64/libadsp_default_listener.so	selected-present	sm8750-common:vendor/lib64/libadsp_default_listener.so	vendor/lib64/libadsp_default_listener.so
vendor/lib64/libadsprpc.so	selected-present	sm8750-common:vendor/lib64/libadsprpc.so	vendor/lib64/libadsprpc.so
vendor/lib64/libagm.so	selected-present	sm8750-common:vendor/lib64/libagm.so	vendor/lib64/libagm.so
vendor/lib64/libagm_compress_plugin.so	selected-present	sm8750-common:vendor/lib64/libagm_compress_plugin.so	vendor/lib64/libagm_compress_plugin.so
vendor/lib64/libagm_mixer_plugin.so	selected-present	sm8750-common:vendor/lib64/libagm_mixer_plugin.so	vendor/lib64/libagm_mixer_plugin.so
vendor/lib64/libagm_pcm_plugin.so	selected-present	sm8750-common:vendor/lib64/libagm_pcm_plugin.so	vendor/lib64/libagm_pcm_plugin.so
vendor/lib64/libagmclient.so	selected-present	sm8750-common:vendor/lib64/libagmclient.so	vendor/lib64/libagmclient.so
vendor/lib64/libagmipcservice.so	selected-present	sm8750-common:vendor/lib64/libagmipcservice.so	vendor/lib64/libagmipcservice.so
vendor/lib64/libagmmixer.so	selected-present	sm8750-common:vendor/lib64/libagmmixer.so	vendor/lib64/libagmmixer.so
vendor/lib64/libaidenoiser.so	unselected-review		
vendor/lib64/libaidenoiserv2.so	unselected-review		
vendor/lib64/libalsautils.so	unselected-review		vendor/lib64/libalsautils.so
vendor/lib64/libalsautilsv2.so	unselected-review		vendor/lib64/libalsautilsv2.so
vendor/lib64/libandroid_runtime_lazy.so	unselected-review		vendor/lib64/libandroid_runtime_lazy.so
vendor/lib64/libaodoptfeature.so	selected-present	sm8750-common:vendor/lib64/libaodoptfeature.so	vendor/lib64/libaodoptfeature.so
vendor/lib64/libapengine.so	selected-present	sm8750-common:vendor/lib64/libapengine.so	vendor/lib64/libapengine.so
vendor/lib64/libappclassifier.so	selected-present	sm8750-common:vendor/lib64/libappclassifier.so	vendor/lib64/libappclassifier.so
vendor/lib64/libar-acdb.so	selected-present	sm8750-common:vendor/lib64/libar-acdb.so	vendor/lib64/libar-acdb.so
vendor/lib64/libar-gpr.so	selected-present	sm8750-common:vendor/lib64/libar-gpr.so	vendor/lib64/libar-gpr.so
vendor/lib64/libar-gsl.so	selected-present	sm8750-common:vendor/lib64/libar-gsl.so	vendor/lib64/libar-gsl.so
vendor/lib64/libar-pal.so	selected-present	sm8750-common:vendor/lib64/libar-pal.so	vendor/lib64/libar-pal.so
vendor/lib64/libarmemlog.so	selected-present	sm8750-common:vendor/lib64/libarmemlog.so	vendor/lib64/libarmemlog.so
vendor/lib64/libats.so	selected-present	sm8750-common:vendor/lib64/libats.so	vendor/lib64/libats.so
vendor/lib64/libaudio_aidl_conversion_common_ndk.so	selected-present	sm8750-common:vendor/lib64/libaudio_aidl_conversion_common_ndk_xiaomi.so	vendor/lib64/libaudio_aidl_conversion_common_ndk_xiaomi.so
vendor/lib64/libaudio_log_utils.so	selected-present	sm8750-common:vendor/lib64/libaudio_log_utils.so	vendor/lib64/libaudio_log_utils.so
vendor/lib64/libaudioaidlcommon.so	unselected-review		vendor/lib64/libaudioaidlcommon.so
vendor/lib64/libaudiochargerlistener.so	unselected-review		vendor/lib64/libaudiochargerlistener.so
vendor/lib64/libaudiocloudctrl.so	selected-present	sm8750-common:vendor/lib64/libaudiocloudctrl.so	vendor/lib64/libaudiocloudctrl.so
vendor/lib64/libaudioplatformconverter.qti.so	selected-present	sm8750-common:vendor/lib64/libaudioplatformconverter.qti.so	vendor/lib64/libaudioplatformconverter.qti.so
vendor/lib64/libaudioroute.so	selected-present	sm8750-common:vendor/lib64/libaudioroute-xiaomi.so	vendor/lib64/libaudioroute-xiaomi.so
vendor/lib64/libaudioserviceexampleimpl.so	selected-present	sm8750-common:vendor/lib64/libaudioserviceexampleimpl.so	vendor/lib64/libaudioserviceexampleimpl.so
vendor/lib64/libaudioutils.so	unselected-review		vendor/lib64/libaudioutils.so
vendor/lib64/libav_lvacfsencoder.so	selected-present	sm8750-common:vendor/lib64/libav_lvacfsencoder.so	vendor/lib64/libav_lvacfsencoder.so
vendor/lib64/libav_miwnsencoder.so	selected-present	sm8750-common:vendor/lib64/libav_miwnsencoder.so	vendor/lib64/libav_miwnsencoder.so
vendor/lib64/libav_ozoencoder.so	selected-present	sm8750-common:vendor/lib64/libav_ozoencoder.so	vendor/lib64/libav_ozoencoder.so
vendor/lib64/libavservices_minijail.so	unselected-review		vendor/lib64/libavservices_minijail.so
vendor/lib64/libbaa_BasedOnCC_VolDown.so	selected-present	piano:vendor/lib64/libbaa_BasedOnCC_VolDown.so	vendor/lib64/libbaa_BasedOnCC_VolDown.so
vendor/lib64/libbaa_ChargeInfo.so	selected-present	piano:vendor/lib64/libbaa_ChargeInfo.so	vendor/lib64/libbaa_ChargeInfo.so
vendor/lib64/libbaa_ClosedSourceClass.so	selected-present	piano:vendor/lib64/libbaa_ClosedSourceClass.so	vendor/lib64/libbaa_ClosedSourceClass.so
vendor/lib64/libbaa_ExampleClass.so	selected-present	piano:vendor/lib64/libbaa_ExampleClass.so	vendor/lib64/libbaa_ExampleClass.so
vendor/lib64/libbaa_FreqChgFvDown.so	selected-present	piano:vendor/lib64/libbaa_FreqChgFvDown.so	vendor/lib64/libbaa_FreqChgFvDown.so
vendor/lib64/libbaa_LowSohFvDown.so	selected-present	piano:vendor/lib64/libbaa_LowSohFvDown.so	vendor/lib64/libbaa_LowSohFvDown.so
vendor/lib64/libbaa_common.so	selected-present	piano:vendor/lib64/libbaa_common.so	vendor/lib64/libbaa_common.so
vendor/lib64/libbacklight-calib.so	selected-present	sm8750-common:vendor/lib64/libbacklight-calib.so	vendor/lib64/libbacklight-calib.so
vendor/lib64/libbase.so	unselected-review		vendor/lib64/libbase.so
vendor/lib64/libbase64.so	unselected-review		
vendor/lib64/libbatching.so	selected-present	sm8750-common:vendor/lib64/libbatching.so	vendor/lib64/libbatching.so
vendor/lib64/libbatterylistener.so	unselected-review		vendor/lib64/libbatterylistener.so
vendor/lib64/libbcinfo.so	unselected-review		
vendor/lib64/libbinder.so	unselected-review		vendor/lib64/libbinder.so
vendor/lib64/libbinderdebug.so	unselected-review		vendor/lib64/libbinderdebug.so
vendor/lib64/libbitmlengine.so	unselected-review		
vendor/lib64/libbitmlenginev2.so	selected-present	piano:vendor/lib64/libbitmlenginev2.so	vendor/lib64/libbitmlenginev2.so
vendor/lib64/libblas.so	unselected-review		
vendor/lib64/libbluetooth_audio_session.so	unselected-review		
vendor/lib64/libbluetooth_audio_session_aidl.so	selected-present	sm8750-common:vendor/lib64/libbluetooth_audio_session_aidl_xiaomi.so	vendor/lib64/libbluetooth_audio_session_aidl_xiaomi.so
vendor/lib64/libbluetooth_audio_session_aidl_qti.so	selected-present	sm8750-common:vendor/lib64/libbluetooth_audio_session_aidl_qti.so	vendor/lib64/libbluetooth_audio_session_aidl_qti.so
vendor/lib64/libbluetooth_audio_session_qti.so	selected-present	sm8750-common:vendor/lib64/libbluetooth_audio_session_qti.so	vendor/lib64/libbluetooth_audio_session_qti.so
vendor/lib64/libbluetooth_audio_session_qti_2_1.so	selected-present	sm8750-common:vendor/lib64/libbluetooth_audio_session_qti_2_1.so	vendor/lib64/libbluetooth_audio_session_qti_2_1.so
vendor/lib64/libboot_control_qti.so	unselected-review		
vendor/lib64/libbpf_bcc.so	unselected-review		vendor/lib64/libbpf_bcc.so
vendor/lib64/libbpf_minimal.so	unselected-review		vendor/lib64/libbpf_minimal.so
vendor/lib64/libbt-hidlclient.so	selected-present	sm8750-common:vendor/lib64/libbt-hidlclient.so	vendor/lib64/libbt-hidlclient.so
vendor/lib64/libbtnv.so	selected-present	sm8750-common:vendor/lib64/libbtnv.so	vendor/lib64/libbtnv.so
vendor/lib64/libc++.so	unselected-review		vendor/lib64/libc++.so
vendor/lib64/libc++_shared.so	selected-present	sm8750-common:vendor/lib64/libc++_shared.so	vendor/lib64/libc++_shared.so
vendor/lib64/libcacertclient.so	selected-present	sm8750-common:vendor/lib64/libcacertclient.so	vendor/lib64/libcacertclient.so
vendor/lib64/libcalculator.so	unselected-review		
vendor/lib64/libcamera2ndk_vendor.so	unselected-review		vendor/lib64/libcamera2ndk_vendor.so
vendor/lib64/libcamera_metadata.so	unselected-review		vendor/lib64/libcamera_metadata.so
vendor/lib64/libcameraobserver.so	selected-present	piano:vendor/lib64/libcameraobserver.so	vendor/lib64/libcameraobserver.so
vendor/lib64/libcameraopt.so	selected-present	piano:vendor/lib64/libcameraopt.so	vendor/lib64/libcameraopt.so
vendor/lib64/libcamerapoweroptfeature.so	selected-present	sm8750-common:vendor/lib64/libcamerapoweroptfeature.so	vendor/lib64/libcamerapoweroptfeature.so
vendor/lib64/libcamlog.so	selected-present	piano:vendor/lib64/libcamlog.so	vendor/lib64/libcamlog.so
vendor/lib64/libcamxcommonutils.so	selected-present	piano:vendor/lib64/libcamxcommonutils.so	vendor/lib64/libcamxcommonutils.so
vendor/lib64/libcamxcoreutils.so	selected-present	piano:vendor/lib64/libcamxcoreutils.so	vendor/lib64/libcamxcoreutils.so
vendor/lib64/libcamxcsl.so	selected-present	piano:vendor/lib64/libcamxcsl.so	vendor/lib64/libcamxcsl.so
vendor/lib64/libcamxexternalformatutils.so	selected-present	piano:vendor/lib64/libcamxexternalformatutils.so	vendor/lib64/libcamxexternalformatutils.so
vendor/lib64/libcamxfdengine.so	selected-present	piano:vendor/lib64/libcamxfdengine.so	vendor/lib64/libcamxfdengine.so
vendor/lib64/libcamxhwlfrontend.so	selected-present	piano:vendor/lib64/libcamxhwlfrontend.so	vendor/lib64/libcamxhwlfrontend.so
vendor/lib64/libcamxhwlipedriver.so	selected-present	piano:vendor/lib64/libcamxhwlipedriver.so	vendor/lib64/libcamxhwlipedriver.so
vendor/lib64/libcamxhwnodecontext.so	selected-present	piano:vendor/lib64/libcamxhwnodecontext.so	vendor/lib64/libcamxhwnodecontext.so
vendor/lib64/libcamxifestriping.so	selected-present	piano:vendor/lib64/libcamxifestriping.so	vendor/lib64/libcamxifestriping.so
vendor/lib64/libcamximageformatutils.so	selected-present	piano:vendor/lib64/libcamximageformatutils.so	vendor/lib64/libcamximageformatutils.so
vendor/lib64/libcamxncsdatafactory.so	selected-present	piano:vendor/lib64/libcamxncsdatafactory.so	vendor/lib64/libcamxncsdatafactory.so
vendor/lib64/libcamxods.so	selected-present	piano:vendor/lib64/libcamxods.so	vendor/lib64/libcamxods.so
vendor/lib64/libcamxofehwl.so	selected-present	piano:vendor/lib64/libcamxofehwl.so	vendor/lib64/libcamxofehwl.so
vendor/lib64/libcamxqsatalgo.so	selected-present	piano:vendor/lib64/libcamxqsatalgo.so	vendor/lib64/libcamxqsatalgo.so
vendor/lib64/libcamxsettingsmanager.so	selected-present	piano:vendor/lib64/libcamxsettingsmanager.so	vendor/lib64/libcamxsettingsmanager.so
vendor/lib64/libcamxstatscore.so	selected-present	piano:vendor/lib64/libcamxstatscore.so	vendor/lib64/libcamxstatscore.so
vendor/lib64/libcamxswispiqmodule.so	selected-present	piano:vendor/lib64/libcamxswispiqmodule.so	vendor/lib64/libcamxswispiqmodule.so
vendor/lib64/libcamxswprocessalgo.so	selected-present	piano:vendor/lib64/libcamxswprocessalgo.so	vendor/lib64/libcamxswprocessalgo.so
vendor/lib64/libcamxtintlessalgo.so	selected-present	piano:vendor/lib64/libcamxtintlessalgo.so	vendor/lib64/libcamxtintlessalgo.so
vendor/lib64/libcamxvppservicebase.so	selected-present	piano:vendor/lib64/libcamxvppservicebase.so	vendor/lib64/libcamxvppservicebase.so
vendor/lib64/libcap.so	unselected-review		vendor/lib64/libcap.so
vendor/lib64/libcapiv2svacnnvendor.so	selected-present	sm8750-common:vendor/lib64/libcapiv2svacnnvendor.so	vendor/lib64/libcapiv2svacnnvendor.so
vendor/lib64/libcapiv2svarnnvendor.so	selected-present	sm8750-common:vendor/lib64/libcapiv2svarnnvendor.so	vendor/lib64/libcapiv2svarnnvendor.so
vendor/lib64/libcapiv2udk7vendor.so	selected-present	sm8750-common:vendor/lib64/libcapiv2udk7vendor.so	vendor/lib64/libcapiv2udk7vendor.so
vendor/lib64/libcapiv2uvvendor.so	selected-present	sm8750-common:vendor/lib64/libcapiv2uvvendor.so	vendor/lib64/libcapiv2uvvendor.so
vendor/lib64/libcdfw.so	selected-present	sm8750-common:vendor/lib64/libcdfw.so	vendor/lib64/libcdfw.so
vendor/lib64/libcdfw_remote_api.so	selected-present	sm8750-common:vendor/lib64/libcdfw_remote_api.so	vendor/lib64/libcdfw_remote_api.so
vendor/lib64/libcdsp_default_listener.so	selected-present	sm8750-common:vendor/lib64/libcdsp_default_listener.so	vendor/lib64/libcdsp_default_listener.so
vendor/lib64/libcdsprpc.so	selected-present	sm8750-common:vendor/lib64/libcdsprpc.so	vendor/lib64/libcdsprpc.so
vendor/lib64/libcert_parse.wpa_s.so	unselected-review		
vendor/lib64/libchifeature2.so	selected-present	piano:vendor/lib64/libchifeature2.so	vendor/lib64/libchifeature2.so
vendor/lib64/libchilog.so	selected-present	piano:vendor/lib64/libchilog.so	vendor/lib64/libchilog.so
vendor/lib64/libchinodeevautils.so	selected-present	piano:vendor/lib64/libchinodeevautils.so	vendor/lib64/libchinodeevautils.so
vendor/lib64/libchinodehmeutils.so	selected-present	piano:vendor/lib64/libchinodehmeutils.so	vendor/lib64/libchinodehmeutils.so
vendor/lib64/libclang_rt.ubsan_standalone-aarch64-android.so	unselected-review		vendor/lib64/libclang_rt.ubsan_standalone-aarch64-android.so
vendor/lib64/libcld80211.so	unselected-review		vendor/lib64/libcld80211.so
vendor/lib64/libclstc_algorithm_adapter.so	selected-present	sm8750-common:vendor/lib64/libclstc_algorithm_adapter.so	vendor/lib64/libclstc_algorithm_adapter.so
vendor/lib64/libclstc_gcp_adapter.so	selected-present	sm8750-common:vendor/lib64/libclstc_gcp_adapter.so	vendor/lib64/libclstc_gcp_adapter.so
vendor/lib64/libclstc_tm.so	selected-present	sm8750-common:vendor/lib64/libclstc_tm.so	vendor/lib64/libclstc_tm.so
vendor/lib64/libcne.so	selected-present	sm8750-common:vendor/lib64/libcne.so	vendor/lib64/libcne.so
vendor/lib64/libcneapiclient.so	selected-present	sm8750-common:vendor/lib64/libcneapiclient.so	vendor/lib64/libcneapiclient.so
vendor/lib64/libcneoplookup.so	selected-present	sm8750-common:vendor/lib64/libcneoplookup.so	vendor/lib64/libcneoplookup.so
vendor/lib64/libcneqmiutils.so	selected-present	sm8750-common:vendor/lib64/libcneqmiutils.so	vendor/lib64/libcneqmiutils.so
vendor/lib64/libcodec2.so	unselected-review		vendor/lib64/libcodec2.so
vendor/lib64/libcodec2_aidl.so	unselected-review		vendor/lib64/libcodec2_aidl.so
vendor/lib64/libcodec2_hal_common.so	unselected-review		vendor/lib64/libcodec2_hal_common.so
vendor/lib64/libcodec2_hidl@1.0.so	unselected-review		vendor/lib64/libcodec2_hidl@1.0.so
vendor/lib64/libcodec2_hidl@1.1.so	unselected-review		vendor/lib64/libcodec2_hidl@1.1.so
vendor/lib64/libcodec2_hidl@1.2.so	unselected-review		vendor/lib64/libcodec2_hidl@1.2.so
vendor/lib64/libcodec2_hidl_plugin.so	unselected-review		vendor/lib64/libcodec2_hidl_plugin.so
vendor/lib64/libcodec2_soft_ac4dec.so	selected-present	sm8750-common:vendor/lib64/libcodec2_soft_ac4dec.so	vendor/lib64/libcodec2_soft_ac4dec.so
vendor/lib64/libcodec2_soft_aivc_dec.so	selected-present	sm8750-common:vendor/lib64/libcodec2_soft_aivc_dec.so	vendor/lib64/libcodec2_soft_aivc_dec.so
vendor/lib64/libcodec2_soft_aivc_enc.so	selected-present	sm8750-common:vendor/lib64/libcodec2_soft_aivc_enc.so	vendor/lib64/libcodec2_soft_aivc_enc.so
vendor/lib64/libcodec2_soft_common.so	unselected-review		vendor/lib64/libcodec2_soft_common.so
vendor/lib64/libcodec2_soft_ddpdec.so	selected-present	sm8750-common:vendor/lib64/libcodec2_soft_ddpdec.so	vendor/lib64/libcodec2_soft_ddpdec.so
vendor/lib64/libcodec2_soft_mihc_dec.so	selected-present	sm8750-common:vendor/lib64/libcodec2_soft_mihc_dec.so	vendor/lib64/libcodec2_soft_mihc_dec.so
vendor/lib64/libcodec2_soft_mihc_enc.so	selected-present	sm8750-common:vendor/lib64/libcodec2_soft_mihc_enc.so	vendor/lib64/libcodec2_soft_mihc_enc.so
vendor/lib64/libcodec2_store_dolby.so	selected-present	sm8750-common:vendor/lib64/libcodec2_store_dolby.so	vendor/lib64/libcodec2_store_dolby.so
vendor/lib64/libcodec2_store_mi.so	selected-present	sm8750-common:vendor/lib64/libcodec2_store_mi.so	vendor/lib64/libcodec2_store_mi.so
vendor/lib64/libcodec2_vndk.so	unselected-review		vendor/lib64/libcodec2_vndk.so
vendor/lib64/libcodecclientmanager.so	selected-present	sm8750-common:vendor/lib64/libcodecclientmanager.so	vendor/lib64/libcodecclientmanager.so
vendor/lib64/libcom.qti.chinodeutils.so	selected-present	piano:vendor/lib64/libcom.qti.chinodeutils.so	vendor/lib64/libcom.qti.chinodeutils.so
vendor/lib64/libcom.xiaomi.algotest.so	selected-present	piano:vendor/lib64/libcom.xiaomi.algotest.so	vendor/lib64/libcom.xiaomi.algotest.so
vendor/lib64/libcom.xiaomi.attribute.so	selected-present	piano:vendor/lib64/libcom.xiaomi.attribute.so	vendor/lib64/libcom.xiaomi.attribute.so
vendor/lib64/libcom.xiaomi.debug.so	selected-present	piano:vendor/lib64/libcom.xiaomi.debug.so	vendor/lib64/libcom.xiaomi.debug.so
vendor/lib64/libcom.xiaomi.ecoenginemonitor.so	selected-present	piano:vendor/lib64/libcom.xiaomi.ecoenginemonitor.so	vendor/lib64/libcom.xiaomi.ecoenginemonitor.so
vendor/lib64/libcom.xiaomi.eventcallback.so	selected-present	piano:vendor/lib64/libcom.xiaomi.eventcallback.so	vendor/lib64/libcom.xiaomi.eventcallback.so
vendor/lib64/libcom.xiaomi.grallocutils.so	selected-present	piano:vendor/lib64/libcom.xiaomi.grallocutils.so	vendor/lib64/libcom.xiaomi.grallocutils.so
vendor/lib64/libcom.xiaomi.ionutils.so	selected-present	piano:vendor/lib64/libcom.xiaomi.ionutils.so	vendor/lib64/libcom.xiaomi.ionutils.so
vendor/lib64/libcom.xiaomi.mawutils.so	unselected-review		
vendor/lib64/libcom.xiaomi.mawutilsold.so	selected-present	piano:vendor/lib64/libcom.xiaomi.mawutilsold.so	vendor/lib64/libcom.xiaomi.mawutilsold.so
vendor/lib64/libcom.xiaomi.metadatautils.so	selected-present	piano:vendor/lib64/libcom.xiaomi.metadatautils.so	vendor/lib64/libcom.xiaomi.metadatautils.so
vendor/lib64/libcom.xiaomi.offlinefeatureintf.so	selected-present	piano:vendor/lib64/libcom.xiaomi.offlinefeatureintf.so	vendor/lib64/libcom.xiaomi.offlinefeatureintf.so
vendor/lib64/libcom.xiaomi.pluginutils.so	selected-present	piano:vendor/lib64/libcom.xiaomi.pluginutils.so	vendor/lib64/libcom.xiaomi.pluginutils.so
vendor/lib64/libcom.xiaomi.qimagebuffer.so	selected-present	piano:vendor/lib64/libcom.xiaomi.qimagebuffer.so	vendor/lib64/libcom.xiaomi.qimagebuffer.so
vendor/lib64/libcom.xiaomi.sensorpolicy.so	selected-present	piano:vendor/lib64/libcom.xiaomi.sensorpolicy.so	vendor/lib64/libcom.xiaomi.sensorpolicy.so
vendor/lib64/libcom.xiaomi.signaltrigger.so	selected-present	piano:vendor/lib64/libcom.xiaomi.signaltrigger.so	vendor/lib64/libcom.xiaomi.signaltrigger.so
vendor/lib64/libcommonchiutils.so	selected-present	piano:vendor/lib64/libcommonchiutils.so	vendor/lib64/libcommonchiutils.so
vendor/lib64/libcompiler_rt.so	unselected-review		
vendor/lib64/libconfigdb.so	selected-present	sm8750-common:vendor/lib64/libconfigdb.so	vendor/lib64/libconfigdb.so
vendor/lib64/libcpion.so	selected-present	sm8750-common:vendor/lib64/libcpion.so	vendor/lib64/libcpion.so
vendor/lib64/libcppbor.so	unselected-review		vendor/lib64/libcppbor.so
vendor/lib64/libcppbor_external.so	unselected-review		
vendor/lib64/libcppcose_rkp.so	unselected-review		
vendor/lib64/libcrypto.so	unselected-review		vendor/lib64/libcrypto.so
vendor/lib64/libcrypto_data.so	unselected-review		
vendor/lib64/libcurl.so	unselected-review		vendor/lib64/libcurl.so
vendor/lib64/libcustomva_intf.so	unselected-review		vendor/lib64/libcustomva_intf.so
vendor/lib64/libcutils.so	unselected-review		vendor/lib64/libcutils.so
vendor/lib64/libcv_common.so	selected-present	sm8750-common:vendor/lib64/libcv_common.so	vendor/lib64/libcv_common.so
vendor/lib64/libdapparamstorage.so	selected-present	sm8750-common:vendor/lib64/libdapparamstorage.so	vendor/lib64/libdapparamstorage.so
vendor/lib64/libdataitems.so	selected-present	sm8750-common:vendor/lib64/libdataitems.so	vendor/lib64/libdataitems.so
vendor/lib64/libdeccfg.so	selected-present	sm8750-common:vendor/lib64/libdeccfg.so	vendor/lib64/libdeccfg.so
vendor/lib64/libdeflicker.so	unselected-review		
vendor/lib64/libdemura_oem_plugin.so	selected-present	sm8750-common:vendor/lib64/libdemura_oem_plugin.so	vendor/lib64/libdemura_oem_plugin.so
vendor/lib64/libdfintf.so	selected-present	sm8750-common:vendor/lib64/libdfintf.so	vendor/lib64/libdfintf.so
vendor/lib64/libdiag.so	selected-present	sm8750-common:vendor/lib64/libdiag.so	vendor/lib64/libdiag.so
vendor/lib64/libdiagatbparser.so	unselected-review		
vendor/lib64/libdiagjni.so	unselected-review		
vendor/lib64/libdigital-dimming.so	selected-present	sm8750-common:vendor/lib64/libdigital-dimming.so	vendor/lib64/libdigital-dimming.so
vendor/lib64/libdisp-aba.so	selected-present	sm8750-common:vendor/lib64/libdisp-aba.so	vendor/lib64/libdisp-aba.so
vendor/lib64/libdisplayconfig.qti.so	selected-present	sm8750-common:vendor/lib64/libdisplayconfig.qti.so	vendor/lib64/libdisplayconfig.qti.so
vendor/lib64/libdisplaydebug.so	selected-present	sm8750-common:vendor/lib64/libdisplaydebug.so	vendor/lib64/libdisplaydebug.so
vendor/lib64/libdisplayfeature.so	selected-present	sm8750-common:vendor/lib64/libdisplayfeature.so	vendor/lib64/libdisplayfeature.so
vendor/lib64/libdisplayfeatureservice.so	selected-present	sm8750-common:vendor/lib64/libdisplayfeatureservice.so	vendor/lib64/libdisplayfeatureservice.so
vendor/lib64/libdisplayqos.so	selected-present	sm8750-common:vendor/lib64/libdisplayqos.so	vendor/lib64/libdisplayqos.so
vendor/lib64/libdisplayskuutils.so	selected-present	sm8750-common:vendor/lib64/libdisplayskuutils.so	vendor/lib64/libdisplayskuutils.so
vendor/lib64/libdlbdsservice.so	selected-present	sm8750-common:vendor/lib64/libdlbdsservice.so	vendor/lib64/libdlbdsservice.so
vendor/lib64/libdlbpreg.so	selected-present	sm8750-common:vendor/lib64/libdlbpreg.so	vendor/lib64/libdlbpreg.so
vendor/lib64/libdmabufheap.so	unselected-review		vendor/lib64/libdmabufheap.so
vendor/lib64/libdmap_consent_sdk.so	unselected-review		
vendor/lib64/libdmshal.so	selected-present	sm8750-common:vendor/lib64/libdmshal.so	vendor/lib64/libdmshal.so
vendor/lib64/libdolbyclstc.so	selected-present	sm8750-common:vendor/lib64/libdolbyclstc.so	vendor/lib64/libdolbyclstc.so
vendor/lib64/libdolbydecoderprocessor.so	selected-present	sm8750-common:vendor/lib64/libdolbydecoderprocessor.so	vendor/lib64/libdolbydecoderprocessor.so
vendor/lib64/libdolbyeglcore.so	selected-present	sm8750-common:vendor/lib64/libdolbyeglcore.so	vendor/lib64/libdolbyeglcore.so
vendor/lib64/libdolbyottcameracontrol.so	selected-present	sm8750-common:vendor/lib64/libdolbyottcameracontrol.so	vendor/lib64/libdolbyottcameracontrol.so
vendor/lib64/libdolbyproxyandroid.so	unselected-review		
vendor/lib64/libdpp_manager.so	unselected-review		
vendor/lib64/libdpps.so	selected-present	sm8750-common:vendor/lib64/libdpps.so	vendor/lib64/libdpps.so
vendor/lib64/libdrm.so	unselected-review		vendor/lib64/libdrm.so
vendor/lib64/libdrmfs.so	selected-present	sm8750-common:vendor/lib64/libdrmfs.so	vendor/lib64/libdrmfs.so
vendor/lib64/libdrmtime.so	selected-present	sm8750-common:vendor/lib64/libdrmtime.so	vendor/lib64/libdrmtime.so
vendor/lib64/libdrmutils.so	selected-present	sm8750-common:vendor/lib64/libdrmutils.so	vendor/lib64/libdrmutils.so
vendor/lib64/libdsd2pcm.so	selected-present	sm8750-common:vendor/lib64/libdsd2pcm.so	vendor/lib64/libdsd2pcm.so
vendor/lib64/libdsi_netctrl.so	selected-present	sm8750-common:vendor/lib64/libdsi_netctrl.so	vendor/lib64/libdsi_netctrl.so
vendor/lib64/libdsutils.so	selected-present	sm8750-common:vendor/lib64/libdsutils.so	vendor/lib64/libdsutils.so
vendor/lib64/libdumpstateutil.so	unselected-review		vendor/lib64/libdumpstateutil.so
vendor/lib64/libeai_fixed.so	selected-present	sm8750-common:vendor/lib64/libeai_fixed.so	vendor/lib64/libeai_fixed.so
vendor/lib64/libeai_float.so	selected-present	sm8750-common:vendor/lib64/libeai_float.so	vendor/lib64/libeai_float.so
vendor/lib64/libecoengine.so	selected-present	piano:vendor/lib64/libecoengine.so	vendor/lib64/libecoengine.so
vendor/lib64/libeffects.so	unselected-review		vendor/lib64/libeffects.so
vendor/lib64/libeffectsconfig.so	unselected-review		vendor/lib64/libeffectsconfig.so
vendor/lib64/libembmsservice.so	selected-present	sm8750-common:vendor/lib64/libembmsservice.so	vendor/lib64/libembmsservice.so
vendor/lib64/libengineplugin.so	selected-present	sm8750-common:vendor/lib64/libengineplugin.so	vendor/lib64/libengineplugin.so
vendor/lib64/libesesbprovision.so	selected-present	sm8750-common:vendor/lib64/libesesbprovision.so	vendor/lib64/libesesbprovision.so
vendor/lib64/libeva.so	selected-present	sm8750-common:vendor/lib64/libeva.so	vendor/lib64/libeva.so
vendor/lib64/libeva_util.so	selected-present	sm8750-common:vendor/lib64/libeva_util.so	vendor/lib64/libeva_util.so
vendor/lib64/libevent.so	unselected-review		
vendor/lib64/libexif.so	unselected-review		vendor/lib64/libexif.so
vendor/lib64/libexpat.so	unselected-review		vendor/lib64/libexpat.so
vendor/lib64/libext2_uuid.so	unselected-review		vendor/lib64/libext2_uuid.so
vendor/lib64/libeye_tracking_dsp_sample_stub.so	selected-present	sm8750-common:vendor/lib64/libeye_tracking_dsp_sample_stub.so	vendor/lib64/libeye_tracking_dsp_sample_stub.so
vendor/lib64/libfastcrc.so	unselected-review		
vendor/lib64/libfastcvdsp_stub.so	selected-present	sm8750-common:vendor/lib64/libfastcvdsp_stub.so	vendor/lib64/libfastcvdsp_stub.so
vendor/lib64/libfastcvopt.so	selected-present	sm8750-common:vendor/lib64/libfastcvopt.so	vendor/lib64/libfastcvopt.so
vendor/lib64/libfastmessage.so	selected-present	piano:vendor/lib64/libfastmessage.so	vendor/lib64/libfastmessage.so
vendor/lib64/libfdmonitor.so	unselected-review		
vendor/lib64/libfeutils.so	selected-present	sm8750-common:vendor/lib64/libfeutils.so	vendor/lib64/libfeutils.so
vendor/lib64/libfilefinder.so	selected-present	sm8750-common:vendor/lib64/libfilefinder.so	vendor/lib64/libfilefinder.so
vendor/lib64/libflatbuffers-cpp.so	unselected-review		vendor/lib64/libflatbuffers-cpp.so
vendor/lib64/libfmpal.so	unselected-review		vendor/lib64/libfmpal.so
vendor/lib64/libfmq.so	unselected-review		vendor/lib64/libfmq.so
vendor/lib64/libgame_enhance.so	selected-present	sm8750-common:vendor/lib64/libgame_enhance.so	vendor/lib64/libgame_enhance.so
vendor/lib64/libgamepoweroptfeature.so	selected-present	sm8750-common:vendor/lib64/libgamepoweroptfeature.so	vendor/lib64/libgamepoweroptfeature.so
vendor/lib64/libgatekeeper.so	unselected-review		vendor/lib64/libgatekeeper.so
vendor/lib64/libgdtap.so	selected-present	sm8750-common:vendor/lib64/libgdtap.so	vendor/lib64/libgdtap.so
vendor/lib64/libgeofencing.so	selected-present	sm8750-common:vendor/lib64/libgeofencing.so	vendor/lib64/libgeofencing.so
vendor/lib64/libgnss.so	selected-present	sm8750-common:vendor/lib64/libgnss.so	vendor/lib64/libgnss.so
vendor/lib64/libgnsspps.so	selected-present	sm8750-common:vendor/lib64/libgnsspps.so	vendor/lib64/libgnsspps.so
vendor/lib64/libgps.utils.so	selected-present	sm8750-common:vendor/lib64/libgps.utils.so	vendor/lib64/libgps.utils.so
vendor/lib64/libgpt.so	selected-present	sm8750-common:vendor/lib64/libgpt.so	vendor/lib64/libgpt.so
vendor/lib64/libgpu_tonemapper.so	selected-present	sm8750-common:vendor/lib64/libgpu_tonemapper.so	vendor/lib64/libgpu_tonemapper.so
vendor/lib64/libgpudataproducer.so	selected-present	sm8750-common:vendor/lib64/libgpudataproducer.so	vendor/lib64/libgpudataproducer.so
vendor/lib64/libgralloc.qti.so	selected-present	sm8750-common:vendor/lib64/libgralloc.qti.so	vendor/lib64/libgralloc.qti.so
vendor/lib64/libgralloccore.so	selected-present	sm8750-common:vendor/lib64/libgralloccore.so	vendor/lib64/libgralloccore.so
vendor/lib64/libgralloctypes.so	unselected-review		vendor/lib64/libgralloctypes.so
vendor/lib64/libgrallocutils.so	selected-present	sm8750-common:vendor/lib64/libgrallocutils.so	vendor/lib64/libgrallocutils.so
vendor/lib64/libgsl.so	selected-present	sm8750-common:vendor/lib64/libgsl.so	vendor/lib64/libgsl.so
vendor/lib64/libgui.so	unselected-review		vendor/lib64/libgui.so
vendor/lib64/libhalide_hexagon_host.so	unselected-review		
vendor/lib64/libhardware.so	unselected-review		vendor/lib64/libhardware.so
vendor/lib64/libhardware_legacy.so	unselected-review		vendor/lib64/libhardware_legacy.so
vendor/lib64/libhdcp1prov.so	selected-present	sm8750-common:vendor/lib64/libhdcp1prov.so	vendor/lib64/libhdcp1prov.so
vendor/lib64/libhdcp2p2prov.so	selected-present	sm8750-common:vendor/lib64/libhdcp2p2prov.so	vendor/lib64/libhdcp2p2prov.so
vendor/lib64/libhdcpsrm.so	selected-present	sm8750-common:vendor/lib64/libhdcpsrm.so	vendor/lib64/libhdcpsrm.so
vendor/lib64/libhdr10plus.so	selected-present	piano:vendor/lib64/libhdr10plus.so	vendor/lib64/libhdr10plus.so
vendor/lib64/libhdr_backlight_adapter.so	selected-present	sm8750-common:vendor/lib64/libhdr_backlight_adapter.so	vendor/lib64/libhdr_backlight_adapter.so
vendor/lib64/libhdr_stub.so	unselected-review		
vendor/lib64/libhdr_tm.so	selected-present	sm8750-common:vendor/lib64/libhdr_tm.so	vendor/lib64/libhdr_tm.so
vendor/lib64/libhdrdynamic.so	selected-present	sm8750-common:vendor/lib64/libhdrdynamic.so	vendor/lib64/libhdrdynamic.so
vendor/lib64/libhdrdynamicootf.so	selected-present	sm8750-common:vendor/lib64/libhdrdynamicootf.so	vendor/lib64/libhdrdynamicootf.so
vendor/lib64/libhdrvivid.so	selected-present	sm8750-common:vendor/lib64/libhdrvivid.so	vendor/lib64/libhdrvivid.so
vendor/lib64/libhfp_pal.so	unselected-review		vendor/lib64/libhfp_pal.so
vendor/lib64/libhidlbase.so	unselected-review		vendor/lib64/libhidlbase.so
vendor/lib64/libhidlmemory.so	unselected-review		vendor/lib64/libhidlmemory.so
vendor/lib64/libhidltransport.so	unselected-review		vendor/lib64/libhidltransport.so
vendor/lib64/libhidparser.so	unselected-review		vendor/lib64/libhidparser.so
vendor/lib64/libhistogram.so	selected-present	sm8750-common:vendor/lib64/libhistogram.so	vendor/lib64/libhistogram.so
vendor/lib64/libhme.so	unselected-review		
vendor/lib64/libhotword_intf.so	unselected-review		vendor/lib64/libhotword_intf.so
vendor/lib64/libhta_hexagon_runtime_qnn.so	unselected-review		
vendor/lib64/libhta_hexagon_runtime_snpe.so	unselected-review		
vendor/lib64/libhwbinder.so	unselected-review		vendor/lib64/libhwbinder.so
vendor/lib64/libhwfenceclient.so	unselected-review		
vendor/lib64/libhwliqinterface2.so	selected-present	piano:vendor/lib64/libhwliqinterface2.so	vendor/lib64/libhwliqinterface2.so
vendor/lib64/libhwlispcffdump.so	selected-present	piano:vendor/lib64/libhwlispcffdump.so	vendor/lib64/libhwlispcffdump.so
vendor/lib64/libiccprofile.so	unselected-review		
vendor/lib64/libidl.so	selected-present	sm8750-common:vendor/lib64/libidl.so	vendor/lib64/libidl.so
vendor/lib64/libimage_io.so	unselected-review		vendor/lib64/libimage_io.so
vendor/lib64/libintervmipc.so	selected-present	sm8750-common:vendor/lib64/libintervmipc.so	vendor/lib64/libintervmipc.so
vendor/lib64/libion.so	unselected-review		vendor/lib64/libion.so
vendor/lib64/libipanat.so	unselected-review		vendor/lib64/libipanat.so
vendor/lib64/libipebpsstriping.so	selected-present	piano:vendor/lib64/libipebpsstriping.so	vendor/lib64/libipebpsstriping.so
vendor/lib64/libipebpsstriping170.so	selected-present	piano:vendor/lib64/libipebpsstriping170.so	vendor/lib64/libipebpsstriping170.so
vendor/lib64/libipebpsstriping480.so	selected-present	piano:vendor/lib64/libipebpsstriping480.so	vendor/lib64/libipebpsstriping480.so
vendor/lib64/libiqdbgmgr.so	selected-present	piano:vendor/lib64/libiqdbgmgr.so	vendor/lib64/libiqdbgmgr.so
vendor/lib64/libisphwsetting.so	selected-present	piano:vendor/lib64/libisphwsetting.so	vendor/lib64/libisphwsetting.so
vendor/lib64/libizat_client_api.so	selected-present	sm8750-common:vendor/lib64/libizat_client_api.so	vendor/lib64/libizat_client_api.so
vendor/lib64/libizat_core.so	selected-present	sm8750-common:vendor/lib64/libizat_core.so	vendor/lib64/libizat_core.so
vendor/lib64/libjni_fdfeature.so	unselected-review		
vendor/lib64/libjni_imageutil.so	unselected-review		
vendor/lib64/libjnihelper.so	selected-present	sm8750-common:vendor/lib64/libjnihelper.so	vendor/lib64/libjnihelper.so
vendor/lib64/libjpeg.so	unselected-review		vendor/lib64/libjpeg.so
vendor/lib64/libjpegdecoder.so	selected-present	piano:vendor/lib64/libjpegdecoder.so	
vendor/lib64/libjpege.so	unselected-review		
vendor/lib64/libjpegencoder.so	selected-present	piano:vendor/lib64/libjpegencoder.so	
vendor/lib64/libjson.so	unselected-review		vendor/lib64/libjson.so
vendor/lib64/libjsoncpp.so	unselected-review		vendor/lib64/libjsoncpp.so
vendor/lib64/libkcl.so	selected-present	sm8750-common:vendor/lib64/libkcl.so	vendor/lib64/libkcl.so
vendor/lib64/libkcl_a730.so	selected-present	sm8750-common:vendor/lib64/libkcl_a730.so	vendor/lib64/libkcl_a730.so
vendor/lib64/libkernelmanager.so	selected-present	sm8750-common:vendor/lib64/libkernelmanager.so	vendor/lib64/libkernelmanager.so
vendor/lib64/libkeymaster_messages.so	unselected-review		vendor/lib64/libkeymaster_messages.so
vendor/lib64/libkeymaster_portable.so	unselected-review		
vendor/lib64/libkeymasterdeviceutils.so	selected-present	sm8750-common:vendor/lib64/libkeymasterdeviceutils.so	vendor/lib64/libkeymasterdeviceutils.so
vendor/lib64/libkeymasterprovision.so	selected-present	sm8750-common:vendor/lib64/libkeymasterprovision.so	vendor/lib64/libkeymasterprovision.so
vendor/lib64/libkeymasterutils.so	selected-present	sm8750-common:vendor/lib64/libkeymasterutils.so	vendor/lib64/libkeymasterutils.so
vendor/lib64/libkeystore-engine-wifi-hidl.so	unselected-review		vendor/lib64/libkeystore-engine-wifi-hidl.so
vendor/lib64/libkeystore-wifi-hidl.so	unselected-review		
vendor/lib64/liblbs_core.so	selected-present	sm8750-common:vendor/lib64/liblbs_core.so	vendor/lib64/liblbs_core.so
vendor/lib64/liblearningmodule.so	selected-present	sm8750-common:vendor/lib64/liblearningmodule.so	vendor/lib64/liblearningmodule.so
vendor/lib64/liblightninglaunches.so	selected-present	sm8750-common:vendor/lib64/liblightninglaunches.so	vendor/lib64/liblightninglaunches.so
vendor/lib64/liblistensoundmodel2vendor.so	selected-present	sm8750-common:vendor/lib64/liblistensoundmodel2vendor.so	vendor/lib64/liblistensoundmodel2vendor.so
vendor/lib64/liblistensoundmodelaidl.so	selected-present	sm8750-common:vendor/lib64/liblistensoundmodelaidl.so	vendor/lib64/liblistensoundmodelaidl.so
vendor/lib64/libllvm-glnext.so	selected-present	sm8750-common:vendor/lib64/libllvm-glnext.so	vendor/lib64/libllvm-glnext.so
vendor/lib64/libllvm-qcom.so	selected-present	sm8750-common:vendor/lib64/libllvm-qcom.so	vendor/lib64/libllvm-qcom.so
vendor/lib64/libllvm-qgl.so	selected-present	sm8750-common:vendor/lib64/libllvm-qgl.so	vendor/lib64/libllvm-qgl.so
vendor/lib64/liblmthermallistner.so	selected-present	sm8750-common:vendor/lib64/liblmthermallistner.so	vendor/lib64/liblmthermallistner.so
vendor/lib64/liblmutils-ns.so	selected-present	sm8750-common:vendor/lib64/liblmutils-ns.so	vendor/lib64/liblmutils-ns.so
vendor/lib64/libloadalgo_stub.so	selected-present	sm8750-common:vendor/lib64/libloadalgo_stub.so	vendor/lib64/libloadalgo_stub.so
vendor/lib64/libloadtrusteduiapp.so	unselected-review		
vendor/lib64/libloc_api_v02.so	selected-present	sm8750-common:vendor/lib64/libloc_api_v02.so	vendor/lib64/libloc_api_v02.so
vendor/lib64/libloc_api_wds.so	selected-present	sm8750-common:vendor/lib64/libloc_api_wds.so	vendor/lib64/libloc_api_wds.so
vendor/lib64/libloc_base_util.so	selected-present	sm8750-common:vendor/lib64/libloc_base_util.so	vendor/lib64/libloc_base_util.so
vendor/lib64/libloc_core.so	selected-present	sm8750-common:vendor/lib64/libloc_core.so	vendor/lib64/libloc_core.so
vendor/lib64/libloc_eng_hub.so	selected-present	sm8750-common:vendor/lib64/libloc_eng_hub.so	vendor/lib64/libloc_eng_hub.so
vendor/lib64/libloc_mq_client.so	selected-present	sm8750-common:vendor/lib64/libloc_mq_client.so	vendor/lib64/libloc_mq_client.so
vendor/lib64/libloc_qwes_iface.so	selected-present	sm8750-common:vendor/lib64/libloc_qwes_iface.so	vendor/lib64/libloc_qwes_iface.so
vendor/lib64/libloc_ril_client.so	unselected-review		
vendor/lib64/libloc_socket.so	selected-present	sm8750-common:vendor/lib64/libloc_socket.so	vendor/lib64/libloc_socket.so
vendor/lib64/libloc_util.so	selected-present	sm8750-common:vendor/lib64/libloc_util.so	vendor/lib64/libloc_util.so
vendor/lib64/liblocation_api.so	selected-present	sm8750-common:vendor/lib64/liblocation_api.so	vendor/lib64/liblocation_api.so
vendor/lib64/liblocation_api_msg.so	selected-present	sm8750-common:vendor/lib64/liblocation_api_msg.so	vendor/lib64/liblocation_api_msg.so
vendor/lib64/liblocation_client_api.so	selected-present	sm8750-common:vendor/lib64/liblocation_client_api.so	vendor/lib64/liblocation_client_api.so
vendor/lib64/liblocation_integration_api.so	selected-present	sm8750-common:vendor/lib64/liblocation_integration_api.so	vendor/lib64/liblocation_integration_api.so
vendor/lib64/liblocation_qesdk.so	selected-present	sm8750-common:vendor/lib64/liblocation_qesdk.so	vendor/lib64/liblocation_qesdk.so
vendor/lib64/liblocationservice.so	selected-present	sm8750-common:vendor/lib64/liblocationservice.so	vendor/lib64/liblocationservice.so
vendor/lib64/liblocationservice_glue.so	selected-present	sm8750-common:vendor/lib64/liblocationservice_glue.so	vendor/lib64/liblocationservice_glue.so
vendor/lib64/liblocdiagiface.so	selected-present	sm8750-common:vendor/lib64/liblocdiagiface.so	vendor/lib64/liblocdiagiface.so
vendor/lib64/liblowi_client.so	selected-present	sm8750-common:vendor/lib64/liblowi_client.so	vendor/lib64/liblowi_client.so
vendor/lib64/liblowi_common.so	selected-present	sm8750-common:vendor/lib64/liblowi_common.so	vendor/lib64/liblowi_common.so
vendor/lib64/liblowi_wifihal.so	selected-present	sm8750-common:vendor/lib64/liblowi_wifihal.so	vendor/lib64/liblowi_wifihal.so
vendor/lib64/liblqe.so	selected-present	sm8750-common:vendor/lib64/liblqe.so	vendor/lib64/liblqe.so
vendor/lib64/liblvacfs_wrapper.so	selected-present	sm8750-common:vendor/lib64/liblvacfs_wrapper.so	vendor/lib64/liblvacfs_wrapper.so
vendor/lib64/liblx-ar_util.so	selected-present	sm8750-common:vendor/lib64/liblx-ar_util.so	vendor/lib64/liblx-ar_util.so
vendor/lib64/liblx-osal.so	selected-present	sm8750-common:vendor/lib64/liblx-osal.so	vendor/lib64/liblx-osal.so
vendor/lib64/liblzma.so	unselected-review		vendor/lib64/liblzma.so
vendor/lib64/libmapdata_api.so	unselected-review		
vendor/lib64/libmapperutils.so	selected-present	sm8750-common:vendor/lib64/libmapperutils.so	vendor/lib64/libmapperutils.so
vendor/lib64/libmcs.so	selected-present	sm8750-common:vendor/lib64/libmcs.so	vendor/lib64/libmcs.so
vendor/lib64/libmctfengine_stub.so	unselected-review		
vendor/lib64/libmdmdetect.so	selected-present	sm8750-common:vendor/lib64/libmdmdetect.so	vendor/lib64/libmdmdetect.so
vendor/lib64/libmdsprpc.so	selected-present	sm8750-common:vendor/lib64/libmdsprpc.so	vendor/lib64/libmdsprpc.so
vendor/lib64/libmedia_helper.so	unselected-review		vendor/lib64/libmedia_helper.so
vendor/lib64/libmedia_omx.so	unselected-review		vendor/lib64/libmedia_omx.so
vendor/lib64/libmediautils_vendor.so	unselected-review		vendor/lib64/libmediautils_vendor.so
vendor/lib64/libmemperfd.so	selected-present	sm8750-common:vendor/lib64/libmemperfd.so	vendor/lib64/libmemperfd.so
vendor/lib64/libmemunreachable.so	unselected-review		vendor/lib64/libmemunreachable.so
vendor/lib64/libmemutils.so	selected-present	sm8750-common:vendor/lib64/libmemutils.so	vendor/lib64/libmemutils.so
vendor/lib64/libmeters-ns.so	selected-present	sm8750-common:vendor/lib64/libmeters-ns.so	vendor/lib64/libmeters-ns.so
vendor/lib64/libmeters.so	selected-present	sm8750-common:vendor/lib64/libmeters.so	vendor/lib64/libmeters.so
vendor/lib64/libmfGhostDetection.so	selected-present	piano:vendor/lib64/libmfGhostDetection.so	vendor/lib64/libmfGhostDetection.so
vendor/lib64/libmfec.so	unselected-review		
vendor/lib64/libmiStereoCalibLib_qual.so	selected-present	piano:vendor/lib64/libmiStereoCalibLib_qual.so	vendor/lib64/libmiStereoCalibLib_qual.so
vendor/lib64/libmialgo.so	selected-present	piano:vendor/lib64/libmialgo.so	vendor/lib64/libmialgo.so
vendor/lib64/libmialgo_ai_vision.so	selected-present	piano:vendor/lib64/libmialgo_ai_vision.so	vendor/lib64/libmialgo_ai_vision.so
vendor/lib64/libmialgo_aihighlight.so	selected-present	piano:vendor/lib64/libmialgo_aihighlight.so	vendor/lib64/libmialgo_aihighlight.so
vendor/lib64/libmialgoengine.so	selected-present	piano:vendor/lib64/libmialgoengine.so	vendor/lib64/libmialgoengine.so
vendor/lib64/libmialgoengine_custom.so	selected-present	piano:vendor/lib64/libmialgoengine_custom.so	vendor/lib64/libmialgoengine_custom.so
vendor/lib64/libmicamGlobalPool.so	selected-present	piano:vendor/lib64/libmicamGlobalPool.so	vendor/lib64/libmicamGlobalPool.so
vendor/lib64/libmicamera_adapter.so	selected-present	piano:vendor/lib64/libmicamera_adapter.so	vendor/lib64/libmicamera_adapter.so
vendor/lib64/libmicamera_aidl_device.so	selected-present	piano:vendor/lib64/libmicamera_aidl_device.so	vendor/lib64/libmicamera_aidl_device.so
vendor/lib64/libmicamera_aidl_provider.so	selected-present	piano:vendor/lib64/libmicamera_aidl_provider.so	vendor/lib64/libmicamera_aidl_provider.so
vendor/lib64/libmicamera_aidl_utils.so	selected-present	piano:vendor/lib64/libmicamera_aidl_utils.so	vendor/lib64/libmicamera_aidl_utils.so
vendor/lib64/libmicamera_fps_checker.so	selected-present	piano:vendor/lib64/libmicamera_fps_checker.so	vendor/lib64/libmicamera_fps_checker.so
vendor/lib64/libmicamera_hal_core.so	selected-present	piano:vendor/lib64/libmicamera_hal_core.so	vendor/lib64/libmicamera_hal_core.so
vendor/lib64/libmicamera_hal_policy.so	selected-present	piano:vendor/lib64/libmicamera_hal_policy.so	vendor/lib64/libmicamera_hal_policy.so
vendor/lib64/libmidatabase.so	selected-present	sm8750-common:vendor/lib64/libmidatabase.so	vendor/lib64/libmidatabase.so
vendor/lib64/libmikaraoke.so	selected-present	sm8750-common:vendor/lib64/libmikaraoke.so	vendor/lib64/libmikaraoke.so
vendor/lib64/libminijail.so	unselected-review		vendor/lib64/libminijail.so
vendor/lib64/libminikin.xiaomi.so	selected-present	piano:vendor/lib64/libminikin.xiaomi.so	vendor/lib64/libminikin.xiaomi.so
vendor/lib64/libminkdescriptor.so	selected-present	sm8750-common:vendor/lib64/libminkdescriptor.so	vendor/lib64/libminkdescriptor.so
vendor/lib64/libminkipcbinder_vendor.so	selected-present	piano:vendor/lib64/libminkipcbinder_vendor.so	vendor/lib64/libminkipcbinder_vendor.so
vendor/lib64/libminksocket_vendor.so	selected-present	sm8750-common:vendor/lib64/libminksocket_vendor.so	vendor/lib64/libminksocket_vendor.so
vendor/lib64/libmiracast.so	unselected-review		
vendor/lib64/libmis6.so	selected-present	sm8750-common:vendor/lib64/libmis6.so	vendor/lib64/libmis6.so
vendor/lib64/libmis_platform.so	selected-present	piano:vendor/lib64/libmis_platform.so	vendor/lib64/libmis_platform.so
vendor/lib64/libmis_plugin_dummy.so	selected-present	piano:vendor/lib64/libmis_plugin_dummy.so	vendor/lib64/libmis_plugin_dummy.so
vendor/lib64/libmis_plugin_his.so	selected-present	piano:vendor/lib64/libmis_plugin_his.so	vendor/lib64/libmis_plugin_his.so
vendor/lib64/libmisfpsop.so	selected-present	sm8750-common:vendor/lib64/libmisfpsop.so	vendor/lib64/libmisfpsop.so
vendor/lib64/libmisight.so	selected-present	sm8750-common:vendor/lib64/libmisight.so	vendor/lib64/libmisight.so
vendor/lib64/libmisops.so	selected-present	sm8750-common:vendor/lib64/libmisops.so	vendor/lib64/libmisops.so
vendor/lib64/libmisoundfx_aidl_ext.so	selected-present	sm8750-common:vendor/lib64/libmisoundfx_aidl_ext.so	vendor/lib64/libmisoundfx_aidl_ext.so
vendor/lib64/libmisoundsa.so	selected-present	sm8750-common:vendor/lib64/libmisoundsa.so	vendor/lib64/libmisoundsa.so
vendor/lib64/libmlremosaicengine.so	unselected-review		
vendor/lib64/libmm-hdcpmgr.so	selected-present	sm8750-common:vendor/lib64/libmm-hdcpmgr.so	vendor/lib64/libmm-hdcpmgr.so
vendor/lib64/libmm-omxcore.so	unselected-review		
vendor/lib64/libmmcamera_bestats.so	selected-present	piano:vendor/lib64/libmmcamera_bestats.so	vendor/lib64/libmmcamera_bestats.so
vendor/lib64/libmmcamera_cac.so	selected-present	piano:vendor/lib64/libmmcamera_cac.so	vendor/lib64/libmmcamera_cac.so
vendor/lib64/libmmcamera_lscv35.so	selected-present	piano:vendor/lib64/libmmcamera_lscv35.so	vendor/lib64/libmmcamera_lscv35.so
vendor/lib64/libmmcamera_mfnr.so	selected-present	piano:vendor/lib64/libmmcamera_mfnr.so	vendor/lib64/libmmcamera_mfnr.so
vendor/lib64/libmmcamera_mfnr_t4.so	selected-present	piano:vendor/lib64/libmmcamera_mfnr_t4.so	vendor/lib64/libmmcamera_mfnr_t4.so
vendor/lib64/libmmcamera_pdpc.so	selected-present	piano:vendor/lib64/libmmcamera_pdpc.so	vendor/lib64/libmmcamera_pdpc.so
vendor/lib64/libmmfp.so	selected-present	piano:vendor/lib64/libmmfp.so	vendor/lib64/libmmfp.so
vendor/lib64/libmmosal_vendor.so	selected-present	sm8750-common:vendor/lib64/libmmosal_vendor.so	vendor/lib64/libmmosal_vendor.so
vendor/lib64/libmmrtpdecoder_vendor.so	selected-present	sm8750-common:vendor/lib64/libmmrtpdecoder_vendor.so	vendor/lib64/libmmrtpdecoder_vendor.so
vendor/lib64/libmmrtpencoder_vendor.so	selected-present	sm8750-common:vendor/lib64/libmmrtpencoder_vendor.so	vendor/lib64/libmmrtpencoder_vendor.so
vendor/lib64/libmpbase.so	selected-present	piano:vendor/lib64/libmpbase.so	vendor/lib64/libmpbase.so
vendor/lib64/libnative-api.so	selected-present	sm8750-common:vendor/lib64/libnative-api.so	vendor/lib64/libnative-api.so
vendor/lib64/libnbaio_mono.so	unselected-review		vendor/lib64/libnbaio_mono.so
vendor/lib64/libnetfilter_conntrack.so	unselected-review		vendor/lib64/libnetfilter_conntrack.so
vendor/lib64/libnetutils.so	unselected-review		vendor/lib64/libnetutils.so
vendor/lib64/libnfnetlink.so	unselected-review		vendor/lib64/libnfnetlink.so
vendor/lib64/libnicm.so	selected-present	sm8750-common:vendor/lib64/libnicm.so	vendor/lib64/libnicm.so
vendor/lib64/libnicm_dsi.so	selected-present	sm8750-common:vendor/lib64/libnicm_dsi.so	vendor/lib64/libnicm_dsi.so
vendor/lib64/libnicm_interface.so	selected-present	sm8750-common:vendor/lib64/libnicm_interface.so	vendor/lib64/libnicm_interface.so
vendor/lib64/libnicm_internal.so	selected-present	sm8750-common:vendor/lib64/libnicm_internal.so	vendor/lib64/libnicm_internal.so
vendor/lib64/libnicm_modemproxy.so	selected-present	sm8750-common:vendor/lib64/libnicm_modemproxy.so	vendor/lib64/libnicm_modemproxy.so
vendor/lib64/libnicm_netlink.so	selected-present	sm8750-common:vendor/lib64/libnicm_netlink.so	vendor/lib64/libnicm_netlink.so
vendor/lib64/libnicm_recovery.so	selected-present	sm8750-common:vendor/lib64/libnicm_recovery.so	vendor/lib64/libnicm_recovery.so
vendor/lib64/libnicm_utils.so	selected-present	sm8750-common:vendor/lib64/libnicm_utils.so	vendor/lib64/libnicm_utils.so
vendor/lib64/libnicm_vh.so	selected-present	sm8750-common:vendor/lib64/libnicm_vh.so	vendor/lib64/libnicm_vh.so
vendor/lib64/libnl.so	unselected-review		vendor/lib64/libnl.so
vendor/lib64/libnspdependencyservice.so	selected-present	sm8750-common:vendor/lib64/libnspdependencyservice.so	vendor/lib64/libnspdependencyservice.so
vendor/lib64/libnspdescriptorhandlerservice.so	selected-present	sm8750-common:vendor/lib64/libnspdescriptorhandlerservice.so	vendor/lib64/libnspdescriptorhandlerservice.so
vendor/lib64/libnspdiagservice.so	selected-present	sm8750-common:vendor/lib64/libnspdiagservice.so	vendor/lib64/libnspdiagservice.so
vendor/lib64/libnspextensionloaderservice.so	selected-present	sm8750-common:vendor/lib64/libnspextensionloaderservice.so	vendor/lib64/libnspextensionloaderservice.so
vendor/lib64/libnspextensionsuperresolutionservice.so	selected-present	sm8750-common:vendor/lib64/libnspextensionsuperresolutionservice.so	vendor/lib64/libnspextensionsuperresolutionservice.so
vendor/lib64/libnspframework.so	selected-present	sm8750-common:vendor/lib64/libnspframework.so	vendor/lib64/libnspframework.so
vendor/lib64/libnspframeworkcoreservice.so	selected-present	sm8750-common:vendor/lib64/libnspframeworkcoreservice.so	vendor/lib64/libnspframeworkcoreservice.so
vendor/lib64/libnspframeworkcoreutilityservice.so	selected-present	sm8750-common:vendor/lib64/libnspframeworkcoreutilityservice.so	vendor/lib64/libnspframeworkcoreutilityservice.so
vendor/lib64/libnspgraphingservice.so	selected-present	sm8750-common:vendor/lib64/libnspgraphingservice.so	vendor/lib64/libnspgraphingservice.so
vendor/lib64/libnspipcservice.so	selected-present	sm8750-common:vendor/lib64/libnspipcservice.so	vendor/lib64/libnspipcservice.so
vendor/lib64/libnsposalservice.so	selected-present	sm8750-common:vendor/lib64/libnsposalservice.so	vendor/lib64/libnsposalservice.so
vendor/lib64/libnspresourceservice.so	selected-present	sm8750-common:vendor/lib64/libnspresourceservice.so	vendor/lib64/libnspresourceservice.so
vendor/lib64/libnspschedulerservice.so	selected-present	sm8750-common:vendor/lib64/libnspschedulerservice.so	vendor/lib64/libnspschedulerservice.so
vendor/lib64/libnspsessionservice.so	selected-present	sm8750-common:vendor/lib64/libnspsessionservice.so	vendor/lib64/libnspsessionservice.so
vendor/lib64/libnsptransactionservice.so	selected-present	sm8750-common:vendor/lib64/libnsptransactionservice.so	vendor/lib64/libnsptransactionservice.so
vendor/lib64/liboem_specific.so	unselected-review		
vendor/lib64/liboemaids_vendor.so	unselected-review		
vendor/lib64/liboemcrypto.so	selected-present	sm8750-common:vendor/lib64/liboemcrypto.so	vendor/lib64/liboemcrypto.so
vendor/lib64/libofestriping.so	selected-present	piano:vendor/lib64/libofestriping.so	vendor/lib64/libofestriping.so
vendor/lib64/libofflinedebugdata.so	selected-present	piano:vendor/lib64/libofflinedebugdata.so	vendor/lib64/libofflinedebugdata.so
vendor/lib64/liboffloadhal.so	unselected-review		vendor/lib64/liboffloadhal.so
vendor/lib64/liboffscreenpoweroptfeature.so	selected-present	sm8750-common:vendor/lib64/liboffscreenpoweroptfeature.so	vendor/lib64/liboffscreenpoweroptfeature.so
vendor/lib64/libois_channel_stub.so	selected-present	piano:vendor/lib64/libois_channel_stub.so	vendor/lib64/libois_channel_stub.so
vendor/lib64/liboischannel.so	selected-present	piano:vendor/lib64/liboischannel.so	vendor/lib64/liboischannel.so
vendor/lib64/libopencl_loader.so	selected-present	piano:vendor/lib64/libopencl_loader.so	vendor/lib64/libopencl_loader.so
vendor/lib64/libopencv.so	unselected-review		
vendor/lib64/libopencv3a.so	selected-present	piano:vendor/lib64/libopencv3a.so	vendor/lib64/libopencv3a.so
vendor/lib64/libopencv_core.so	selected-present	piano:vendor/lib64/libopencv_core.so	vendor/lib64/libopencv_core.so
vendor/lib64/libopencv_core_se.so	selected-present	piano:vendor/lib64/libopencv_core_se.so	
vendor/lib64/libopencv_imgproc.so	selected-present	piano:vendor/lib64/libopencv_imgproc.so	vendor/lib64/libopencv_imgproc.so
vendor/lib64/libopencv_imgproc_se.so	selected-present	piano:vendor/lib64/libopencv_imgproc_se.so	
vendor/lib64/libopestriping.so	selected-present	piano:vendor/lib64/libopestriping.so	vendor/lib64/libopestriping.so
vendor/lib64/libops.so	selected-present	sm8750-common:vendor/lib64/libops.so	vendor/lib64/libops.so
vendor/lib64/libos.so	selected-present	sm8750-common:vendor/lib64/libos.so	vendor/lib64/libos.so
vendor/lib64/libozoaudio.so	selected-present	sm8750-common:vendor/lib64/libozoaudio.so	vendor/lib64/libozoaudio.so
vendor/lib64/libozoaudioutils.so	selected-present	sm8750-common:vendor/lib64/libozoaudioutils.so	vendor/lib64/libozoaudioutils.so
vendor/lib64/libozocapability.so	selected-present	sm8750-common:vendor/lib64/libozocapability.so	vendor/lib64/libozocapability.so
vendor/lib64/libozotensorflowlite_c.so	selected-present	sm8750-common:vendor/lib64/libozotensorflowlite_c.so	vendor/lib64/libozotensorflowlite_c.so
vendor/lib64/libpal_net_if.so	selected-present	sm8750-common:vendor/lib64/libpal_net_if.so	vendor/lib64/libpal_net_if.so
vendor/lib64/libpalclient.so	selected-present	sm8750-common:vendor/lib64/libpalclient.so	vendor/lib64/libpalclient.so
vendor/lib64/libpaleventnotifier.so	selected-present	sm8750-common:vendor/lib64/libpaleventnotifier.so	vendor/lib64/libpaleventnotifier.so
vendor/lib64/libpalipcservice.so	selected-present	sm8750-common:vendor/lib64/libpalipcservice.so	vendor/lib64/libpalipcservice.so
vendor/lib64/libpasn.so	unselected-review		vendor/lib64/libpasn.so
vendor/lib64/libpasrutils.so	selected-present	sm8750-common:vendor/lib64/libpasrutils.so	vendor/lib64/libpasrutils.so
vendor/lib64/libpcap.so	unselected-review		
vendor/lib64/libpdmapper.so	selected-present	sm8750-common:vendor/lib64/libpdmapper.so	vendor/lib64/libpdmapper.so
vendor/lib64/libpdnotifier.so	selected-present	sm8750-common:vendor/lib64/libpdnotifier.so	vendor/lib64/libpdnotifier.so
vendor/lib64/libperfconfig.so	selected-present	sm8750-common:vendor/lib64/libperfconfig.so	vendor/lib64/libperfconfig.so
vendor/lib64/libperfdb.so	unselected-review		
vendor/lib64/libperfioctl.so	selected-present	sm8750-common:vendor/lib64/libperfioctl.so	vendor/lib64/libperfioctl.so
vendor/lib64/libperipheral_client.so	selected-present	sm8750-common:vendor/lib64/libperipheral_client.so	vendor/lib64/libperipheral_client.so
vendor/lib64/libpiex.so	unselected-review		vendor/lib64/libpiex.so
vendor/lib64/libplatformconfig.so	unselected-review		
vendor/lib64/libpng.so	unselected-review		vendor/lib64/libpng.so
vendor/lib64/libpolygon.so	unselected-review		
vendor/lib64/libpostprocinfo.so	selected-present	piano:vendor/lib64/libpostprocinfo.so	vendor/lib64/libpostprocinfo.so
vendor/lib64/libpower.so	unselected-review		vendor/lib64/libpower.so
vendor/lib64/libpowercallback.so	selected-present	sm8750-common:vendor/lib64/libpowercallback.so	vendor/lib64/libpowercallback.so
vendor/lib64/libpowercore.so	selected-present	sm8750-common:vendor/lib64/libpowercore.so	vendor/lib64/libpowercore.so
vendor/lib64/libprefapps.so	selected-present	sm8750-common:vendor/lib64/libprefapps.so	vendor/lib64/libprefapps.so
vendor/lib64/libprekill.so	selected-present	sm8750-common:vendor/lib64/libprekill.so	vendor/lib64/libprekill.so
vendor/lib64/libprocessgroup.so	unselected-review		vendor/lib64/libprocessgroup.so
vendor/lib64/libprocinfo.so	unselected-review		
vendor/lib64/libprocomp.so	selected-present	sm8750-common:vendor/lib64/libprocomp.so	vendor/lib64/libprocomp.so
vendor/lib64/libproj_qmot_tracker.so	selected-present	piano:vendor/lib64/libproj_qmot_tracker.so	vendor/lib64/libproj_qmot_tracker.so
vendor/lib64/libproj_sot.so	selected-present	piano:vendor/lib64/libproj_sot.so	vendor/lib64/libproj_sot.so
vendor/lib64/libprotobuf-cpp-full-21.12.so	unselected-review		vendor/lib64/libprotobuf-cpp-full-21.12.so
vendor/lib64/libprotobuf-cpp-lite-21.12.so	unselected-review		vendor/lib64/libprotobuf-cpp-lite-21.12.so
vendor/lib64/libpsi.so	unselected-review		
vendor/lib64/libpsmoptfeature.so	selected-present	sm8750-common:vendor/lib64/libpsmoptfeature.so	vendor/lib64/libpsmoptfeature.so
vendor/lib64/libq-perflog.so	selected-present	sm8750-common:vendor/lib64/libq-perflog.so	vendor/lib64/libq-perflog.so
vendor/lib64/libq3dtools_adreno.so	unselected-review		vendor/lib64/libq3dtools_adreno.so
vendor/lib64/libqape_oem_ext.so	unselected-review		
vendor/lib64/libqapesdk.so	selected-present	sm8750-common:vendor/lib64/libqapesdk.so	vendor/lib64/libqapesdk.so
vendor/lib64/libqasr.so	selected-present	sm8750-common:vendor/lib64/libqasr.so	vendor/lib64/libqasr.so
vendor/lib64/libqc2audio_base.so	selected-present	sm8750-common:vendor/lib64/libqc2audio_base.so	vendor/lib64/libqc2audio_base.so
vendor/lib64/libqc2audio_basecodec.so	selected-present	sm8750-common:vendor/lib64/libqc2audio_basecodec.so	vendor/lib64/libqc2audio_basecodec.so
vendor/lib64/libqc2audio_core.so	selected-present	sm8750-common:vendor/lib64/libqc2audio_core.so	vendor/lib64/libqc2audio_core.so
vendor/lib64/libqc2audio_hooks.so	selected-present	sm8750-common:vendor/lib64/libqc2audio_hooks.so	vendor/lib64/libqc2audio_hooks.so
vendor/lib64/libqc2audio_hwaudiocodec.so	selected-present	sm8750-common:vendor/lib64/libqc2audio_hwaudiocodec.so	vendor/lib64/libqc2audio_hwaudiocodec.so
vendor/lib64/libqc2audio_platform.so	selected-present	sm8750-common:vendor/lib64/libqc2audio_platform.so	vendor/lib64/libqc2audio_platform.so
vendor/lib64/libqc2audio_swaudiocodec.so	selected-present	sm8750-common:vendor/lib64/libqc2audio_swaudiocodec.so	vendor/lib64/libqc2audio_swaudiocodec.so
vendor/lib64/libqc2audio_utils.so	selected-present	sm8750-common:vendor/lib64/libqc2audio_utils.so	vendor/lib64/libqc2audio_utils.so
vendor/lib64/libqc2vppfilter.so	selected-present	sm8750-common:vendor/lib64/libqc2vppfilter.so	vendor/lib64/libqc2vppfilter.so
vendor/lib64/libqcbor.so	selected-present	sm8750-common:vendor/lib64/libqcbor.so	vendor/lib64/libqcbor.so
vendor/lib64/libqcc_file_agent.so	selected-present	sm8750-common:vendor/lib64/libqcc_file_agent.so	vendor/lib64/libqcc_file_agent.so
vendor/lib64/libqcc_sdk.so	selected-present	sm8750-common:vendor/lib64/libqcc_sdk.so	vendor/lib64/libqcc_sdk.so
vendor/lib64/libqcci_legacy.so	selected-present	sm8750-common:vendor/lib64/libqcci_legacy.so	vendor/lib64/libqcci_legacy.so
vendor/lib64/libqcmaputils.so	selected-present	sm8750-common:vendor/lib64/libqcmaputils.so	vendor/lib64/libqcmaputils.so
vendor/lib64/libqcodec2_base.so	selected-present	sm8750-common:vendor/lib64/libqcodec2_base.so	vendor/lib64/libqcodec2_base.so
vendor/lib64/libqcodec2_basecodec.so	selected-present	sm8750-common:vendor/lib64/libqcodec2_basecodec.so	vendor/lib64/libqcodec2_basecodec.so
vendor/lib64/libqcodec2_core.so	selected-present	sm8750-common:vendor/lib64/libqcodec2_core.so	vendor/lib64/libqcodec2_core.so
vendor/lib64/libqcodec2_cvpfilter.so	selected-present	sm8750-common:vendor/lib64/libqcodec2_cvpfilter.so	vendor/lib64/libqcodec2_cvpfilter.so
vendor/lib64/libqcodec2_dolbydecoderfilter.so	selected-present	sm8750-common:vendor/lib64/libqcodec2_dolbydecoderfilter.so	vendor/lib64/libqcodec2_dolbydecoderfilter.so
vendor/lib64/libqcodec2_filterbase.so	selected-present	sm8750-common:vendor/lib64/libqcodec2_filterbase.so	vendor/lib64/libqcodec2_filterbase.so
vendor/lib64/libqcodec2_hooks.so	selected-present	sm8750-common:vendor/lib64/libqcodec2_hooks.so	vendor/lib64/libqcodec2_hooks.so
vendor/lib64/libqcodec2_imgtxrfilter.so	selected-present	sm8750-common:vendor/lib64/libqcodec2_imgtxrfilter.so	vendor/lib64/libqcodec2_imgtxrfilter.so
vendor/lib64/libqcodec2_mockfilter.so	selected-present	sm8750-common:vendor/lib64/libqcodec2_mockfilter.so	vendor/lib64/libqcodec2_mockfilter.so
vendor/lib64/libqcodec2_platform.so	selected-present	sm8750-common:vendor/lib64/libqcodec2_platform.so	vendor/lib64/libqcodec2_platform.so
vendor/lib64/libqcodec2_psfilter.so	selected-present	sm8750-common:vendor/lib64/libqcodec2_psfilter.so	vendor/lib64/libqcodec2_psfilter.so
vendor/lib64/libqcodec2_rffilter.so	selected-present	sm8750-common:vendor/lib64/libqcodec2_rffilter.so	vendor/lib64/libqcodec2_rffilter.so
vendor/lib64/libqcodec2_srfilter.so	selected-present	sm8750-common:vendor/lib64/libqcodec2_srfilter.so	vendor/lib64/libqcodec2_srfilter.so
vendor/lib64/libqcodec2_streaminteg_filter.so	selected-present	sm8750-common:vendor/lib64/libqcodec2_streaminteg_filter.so	vendor/lib64/libqcodec2_streaminteg_filter.so
vendor/lib64/libqcodec2_utils.so	selected-present	sm8750-common:vendor/lib64/libqcodec2_utils.so	vendor/lib64/libqcodec2_utils.so
vendor/lib64/libqcodec2_v4l2codec.so	selected-present	sm8750-common:vendor/lib64/libqcodec2_v4l2codec.so	vendor/lib64/libqcodec2_v4l2codec.so
vendor/lib64/libqcodec2_videofrcfilter.so	selected-present	sm8750-common:vendor/lib64/libqcodec2_videofrcfilter.so	vendor/lib64/libqcodec2_videofrcfilter.so
vendor/lib64/libqcrilDataModule.so	selected-present	sm8750-common:vendor/lib64/libqcrilDataModule.so	vendor/lib64/libqcrilDataModule.so
vendor/lib64/libqcrilNr.so	selected-present	sm8750-common:vendor/lib64/libqcrilNr.so	vendor/lib64/libqcrilNr.so
vendor/lib64/libqcrilNrCellInfoModule.so	selected-present	sm8750-common:vendor/lib64/libqcrilNrCellInfoModule.so	vendor/lib64/libqcrilNrCellInfoModule.so
vendor/lib64/libqcrilNrFramework.so	selected-present	sm8750-common:vendor/lib64/libqcrilNrFramework.so	vendor/lib64/libqcrilNrFramework.so
vendor/lib64/libqcrilNrImsModule.so	selected-present	sm8750-common:vendor/lib64/libqcrilNrImsModule.so	vendor/lib64/libqcrilNrImsModule.so
vendor/lib64/libqcrilNrLogger.so	selected-present	sm8750-common:vendor/lib64/libqcrilNrLogger.so	vendor/lib64/libqcrilNrLogger.so
vendor/lib64/libqcrilNrPbmModule.so	selected-present	sm8750-common:vendor/lib64/libqcrilNrPbmModule.so	vendor/lib64/libqcrilNrPbmModule.so
vendor/lib64/libqcrilNrQtiBus.so	selected-present	sm8750-common:vendor/lib64/libqcrilNrQtiBus.so	vendor/lib64/libqcrilNrQtiBus.so
vendor/lib64/libqcrilNrQtiMutex.so	selected-present	sm8750-common:vendor/lib64/libqcrilNrQtiMutex.so	vendor/lib64/libqcrilNrQtiMutex.so
vendor/lib64/libqcrilNrSmsModule.so	selected-present	sm8750-common:vendor/lib64/libqcrilNrSmsModule.so	vendor/lib64/libqcrilNrSmsModule.so
vendor/lib64/libqcrilNrSocketModule.so	selected-present	sm8750-common:vendor/lib64/libqcrilNrSocketModule.so	vendor/lib64/libqcrilNrSocketModule.so
vendor/lib64/libqcrilNrVoiceModule.so	selected-present	sm8750-common:vendor/lib64/libqcrilNrVoiceModule.so	vendor/lib64/libqcrilNrVoiceModule.so
vendor/lib64/libqcrildataaidl.so	selected-present	sm8750-common:vendor/lib64/libqcrildataaidl.so	vendor/lib64/libqcrildataaidl.so
vendor/lib64/libqcrildatactl.so	selected-present	sm8750-common:vendor/lib64/libqcrildatactl.so	vendor/lib64/libqcrildatactl.so
vendor/lib64/libqcrildataqos.so	selected-present	sm8750-common:vendor/lib64/libqcrildataqos.so	vendor/lib64/libqcrildataqos.so
vendor/lib64/libqdMetaData.so	selected-present	sm8750-common:vendor/lib64/libqdMetaData.so	vendor/lib64/libqdMetaData.so
vendor/lib64/libqdcm-algo.so	selected-present	sm8750-common:vendor/lib64/libqdcm-algo.so	vendor/lib64/libqdcm-algo.so
vendor/lib64/libqdcm-json-mode-parser.so	selected-present	sm8750-common:vendor/lib64/libqdcm-json-mode-parser.so	vendor/lib64/libqdcm-json-mode-parser.so
vendor/lib64/libqdcm-mode-parser.so	selected-present	sm8750-common:vendor/lib64/libqdcm-mode-parser.so	vendor/lib64/libqdcm-mode-parser.so
vendor/lib64/libqdi.so	selected-present	sm8750-common:vendor/lib64/libqdi.so	vendor/lib64/libqdi.so
vendor/lib64/libqdp.so	selected-present	sm8750-common:vendor/lib64/libqdp.so	vendor/lib64/libqdp.so
vendor/lib64/libqdpr.so	selected-present	sm8750-common:vendor/lib64/libqdpr.so	vendor/lib64/libqdpr.so
vendor/lib64/libqdutils.so	selected-present	sm8750-common:vendor/lib64/libqdutils.so	vendor/lib64/libqdutils.so
vendor/lib64/libqesdk2_0.so	selected-present	sm8750-common:vendor/lib64/libqesdk2_0.so	vendor/lib64/libqesdk2_0.so
vendor/lib64/libqesdk_manager.so	selected-present	sm8750-common:vendor/lib64/libqesdk_manager.so	vendor/lib64/libqesdk_manager.so
vendor/lib64/libqesdoem_query_sys.so	selected-present	sm8750-common:vendor/lib64/libqesdoem_query_sys.so	vendor/lib64/libqesdoem_query_sys.so
vendor/lib64/libqfdadapter.so	unselected-review		
vendor/lib64/libqfdservice.so	selected-present	piano:vendor/lib64/libqfdservice.so	vendor/lib64/libqfdservice.so
vendor/lib64/libqisl.so	selected-present	sm8750-common:vendor/lib64/libqisl.so	vendor/lib64/libqisl.so
vendor/lib64/libqll.so	unselected-review		
vendor/lib64/libqllengine.so	unselected-review		
vendor/lib64/libqmi.so	selected-present	sm8750-common:vendor/lib64/libqmi.so	vendor/lib64/libqmi.so
vendor/lib64/libqmi_cci.so	selected-present	sm8750-common:vendor/lib64/libqmi_cci.so	vendor/lib64/libqmi_cci.so
vendor/lib64/libqmi_client_helper.so	selected-present	sm8750-common:vendor/lib64/libqmi_client_helper.so	vendor/lib64/libqmi_client_helper.so
vendor/lib64/libqmi_client_qmux.so	selected-present	sm8750-common:vendor/lib64/libqmi_client_qmux.so	vendor/lib64/libqmi_client_qmux.so
vendor/lib64/libqmi_common_so.so	selected-present	sm8750-common:vendor/lib64/libqmi_common_so.so	vendor/lib64/libqmi_common_so.so
vendor/lib64/libqmi_csi.so	selected-present	sm8750-common:vendor/lib64/libqmi_csi.so	vendor/lib64/libqmi_csi.so
vendor/lib64/libqmi_csvt_srvc.so	selected-present	sm8750-common:vendor/lib64/libqmi_csvt_srvc.so	vendor/lib64/libqmi_csvt_srvc.so
vendor/lib64/libqmi_encdec.so	selected-present	sm8750-common:vendor/lib64/libqmi_encdec.so	vendor/lib64/libqmi_encdec.so
vendor/lib64/libqmi_legacy.so	selected-present	sm8750-common:vendor/lib64/libqmi_legacy.so	vendor/lib64/libqmi_legacy.so
vendor/lib64/libqmiextservices.so	selected-present	sm8750-common:vendor/lib64/libqmiextservices.so	vendor/lib64/libqmiextservices.so
vendor/lib64/libqmiservices.so	selected-present	sm8750-common:vendor/lib64/libqmiservices.so	vendor/lib64/libqmiservices.so
vendor/lib64/libqms.so	selected-present	sm8750-common:vendor/lib64/libqms.so	vendor/lib64/libqms.so
vendor/lib64/libqms_client.so	selected-present	sm8750-common:vendor/lib64/libqms_client.so	vendor/lib64/libqms_client.so
vendor/lib64/libqms_optimized_route_mgr_sdk.so	unselected-review		
vendor/lib64/libqms_packetstats_sdk.so	unselected-review		
vendor/lib64/libqms_sdf_sdk.so	unselected-review		
vendor/lib64/libqrtr.so	selected-present	sm8750-common:vendor/lib64/libqrtr.so	vendor/lib64/libqrtr.so
vendor/lib64/libqrtrclient.so	selected-present	sm8750-common:vendor/lib64/libqrtrclient.so	vendor/lib64/libqrtrclient.so
vendor/lib64/libqseed3.so	selected-present	sm8750-common:vendor/lib64/libqseed3.so	vendor/lib64/libqseed3.so
vendor/lib64/libqsegnet.so	unselected-review		
vendor/lib64/libqservice.so	selected-present	sm8750-common:vendor/lib64/libqservice.so	vendor/lib64/libqservice.so
vendor/lib64/libqsh.so	selected-present	sm8750-common:vendor/lib64/libqsh.so	vendor/lib64/libqsh.so
vendor/lib64/libqsh_ble_pb.so	selected-present	piano:vendor/lib64/libqsh_ble_pb.so	vendor/lib64/libqsh_ble_pb.so
vendor/lib64/libqsh_wifi_test.so	unselected-review		
vendor/lib64/libqshcamera.so	selected-present	piano:vendor/lib64/libqshcamera.so	vendor/lib64/libqshcamera.so
vendor/lib64/libqsocket.so	selected-present	sm8750-common:vendor/lib64/libqsocket.so	vendor/lib64/libqsocket.so
vendor/lib64/libqspm-mem-utils-vendor.so	selected-present	sm8750-common:vendor/lib64/libqspm-mem-utils-vendor.so	vendor/lib64/libqspm-mem-utils-vendor.so
vendor/lib64/libqtbase.so	unselected-review		
vendor/lib64/libqti-MemHal-client.so	unselected-review		
vendor/lib64/libqti-appclassifier.so	unselected-review		
vendor/lib64/libqti-jankrescue.so	unselected-review		
vendor/lib64/libqti-lllite.so	unselected-review		
vendor/lib64/libqti-perfd-client.so	selected-present	sm8750-common:vendor/lib64/libqti-perfd-client.so	vendor/lib64/libqti-perfd-client.so
vendor/lib64/libqti-perfd.so	selected-present	sm8750-common:vendor/lib64/libqti-perfd.so	vendor/lib64/libqti-perfd.so
vendor/lib64/libqti-perfextn-intf.so	selected-present	sm8750-common:vendor/lib64/libqti-perfextn-intf.so	vendor/lib64/libqti-perfextn-intf.so
vendor/lib64/libqti-qesdk-secure.so	selected-present	sm8750-common:vendor/lib64/libqti-qesdk-secure.so	vendor/lib64/libqti-qesdk-secure.so
vendor/lib64/libqti-s3tf.so	selected-present	sm8750-common:vendor/lib64/libqti-s3tf.so	vendor/lib64/libqti-s3tf.so
vendor/lib64/libqti-scenariod.so	selected-present	sm8750-common:vendor/lib64/libqti-scenariod.so	vendor/lib64/libqti-scenariod.so
vendor/lib64/libqti-sslite.so	unselected-review		
vendor/lib64/libqti-util.so	selected-present	sm8750-common:vendor/lib64/libqti-util.so	vendor/lib64/libqti-util.so
vendor/lib64/libqti-utils.so	selected-present	sm8750-common:vendor/lib64/libqti-utils.so	vendor/lib64/libqti-utils.so
vendor/lib64/libqti_vndfwk_detect.so	unselected-review		vendor/lib64/libqti_vndfwk_detect.so
vendor/lib64/libqti_vndfwk_detect_vendor.so	unselected-review		vendor/lib64/libqti_vndfwk_detect_vendor.so
vendor/lib64/libqtigefar.so	selected-present	sm8750-common:vendor/lib64/libqtigefar.so	vendor/lib64/libqtigefar.so
vendor/lib64/libqtikeymaster4.so	selected-present	sm8750-common:vendor/lib64/libqtikeymaster4.so	vendor/lib64/libqtikeymaster4.so
vendor/lib64/libqtikeymint.so	selected-present	sm8750-common:vendor/lib64/libqtikeymint.so	vendor/lib64/libqtikeymint.so
vendor/lib64/libqtjsonhelper.so	unselected-review		
vendor/lib64/libqtnodes.so	unselected-review		
vendor/lib64/libqttestclient.so	unselected-review		
vendor/lib64/libqttestservice.so	unselected-review		
vendor/lib64/libqvr_cam_cdsp_driver_stub.so	unselected-review		
vendor/lib64/libqvr_cdsp_driver_stub.so	unselected-review		
vendor/lib64/libqvr_eyetracking_plugin.so	unselected-review		
vendor/lib64/libqvrcamera_client.qti.so	selected-present	piano:vendor/lib64/libqvrcamera_client.qti.so	vendor/lib64/libqvrcamera_client.qti.so
vendor/lib64/libqvrcameraplayback.so	selected-present	sm8750-common:vendor/lib64/libqvrcameraplayback.so	vendor/lib64/libqvrcameraplayback.so
vendor/lib64/libqvrservice.so	unselected-review		
vendor/lib64/libqvrservice_client.qti.so	selected-present	sm8750-common:vendor/lib64/libqvrservice_client.qti.so	vendor/lib64/libqvrservice_client.qti.so
vendor/lib64/libqwes.so	unselected-review		
vendor/lib64/librcc.so	selected-present	sm8750-common:vendor/lib64/librcc.so	vendor/lib64/librcc.so
vendor/lib64/librcmask.so	selected-present	sm8750-common:vendor/lib64/librcmask.so	vendor/lib64/librcmask.so
vendor/lib64/librecovery_updater.so	unselected-review		
vendor/lib64/librecovery_updater_msm.so	unselected-review		
vendor/lib64/libreference-ril.so	unselected-review		vendor/lib64/libreference-ril.so
vendor/lib64/libreffeature.so	unselected-review		
vendor/lib64/libresourcemanager.so	selected-present	sm8750-common:vendor/lib64/libresourcemanager.so	vendor/lib64/libresourcemanager.so
vendor/lib64/libril-db.so	selected-present	sm8750-common:vendor/lib64/libril-db.so	vendor/lib64/libril-db.so
vendor/lib64/libril-legacy.so	selected-present	sm8750-common:vendor/lib64/libril-legacy.so	vendor/lib64/libril-legacy.so
vendor/lib64/libril-qc-ltedirectdisc.so	selected-present	sm8750-common:vendor/lib64/libril-qc-ltedirectdisc.so	vendor/lib64/libril-qc-ltedirectdisc.so
vendor/lib64/libril-qc-radioconfig.so	selected-present	sm8750-common:vendor/lib64/libril-qc-radioconfig.so	vendor/lib64/libril-qc-radioconfig.so
vendor/lib64/libril.so	unselected-review		vendor/lib64/libril.so
vendor/lib64/librilqmimiscservices.so	selected-present	sm8750-common:vendor/lib64/librilqmimiscservices.so	vendor/lib64/librilqmimiscservices.so
vendor/lib64/librilutils.so	unselected-review		vendor/lib64/librilutils.so
vendor/lib64/librmnetctl.so	unselected-review		vendor/lib64/librmnetctl.so
vendor/lib64/librpmb.so	selected-present	sm8750-common:vendor/lib64/librpmb.so	vendor/lib64/librpmb.so
vendor/lib64/libruy.so	unselected-review		
vendor/lib64/libsagt.so	selected-present	sm8750-common:vendor/lib64/libsagt.so	vendor/lib64/libsagt.so
vendor/lib64/libsamplefilterplugin.so	unselected-review		
vendor/lib64/libsbprovision.so	unselected-review		
vendor/lib64/libscveCommon.so	selected-present	sm8750-common:vendor/lib64/libscveCommon.so	vendor/lib64/libscveCommon.so
vendor/lib64/libscveCommon_stub.so	selected-present	sm8750-common:vendor/lib64/libscveCommon_stub.so	vendor/lib64/libscveCommon_stub.so
vendor/lib64/libscveObjectSegmentation.so	selected-present	sm8750-common:vendor/lib64/libscveObjectSegmentation.so	vendor/lib64/libscveObjectSegmentation.so
vendor/lib64/libscveObjectTracker.so	selected-present	sm8750-common:vendor/lib64/libscveObjectTracker.so	vendor/lib64/libscveObjectTracker.so
vendor/lib64/libscveObjectTracker_stub.so	selected-present	sm8750-common:vendor/lib64/libscveObjectTracker_stub.so	vendor/lib64/libscveObjectTracker_stub.so
vendor/lib64/libsdedrm.so	selected-present	sm8750-common:vendor/lib64/libsdedrm.so	vendor/lib64/libsdedrm.so
vendor/lib64/libsdm-brightnessaware-parser.so	selected-present	sm8750-common:vendor/lib64/libsdm-brightnessaware-parser.so	vendor/lib64/libsdm-brightnessaware-parser.so
vendor/lib64/libsdm-color.so	selected-present	sm8750-common:vendor/lib64/libsdm-color.so	vendor/lib64/libsdm-color.so
vendor/lib64/libsdm-colormgr-algo.so	selected-present	sm8750-common:vendor/lib64/libsdm-colormgr-algo.so	vendor/lib64/libsdm-colormgr-algo.so
vendor/lib64/libsdm-disp-vndapis.so	selected-present	sm8750-common:vendor/lib64/libsdm-disp-vndapis.so	vendor/lib64/libsdm-disp-vndapis.so
vendor/lib64/libsdmclient.so	selected-present	sm8750-common:vendor/lib64/libsdmclient.so	vendor/lib64/libsdmclient.so
vendor/lib64/libsdmcore.so	selected-present	sm8750-common:vendor/lib64/libsdmcore.so	vendor/lib64/libsdmcore.so
vendor/lib64/libsdmdal.so	selected-present	sm8750-common:vendor/lib64/libsdmdal.so	vendor/lib64/libsdmdal.so
vendor/lib64/libsdmextension.so	selected-present	sm8750-common:vendor/lib64/libsdmextension.so	vendor/lib64/libsdmextension.so
vendor/lib64/libsdmutils.so	selected-present	sm8750-common:vendor/lib64/libsdmutils.so	vendor/lib64/libsdmutils.so
vendor/lib64/libsdsprpc.so	selected-present	sm8750-common:vendor/lib64/libsdsprpc.so	vendor/lib64/libsdsprpc.so
vendor/lib64/libseclog.so	selected-present	sm8750-common:vendor/lib64/libseclog.so	vendor/lib64/libseclog.so
vendor/lib64/libsensinghubapi.so	unselected-review		
vendor/lib64/libsensinghubsession.so	unselected-review		
vendor/lib64/libsensor_calibration.so	selected-present	sm8750-common:vendor/lib64/libsensor_calibration.so	vendor/lib64/libsensor_calibration.so
vendor/lib64/libsensorcal.so	selected-present	sm8750-common:vendor/lib64/libsensorcal.so	vendor/lib64/libsensorcal.so
vendor/lib64/libsensorndkbridge.so	unselected-review		vendor/lib64/libsensorndkbridge.so
vendor/lib64/libsensorslog.so	selected-present	sm8750-common:vendor/lib64/libsensorslog.so	vendor/lib64/libsensorslog.so
vendor/lib64/libsfeShiftExtrapolation.so	unselected-review		
vendor/lib64/libsfplugin_ccodec_utils.so	unselected-review		vendor/lib64/libsfplugin_ccodec_utils.so
vendor/lib64/libsgutils2.so	unselected-review		
vendor/lib64/libshadowhook.so	selected-present	piano:vendor/lib64/libshadowhook.so	vendor/lib64/libshadowhook.so
vendor/lib64/libshsc.so	selected-present	sm8750-common:vendor/lib64/libshsc.so	vendor/lib64/libshsc.so
vendor/lib64/libsi.so	selected-present	sm8750-common:vendor/lib64/libsi.so	vendor/lib64/libsi.so
vendor/lib64/libsilkyscrolls.so	selected-present	sm8750-common:vendor/lib64/libsilkyscrolls.so	vendor/lib64/libsilkyscrolls.so
vendor/lib64/libsiminputgenutil.so	selected-present	piano:vendor/lib64/libsiminputgenutil.so	vendor/lib64/libsiminputgenutil.so
vendor/lib64/libsimulation.so	selected-present	piano:vendor/lib64/libsimulation.so	vendor/lib64/libsimulation.so
vendor/lib64/libskewknob.so	selected-present	sm8750-common:vendor/lib64/libskewknob.so	vendor/lib64/libskewknob.so
vendor/lib64/libslimclient.so	selected-present	sm8750-common:vendor/lib64/libslimclient.so	vendor/lib64/libslimclient.so
vendor/lib64/libsmemlog.so	selected-present	sm8750-common:vendor/lib64/libsmemlog.so	vendor/lib64/libsmemlog.so
vendor/lib64/libsn100u_fw.so	selected-present	sm8750-common:vendor/lib64/libsn100u_fw.so	vendor/lib64/libsn100u_fw.so
vendor/lib64/libsn220u_fw.so	selected-present	sm8750-common:vendor/lib64/libsn220u_fw.so	vendor/lib64/libsn220u_fw.so
vendor/lib64/libsn300u_fw.so	selected-present	sm8750-common:vendor/lib64/libsn300u_fw.so	vendor/lib64/libsn300u_fw.so
vendor/lib64/libsnapdragoncolor-manager.so	selected-present	sm8750-common:vendor/lib64/libsnapdragoncolor-manager.so	vendor/lib64/libsnapdragoncolor-manager.so
vendor/lib64/libsnapdragoncolor-qdcm.so	selected-present	sm8750-common:vendor/lib64/libsnapdragoncolor-qdcm.so	vendor/lib64/libsnapdragoncolor-qdcm.so
vendor/lib64/libsndcardparser.so	unselected-review		vendor/lib64/libsndcardparser.so
vendor/lib64/libsnpe_config.so	selected-present	piano:vendor/lib64/libsnpe_config.so	vendor/lib64/libsnpe_config.so
vendor/lib64/libsns_device_mode_stub.so	selected-present	sm8750-common:vendor/lib64/libsns_device_mode_stub.so	vendor/lib64/libsns_device_mode_stub.so
vendor/lib64/libsns_direct_channel_stub.so	selected-present	sm8750-common:vendor/lib64/libsns_direct_channel_stub.so	vendor/lib64/libsns_direct_channel_stub.so
vendor/lib64/libsns_dynamic_loader_stub.so	selected-present	sm8750-common:vendor/lib64/libsns_dynamic_loader_stub.so	vendor/lib64/libsns_dynamic_loader_stub.so
vendor/lib64/libsns_registry_skel.so	selected-present	sm8750-common:vendor/lib64/libsns_registry_skel.so	vendor/lib64/libsns_registry_skel.so
vendor/lib64/libsns_remote_proc_state_stub.so	selected-present	sm8750-common:vendor/lib64/libsns_remote_proc_state_stub.so	vendor/lib64/libsns_remote_proc_state_stub.so
vendor/lib64/libsnsapi-full.so	selected-present	sm8750-common:vendor/lib64/libsnsapi-full.so	vendor/lib64/libsnsapi-full.so
vendor/lib64/libsnsapi.so	selected-present	sm8750-common:vendor/lib64/libsnsapi.so	vendor/lib64/libsnsapi.so
vendor/lib64/libsnsdiaglog.so	selected-present	sm8750-common:vendor/lib64/libsnsdiaglog.so	vendor/lib64/libsnsdiaglog.so
vendor/lib64/libsnsutils.so	selected-present	sm8750-common:vendor/lib64/libsnsutils.so	vendor/lib64/libsnsutils.so
vendor/lib64/libsoc_helper.so	selected-present	sm8750-common:vendor/lib64/libsoc_helper.so	vendor/lib64/libsoc_helper.so
vendor/lib64/libsoc_helper_jni.so	selected-present	sm8750-common:vendor/lib64/libsoc_helper_jni.so	vendor/lib64/libsoc_helper_jni.so
vendor/lib64/libsoft_attestation_cert.so	unselected-review		
vendor/lib64/libsparse.so	unselected-review		vendor/lib64/libsparse.so
vendor/lib64/libspatializerparamstorage.so	selected-present	sm8750-common:vendor/lib64/libspatializerparamstorage.so	vendor/lib64/libspatializerparamstorage.so
vendor/lib64/libspcom.so	selected-present	sm8750-common:vendor/lib64/libspcom.so	vendor/lib64/libspcom.so
vendor/lib64/libspeexresampler.so	unselected-review		vendor/lib64/libspeexresampler.so
vendor/lib64/libspl.so	selected-present	sm8750-common:vendor/lib64/libspl.so	vendor/lib64/libspl.so
vendor/lib64/libspukeymint.so	unselected-review		
vendor/lib64/libspukeymintdeviceutils.so	unselected-review		
vendor/lib64/libspukeymintprovision.so	unselected-review		
vendor/lib64/libspukeymintutils.so	unselected-review		
vendor/lib64/libsqlite.so	unselected-review		vendor/lib64/libsqlite.so
vendor/lib64/libsrc_jni_getPasrService.so	unselected-review		
vendor/lib64/libssc_default_listener.so	selected-present	sm8750-common:vendor/lib64/libssc_default_listener.so	vendor/lib64/libssc_default_listener.so
vendor/lib64/libssd.so	selected-present	sm8750-common:vendor/lib64/libssd.so	vendor/lib64/libssd.so
vendor/lib64/libssl.so	unselected-review		vendor/lib64/libssl.so
vendor/lib64/libstagefright_aidl_bufferpool2.so	unselected-review		vendor/lib64/libstagefright_aidl_bufferpool2.so
vendor/lib64/libstagefright_bufferpool@2.0.1.so	unselected-review		vendor/lib64/libstagefright_bufferpool@2.0.1.so
vendor/lib64/libstagefright_bufferqueue_helper.so	unselected-review		
vendor/lib64/libstagefright_foundation.so	unselected-review		vendor/lib64/libstagefright_foundation.so
vendor/lib64/libstagefright_omx_utils.so	unselected-review		vendor/lib64/libstagefright_omx_utils.so
vendor/lib64/libstagefright_xmlparser.so	unselected-review		vendor/lib64/libstagefright_xmlparser.so
vendor/lib64/libstagefrighthw.so	unselected-review		
vendor/lib64/libstandbyfeature.so	selected-present	sm8750-common:vendor/lib64/libstandbyfeature.so	vendor/lib64/libstandbyfeature.so
vendor/lib64/libstnfc-auth.so	selected-present	sm8750-common:vendor/lib64/libstnfc-auth.so	vendor/lib64/libstnfc-auth.so
vendor/lib64/libstnfc-streset.so	selected-present	sm8750-common:vendor/lib64/libstnfc-streset.so	vendor/lib64/libstnfc-streset.so
vendor/lib64/libstreamparser.so	selected-present	sm8750-common:vendor/lib64/libstreamparser.so	vendor/lib64/libstreamparser.so
vendor/lib64/libstreamprocessor.so	unselected-review		
vendor/lib64/libsubsystem_control.so	selected-present	sm8750-common:vendor/lib64/libsubsystem_control.so	vendor/lib64/libsubsystem_control.so
vendor/lib64/libswregistrationalgo.so	selected-present	piano:vendor/lib64/libswregistrationalgo.so	vendor/lib64/libswregistrationalgo.so
vendor/lib64/libswspatializeraidl_ext.so	selected-present	sm8750-common:vendor/lib64/libswspatializeraidl_ext.so	vendor/lib64/libswspatializeraidl_ext.so
vendor/lib64/libsxrservice.so	selected-present	sm8750-common:vendor/lib64/libsxrservice.so	vendor/lib64/libsxrservice.so
vendor/lib64/libsxrservice_client.qti.so	unselected-review		
vendor/lib64/libsynergy_loc_api.so	selected-present	sm8750-common:vendor/lib64/libsynergy_loc_api.so	vendor/lib64/libsynergy_loc_api.so
vendor/lib64/libsynx.so	selected-present	sm8750-common:vendor/lib64/libsynx.so	vendor/lib64/libsynx.so
vendor/lib64/libsys_info_cache.so	selected-present	sm8750-common:vendor/lib64/libsys_info_cache.so	vendor/lib64/libsys_info_cache.so
vendor/lib64/libsysmon_cdsp_skel.so	selected-present	sm8750-common:vendor/lib64/libsysmon_cdsp_skel.so	vendor/lib64/libsysmon_cdsp_skel.so
vendor/lib64/libsystem_health_mon2.so	selected-present	sm8750-common:vendor/lib64/libsystem_health_mon2.so	vendor/lib64/libsystem_health_mon2.so
vendor/lib64/libsysutils.so	unselected-review		vendor/lib64/libsysutils.so
vendor/lib64/libtaautoload.so	selected-present	sm8750-common:vendor/lib64/libtaautoload.so	vendor/lib64/libtaautoload.so
vendor/lib64/libtensorflowlite_c.so	selected-present	sm8750-common:vendor/lib64/libtensorflowlite_c_vendor.so	vendor/lib64/libtensorflowlite_c_vendor.so
vendor/lib64/libtestutils.so	selected-present	sm8750-common:vendor/lib64/libtestutils.so	vendor/lib64/libtestutils.so
vendor/lib64/libtextclassifier_hash.so	unselected-review		vendor/lib64/libtextclassifier_hash.so
vendor/lib64/libtfestriping.so	selected-present	piano:vendor/lib64/libtfestriping.so	vendor/lib64/libtfestriping.so
vendor/lib64/libtflite.so	unselected-review		vendor/lib64/libtflite.so
vendor/lib64/libthermalclient.so	selected-present	sm8750-common:vendor/lib64/libthermalclient.so	vendor/lib64/libthermalclient.so
vendor/lib64/libthreadutils.so	selected-present	sm8750-common:vendor/lib64/libthreadutils.so	vendor/lib64/libthreadutils.so
vendor/lib64/libtiantongpal.so	selected-present	sm8750-common:vendor/lib64/libtiantongpal.so	vendor/lib64/libtiantongpal.so
vendor/lib64/libtime_genoff.so	selected-present	sm8750-common:vendor/lib64/libtime_genoff.so	vendor/lib64/libtime_genoff.so
vendor/lib64/libtinyalsa.so	unselected-review		vendor/lib64/libtinyalsa.so
vendor/lib64/libtinyalsav2.so	unselected-review		vendor/lib64/libtinyalsav2.so
vendor/lib64/libtinycompress.so	unselected-review		vendor/lib64/libtinycompress.so
vendor/lib64/libtinyxml2.so	selected-present	sm8750-common:vendor/lib64/libtinyxmlQ.so	vendor/lib64/libtinyxmlQ.so
vendor/lib64/libtinyxml2_1.so	selected-present	sm8750-common:vendor/lib64/libtinyxml2_1.so	vendor/lib64/libtinyxml2_1.so
vendor/lib64/libtlpd.so	selected-present	sm8750-common:vendor/lib64/libtlpd.so	vendor/lib64/libtlpd.so
vendor/lib64/libtlpd_configmgr.so	selected-present	sm8750-common:vendor/lib64/libtlpd_configmgr.so	vendor/lib64/libtlpd_configmgr.so
vendor/lib64/libtlpd_crypto.so	selected-present	sm8750-common:vendor/lib64/libtlpd_crypto.so	vendor/lib64/libtlpd_crypto.so
vendor/lib64/libtlpd_internal.so	selected-present	sm8750-common:vendor/lib64/libtlpd_internal.so	vendor/lib64/libtlpd_internal.so
vendor/lib64/libtlpd_logger.so	selected-present	sm8750-common:vendor/lib64/libtlpd_logger.so	vendor/lib64/libtlpd_logger.so
vendor/lib64/libtracker_6dof_impl.so	unselected-review		
vendor/lib64/libtrustedapploader.so	selected-present	sm8750-common:vendor/lib64/libtrustedapploader.so	vendor/lib64/libtrustedapploader.so
vendor/lib64/libubifocus.so	unselected-review		
vendor/lib64/libubwcp.so	selected-present	sm8750-common:vendor/lib64/libubwcp.so	vendor/lib64/libubwcp.so
vendor/lib64/libui.so	selected-present	piano:vendor/lib64/libui.so	vendor/lib64/libui.so
vendor/lib64/libultrahdr.so	selected-present	piano:vendor/lib64/libultrahdr.so	
vendor/lib64/libultrasound_notify.so	selected-present	sm8750-common:vendor/lib64/libultrasound_notify.so	vendor/lib64/libultrasound_notify.so
vendor/lib64/libunwindstack.so	unselected-review		vendor/lib64/libunwindstack.so
vendor/lib64/libusbhost.so	unselected-review		vendor/lib64/libusbhost.so
vendor/lib64/libutils.so	unselected-review		vendor/lib64/libutils.so
vendor/lib64/libutilscallstack.so	unselected-review		vendor/lib64/libutilscallstack.so
vendor/lib64/libvega_common.so	selected-present	piano:vendor/lib64/libvega_common.so	vendor/lib64/libvega_common.so
vendor/lib64/libvibratorutils.so	unselected-review		vendor/lib64/libvibratorutils.so
vendor/lib64/libvideoml.so	unselected-review		
vendor/lib64/libvideooptfeature.so	selected-present	sm8750-common:vendor/lib64/libvideooptfeature.so	vendor/lib64/libvideooptfeature.so
vendor/lib64/libvideorecovery_vendor.so	unselected-review		
vendor/lib64/libvideoservice_utils.so	selected-present	sm8750-common:vendor/lib64/libvideoservice_utils.so	vendor/lib64/libvideoservice_utils.so
vendor/lib64/libvideoserviceclientimpl_vendor.so	unselected-review		
vendor/lib64/libvideoserviceutils.so	unselected-review		
vendor/lib64/libvideotxr.so	selected-present	sm8750-common:vendor/lib64/libvideotxr.so	vendor/lib64/libvideotxr.so
vendor/lib64/libvideoutils.so	selected-present	sm8750-common:vendor/lib64/libvideoutils.so	vendor/lib64/libvideoutils.so
vendor/lib64/libvmfilexfer.so	selected-present	sm8750-common:vendor/lib64/libvmfilexfer.so	vendor/lib64/libvmfilexfer.so
vendor/lib64/libvmmem.so	selected-present	sm8750-common:vendor/lib64/libvmmem.so	vendor/lib64/libvmmem.so
vendor/lib64/libvndfwk_detect_jni.qti.so	unselected-review		vendor/lib64/libvndfwk_detect_jni.qti.so
vendor/lib64/libvndfwk_detect_jni.qti_vendor.so	unselected-review		
vendor/lib64/libvppclient.so	selected-present	sm8750-common:vendor/lib64/libvppclient.so	vendor/lib64/libvppclient.so
vendor/lib64/libvppcommon.so	selected-present	sm8750-common:vendor/lib64/libvppcommon.so	vendor/lib64/libvppcommon.so
vendor/lib64/libvpphcp.so	selected-present	sm8750-common:vendor/lib64/libvpphcp.so	vendor/lib64/libvpphcp.so
vendor/lib64/libvpphvx.so	selected-present	sm8750-common:vendor/lib64/libvpphvx.so	vendor/lib64/libvpphvx.so
vendor/lib64/libvppimmotion.so	selected-present	sm8750-common:vendor/lib64/libvppimmotion.so	vendor/lib64/libvppimmotion.so
vendor/lib64/libvpplibrary.so	selected-present	sm8750-common:vendor/lib64/libvpplibrary.so	vendor/lib64/libvpplibrary.so
vendor/lib64/libvpptestutils.so	unselected-review		
vendor/lib64/libvui_dmgr.so	selected-present	sm8750-common:vendor/lib64/libvui_dmgr.so	vendor/lib64/libvui_dmgr.so
vendor/lib64/libvui_dmgr_client.so	selected-present	sm8750-common:vendor/lib64/libvui_dmgr_client.so	vendor/lib64/libvui_dmgr_client.so
vendor/lib64/libvui_intf.so	unselected-review		vendor/lib64/libvui_intf.so
vendor/lib64/libwfdaac_vendor.so	selected-present	sm8750-common:vendor/lib64/libwfdaac_vendor.so	vendor/lib64/libwfdaac_vendor.so
vendor/lib64/libwfdcodecv4l2_proprietary.so	selected-present	sm8750-common:vendor/lib64/libwfdcodecv4l2_proprietary.so	vendor/lib64/libwfdcodecv4l2_proprietary.so
vendor/lib64/libwfdcommonutils_proprietary.so	selected-present	sm8750-common:vendor/lib64/libwfdcommonutils_proprietary.so	vendor/lib64/libwfdcommonutils_proprietary.so
vendor/lib64/libwfdconfigutils_proprietary.so	selected-present	sm8750-common:vendor/lib64/libwfdconfigutils_proprietary.so	vendor/lib64/libwfdconfigutils_proprietary.so
vendor/lib64/libwfddisplayconfig_vendor.so	selected-present	sm8750-common:vendor/lib64/libwfddisplayconfig_vendor.so	vendor/lib64/libwfddisplayconfig_vendor.so
vendor/lib64/libwfdhdcpcp.so	selected-present	sm8750-common:vendor/lib64/libwfdhdcpcp.so	vendor/lib64/libwfdhdcpcp.so
vendor/lib64/libwfdhdcpservice_proprietary.so	selected-present	sm8750-common:vendor/lib64/libwfdhdcpservice_proprietary.so	vendor/lib64/libwfdhdcpservice_proprietary.so
vendor/lib64/libwfdmminterface_proprietary.so	selected-present	sm8750-common:vendor/lib64/libwfdmminterface_proprietary.so	vendor/lib64/libwfdmminterface_proprietary.so
vendor/lib64/libwfdmmservice_proprietary.so	selected-present	sm8750-common:vendor/lib64/libwfdmmservice_proprietary.so	vendor/lib64/libwfdmmservice_proprietary.so
vendor/lib64/libwfdmmsrc_proprietary.so	selected-present	sm8750-common:vendor/lib64/libwfdmmsrc_proprietary.so	vendor/lib64/libwfdmmsrc_proprietary.so
vendor/lib64/libwfdmodulehdcpsession.so	selected-present	sm8750-common:vendor/lib64/libwfdmodulehdcpsession.so	vendor/lib64/libwfdmodulehdcpsession.so
vendor/lib64/libwfdrtsp_vendor.so	selected-present	sm8750-common:vendor/lib64/libwfdrtsp_vendor.so	vendor/lib64/libwfdrtsp_vendor.so
vendor/lib64/libwfdsessionmodule.so	selected-present	sm8750-common:vendor/lib64/libwfdsessionmodule.so	vendor/lib64/libwfdsessionmodule.so
vendor/lib64/libwfdsourcesession_proprietary.so	selected-present	sm8750-common:vendor/lib64/libwfdsourcesession_proprietary.so	vendor/lib64/libwfdsourcesession_proprietary.so
vendor/lib64/libwfdsourcesm_proprietary.so	selected-present	sm8750-common:vendor/lib64/libwfdsourcesm_proprietary.so	vendor/lib64/libwfdsourcesm_proprietary.so
vendor/lib64/libwfduibcinterface_vendor.so	selected-present	sm8750-common:vendor/lib64/libwfduibcinterface_vendor.so	vendor/lib64/libwfduibcinterface_vendor.so
vendor/lib64/libwfduibcsink_vendor.so	selected-present	sm8750-common:vendor/lib64/libwfduibcsink_vendor.so	vendor/lib64/libwfduibcsink_vendor.so
vendor/lib64/libwfduibcsinkinterface_vendor.so	selected-present	sm8750-common:vendor/lib64/libwfduibcsinkinterface_vendor.so	vendor/lib64/libwfduibcsinkinterface_vendor.so
vendor/lib64/libwfduibcsrc_vendor.so	selected-present	sm8750-common:vendor/lib64/libwfduibcsrc_vendor.so	vendor/lib64/libwfduibcsrc_vendor.so
vendor/lib64/libwfduibcsrcinterface_vendor.so	selected-present	sm8750-common:vendor/lib64/libwfduibcsrcinterface_vendor.so	vendor/lib64/libwfduibcsrcinterface_vendor.so
vendor/lib64/libwfdutils_proprietary.so	selected-present	sm8750-common:vendor/lib64/libwfdutils_proprietary.so	vendor/lib64/libwfdutils_proprietary.so
vendor/lib64/libwifi-hal-ctrl.so	unselected-review		vendor/lib64/libwifi-hal-ctrl.so
vendor/lib64/libwifi-hal-qcom.so	unselected-review		vendor/lib64/libwifi-hal-qcom.so
vendor/lib64/libwifi-hal.so	unselected-review		vendor/lib64/libwifi-hal.so
vendor/lib64/libwifi-system-iface.so	unselected-review		vendor/lib64/libwifi-system-iface.so
vendor/lib64/libwifiobserver.so	selected-present	sm8750-common:vendor/lib64/libwifiobserver.so	vendor/lib64/libwifiobserver.so
vendor/lib64/libwms.so	selected-present	sm8750-common:vendor/lib64/libwms.so	vendor/lib64/libwms.so
vendor/lib64/libwpa_client.so	unselected-review		vendor/lib64/libwpa_client.so
vendor/lib64/libwqe.so	selected-present	sm8750-common:vendor/lib64/libwqe.so	vendor/lib64/libwqe.so
vendor/lib64/libxiaomi_hydra.so	selected-present	sm8750-common:vendor/lib64/libxiaomi_hydra.so	vendor/lib64/libxiaomi_hydra.so
vendor/lib64/libxiaomi_mutils.so	unselected-review		
vendor/lib64/libxiaomi_mutils_ex.so	unselected-review		
vendor/lib64/libxiaomi_qcril.so	selected-present	sm8750-common:vendor/lib64/libxiaomi_qcril.so	vendor/lib64/libxiaomi_qcril.so
vendor/lib64/libxiaomi_qmi.so	selected-present	sm8750-common:vendor/lib64/libxiaomi_qmi.so	vendor/lib64/libxiaomi_qmi.so
vendor/lib64/libxlog.so	selected-present	sm8750-common:vendor/lib64/libxlog.so	vendor/lib64/libxlog.so
vendor/lib64/libxml.so	selected-present	sm8750-common:vendor/lib64/libxml.so	vendor/lib64/libxml.so
vendor/lib64/libxml2.so	unselected-review		vendor/lib64/libxml2.so
vendor/lib64/libxpan_wifi_hal.so	selected-present	sm8750-common:vendor/lib64/libxpan_wifi_hal.so	vendor/lib64/libxpan_wifi_hal.so
vendor/lib64/libxrcommconnection.so	unselected-review		
vendor/lib64/libxrcommcoreutils.so	unselected-review		
vendor/lib64/libxrcommdiscoveryservice.so	unselected-review		
vendor/lib64/libxrcommdiscoveryservice2.so	unselected-review		
vendor/lib64/libxrcommdiscoveryservice2_client.so	unselected-review		
vendor/lib64/libxrcommdiscoveryservice_client.so	unselected-review		
vendor/lib64/libxrcommdpqaservice.so	unselected-review		
vendor/lib64/libxrcommdpqaservice_client.so	unselected-review		
vendor/lib64/libxrcommnetworkservice.so	unselected-review		
vendor/lib64/libxrcommnetworkservice_client.so	unselected-review		
vendor/lib64/libxrcommservice_client.so	unselected-review		
vendor/lib64/libxrcommtimerservice.so	unselected-review		
vendor/lib64/libxrcommtimerservice_client.so	unselected-review		
vendor/lib64/libxrcommtrafficshaperservice.so	unselected-review		
vendor/lib64/libxrcommtrafficshaperservice_client.so	unselected-review		
vendor/lib64/libxrcommwirelesslinkconfigservice.so	unselected-review		
vendor/lib64/libxrcommwirelesslinkconfigservice_client.so	unselected-review		
vendor/lib64/libxrcommwpacliwrapper.so	unselected-review		
vendor/lib64/libxtadapter.so	selected-present	sm8750-common:vendor/lib64/libxtadapter.so	vendor/lib64/libxtadapter.so
vendor/lib64/libyuv.so	unselected-review		vendor/lib64/libyuv.so
vendor/lib64/libz.so	unselected-review		vendor/lib64/libz.so
vendor/lib64/libziparchive.so	unselected-review		vendor/lib64/libziparchive.so
vendor/lib64/mediacas/libclearkeycasplugin.so	unselected-review		vendor/lib64/mediacas/libclearkeycasplugin.so
vendor/lib64/mediadrm/libdrmclearkeyplugin.so	unselected-review		vendor/lib64/mediadrm/libdrmclearkeyplugin.so
vendor/lib64/qcrilInterfaces.so	selected-present	sm8750-common:vendor/lib64/qcrilInterfaces.so	vendor/lib64/qcrilInterfaces.so
vendor/lib64/qcrilIntermodulemsgs.so	selected-present	sm8750-common:vendor/lib64/qcrilIntermodulemsgs.so	vendor/lib64/qcrilIntermodulemsgs.so
vendor/lib64/qcrilMarshal.so	selected-present	sm8750-common:vendor/lib64/qcrilMarshal.so	vendor/lib64/qcrilMarshal.so
vendor/lib64/qcrilNrQmiModule.so	selected-present	sm8750-common:vendor/lib64/qcrilNrQmiModule.so	vendor/lib64/qcrilNrQmiModule.so
vendor/lib64/qcrilNrSecureMode.so	selected-present	sm8750-common:vendor/lib64/qcrilNrSecureMode.so	vendor/lib64/qcrilNrSecureMode.so
vendor/lib64/qcrilNr_aidl_IQtiRadioConfig.so	selected-present	sm8750-common:vendor/lib64/qcrilNr_aidl_IQtiRadioConfig.so	vendor/lib64/qcrilNr_aidl_IQtiRadioConfig.so
vendor/lib64/qcrilNr_aidl_IRadioConfig.so	selected-present	sm8750-common:vendor/lib64/qcrilNr_aidl_IRadioConfig.so	vendor/lib64/qcrilNr_aidl_IRadioConfig.so
vendor/lib64/qcrilNr_aidl_IRadioMessaging.so	selected-present	sm8750-common:vendor/lib64/qcrilNr_aidl_IRadioMessaging.so	vendor/lib64/qcrilNr_aidl_IRadioMessaging.so
vendor/lib64/qcrilNr_aidl_IRadioModem.so	selected-present	sm8750-common:vendor/lib64/qcrilNr_aidl_IRadioModem.so	vendor/lib64/qcrilNr_aidl_IRadioModem.so
vendor/lib64/qcrilNr_aidl_IRadioNetwork.so	selected-present	sm8750-common:vendor/lib64/qcrilNr_aidl_IRadioNetwork.so	vendor/lib64/qcrilNr_aidl_IRadioNetwork.so
vendor/lib64/qcrilNr_aidl_IRadioSap.so	selected-present	sm8750-common:vendor/lib64/qcrilNr_aidl_IRadioSap.so	vendor/lib64/qcrilNr_aidl_IRadioSap.so
vendor/lib64/qcrilNr_aidl_IRadioSim.so	selected-present	sm8750-common:vendor/lib64/qcrilNr_aidl_IRadioSim.so	vendor/lib64/qcrilNr_aidl_IRadioSim.so
vendor/lib64/qcrilNr_aidl_IRadioVoice.so	selected-present	sm8750-common:vendor/lib64/qcrilNr_aidl_IRadioVoice.so	vendor/lib64/qcrilNr_aidl_IRadioVoice.so
vendor/lib64/qcrilNr_aidl_SecureElementService.so	selected-present	sm8750-common:vendor/lib64/qcrilNr_aidl_SecureElementService.so	vendor/lib64/qcrilNr_aidl_SecureElementService.so
vendor/lib64/qcrilNr_aidl_UimLpaService.so	selected-present	sm8750-common:vendor/lib64/qcrilNr_aidl_UimLpaService.so	vendor/lib64/qcrilNr_aidl_UimLpaService.so
vendor/lib64/qcrilNr_aidl_UimRemoteClient.so	selected-present	sm8750-common:vendor/lib64/qcrilNr_aidl_UimRemoteClient.so	vendor/lib64/qcrilNr_aidl_UimRemoteClient.so
vendor/lib64/qcrilNr_aidl_UimRemoteServer.so	selected-present	sm8750-common:vendor/lib64/qcrilNr_aidl_UimRemoteServer.so	vendor/lib64/qcrilNr_aidl_UimRemoteServer.so
vendor/lib64/qcrilNr_aidl_UimService.so	selected-present	sm8750-common:vendor/lib64/qcrilNr_aidl_UimService.so	vendor/lib64/qcrilNr_aidl_UimService.so
vendor/lib64/qcrilNr_aidl_common.so	selected-present	sm8750-common:vendor/lib64/qcrilNr_aidl_common.so	vendor/lib64/qcrilNr_aidl_common.so
vendor/lib64/qcril_client.so	selected-present	sm8750-common:vendor/lib64/qcril_client.so	vendor/lib64/qcril_client.so
vendor/lib64/qcrild_libqcrilnr.so	selected-present	sm8750-common:vendor/lib64/qcrild_libqcrilnr.so	vendor/lib64/qcrild_libqcrilnr.so
vendor/lib64/qcrild_libqcrilnrutils.so	selected-present	sm8750-common:vendor/lib64/qcrild_libqcrilnrutils.so	vendor/lib64/qcrild_libqcrilnrutils.so
vendor/lib64/qsn1nrt430.bin	unselected-review		
vendor/lib64/qsn1nrt43180.bin	unselected-review		
vendor/lib64/qsn1nrt43270.bin	unselected-review		
vendor/lib64/qsn1nrt4390.bin	unselected-review		
vendor/lib64/qsn1rt1690.bin	unselected-review		
vendor/lib64/qsn1rt169180.bin	unselected-review		
vendor/lib64/qsn1rt169270.bin	unselected-review		
vendor/lib64/qsn1rt16990.bin	unselected-review		
vendor/lib64/qsn1rt430.bin	unselected-review		
vendor/lib64/qsn1rt43180.bin	unselected-review		
vendor/lib64/qsn1rt43270.bin	unselected-review		
vendor/lib64/qsn1rt4390.bin	unselected-review		
vendor/lib64/qsn1rtlp1690.bin	unselected-review		
vendor/lib64/qsn1rtlp169270.bin	unselected-review		
vendor/lib64/qsn1rtlp430.bin	unselected-review		
vendor/lib64/qsn1rtlp43270.bin	unselected-review		
vendor/lib64/qsn2all.bin	unselected-review		
vendor/lib64/qsn3all.bin	unselected-review		
vendor/lib64/qti-audio-types-aidl-V1-ndk.so	unselected-review		vendor/lib64/qti-audio-types-aidl-V1-ndk.so
vendor/lib64/qti.video.utils.videobufferlayout.so	selected-present	sm8750-common:vendor/lib64/qti.video.utils.videobufferlayout.so	vendor/lib64/qti.video.utils.videobufferlayout.so
vendor/lib64/qtiPeripheralMgr.so	selected-present	sm8750-common:vendor/lib64/qtiPeripheralMgr.so	vendor/lib64/qtiPeripheralMgr.so
vendor/lib64/qtiril-utils.so	selected-present	sm8750-common:vendor/lib64/qtiril-utils.so	vendor/lib64/qtiril-utils.so
vendor/lib64/qtiwakelock.so	selected-present	sm8750-common:vendor/lib64/qtiwakelock.so	vendor/lib64/qtiwakelock.so
vendor/lib64/rfs/dsp/libVppAisQnnHtp.so	selected-present	piano:vendor/lib64/rfs/dsp/libVppAisQnnHtp.so	vendor/lib64/rfs/dsp/libVppAisQnnHtp.so
vendor/lib64/rfs/dsp/libVppFrcQnnHtp.so	selected-present	piano:vendor/lib64/rfs/dsp/libVppFrcQnnHtp.so	vendor/lib64/rfs/dsp/libVppFrcQnnHtp.so
vendor/lib64/rfs/dsp/libapn_dsp_skel.so	selected-present	piano:vendor/lib64/rfs/dsp/libapn_dsp_skel.so	vendor/lib64/rfs/dsp/libapn_dsp_skel.so
vendor/lib64/rfs/dsp/libbitml_nsp_73na_skel.so	selected-present	piano:vendor/lib64/rfs/dsp/libbitml_nsp_73na_skel.so	vendor/lib64/rfs/dsp/libbitml_nsp_73na_skel.so
vendor/lib64/rfs/dsp/libbitml_nsp_79na_skel.so	selected-present	piano:vendor/lib64/rfs/dsp/libbitml_nsp_79na_skel.so	vendor/lib64/rfs/dsp/libbitml_nsp_79na_skel.so
vendor/lib64/rfs/dsp/libbitml_nsp_skel.so	selected-present	piano:vendor/lib64/rfs/dsp/libbitml_nsp_skel.so	vendor/lib64/rfs/dsp/libbitml_nsp_skel.so
vendor/lib64/rfs/dsp/libdpp_engine_skel.so	selected-present	piano:vendor/lib64/rfs/dsp/libdpp_engine_skel.so	vendor/lib64/rfs/dsp/libdpp_engine_skel.so
vendor/lib64/rfs/dsp/libdspCV_skel.so	selected-present	piano:vendor/lib64/rfs/dsp/libdspCV_skel.so	vendor/lib64/rfs/dsp/libdspCV_skel.so
vendor/lib64/rfs/dsp/libevadsp.so	selected-present	piano:vendor/lib64/rfs/dsp/libevadsp.so	vendor/lib64/rfs/dsp/libevadsp.so
vendor/lib64/rfs/dsp/libfastcvadsp.so	selected-present	piano:vendor/lib64/rfs/dsp/libfastcvadsp.so	vendor/lib64/rfs/dsp/libfastcvadsp.so
vendor/lib64/rfs/dsp/libfastcvdsp_skel.so	selected-present	piano:vendor/lib64/rfs/dsp/libfastcvdsp_skel.so	vendor/lib64/rfs/dsp/libfastcvdsp_skel.so
vendor/lib64/rfs/dsp/libhdr_skel.so	selected-present	piano:vendor/lib64/rfs/dsp/libhdr_skel.so	vendor/lib64/rfs/dsp/libhdr_skel.so
vendor/lib64/rfs/dsp/libmobilenet_dsp_frc.so	selected-present	piano:vendor/lib64/rfs/dsp/libmobilenet_dsp_frc.so	vendor/lib64/rfs/dsp/libmobilenet_dsp_frc.so
vendor/lib64/rfs/dsp/libmobilenet_dsp_frc_networks.so	selected-present	piano:vendor/lib64/rfs/dsp/libmobilenet_dsp_frc_networks.so	vendor/lib64/rfs/dsp/libmobilenet_dsp_frc_networks.so
vendor/lib64/rfs/dsp/libnsp_ipc_cdsp_skel.so	selected-present	piano:vendor/lib64/rfs/dsp/libnsp_ipc_cdsp_skel.so	vendor/lib64/rfs/dsp/libnsp_ipc_cdsp_skel.so
vendor/lib64/rfs/dsp/libnspextensionsuperresolutionprovider.so	selected-present	piano:vendor/lib64/rfs/dsp/libnspextensionsuperresolutionprovider.so	vendor/lib64/rfs/dsp/libnspextensionsuperresolutionprovider.so
vendor/lib64/rfs/dsp/libqsegnetengine_dsp_skel.so	selected-present	piano:vendor/lib64/rfs/dsp/libqsegnetengine_dsp_skel.so	vendor/lib64/rfs/dsp/libqsegnetengine_dsp_skel.so
vendor/lib64/rfs/dsp/libscveT2T_skel.so	selected-present	piano:vendor/lib64/rfs/dsp/libscveT2T_skel.so	vendor/lib64/rfs/dsp/libscveT2T_skel.so
vendor/lib64/rfs/dsp/libvpp_ais.so	selected-present	piano:vendor/lib64/rfs/dsp/libvpp_ais.so	vendor/lib64/rfs/dsp/libvpp_ais.so
vendor/lib64/rfs/dsp/libvpp_ais_networks.so	selected-present	piano:vendor/lib64/rfs/dsp/libvpp_ais_networks.so	vendor/lib64/rfs/dsp/libvpp_ais_networks.so
vendor/lib64/rfs/dsp/libvpp_frc.so	selected-present	piano:vendor/lib64/rfs/dsp/libvpp_frc.so	vendor/lib64/rfs/dsp/libvpp_frc.so
vendor/lib64/rfs/dsp/libvpp_gfrc_networks.so	selected-present	piano:vendor/lib64/rfs/dsp/libvpp_gfrc_networks.so	vendor/lib64/rfs/dsp/libvpp_gfrc_networks.so
vendor/lib64/rfs/dsp/libvpp_svc_skel.so	selected-present	piano:vendor/lib64/rfs/dsp/libvpp_svc_skel.so	vendor/lib64/rfs/dsp/libvpp_svc_skel.so
vendor/lib64/rfs/dsp/libvpp_vqa_networks.so	selected-present	piano:vendor/lib64/rfs/dsp/libvpp_vqa_networks.so	vendor/lib64/rfs/dsp/libvpp_vqa_networks.so
vendor/lib64/rfs/dsp/libvpt_action_recognition.so	selected-present	piano:vendor/lib64/rfs/dsp/libvpt_action_recognition.so	vendor/lib64/rfs/dsp/libvpt_action_recognition.so
vendor/lib64/rfs/dsp/libworker_pool.so	selected-present	piano:vendor/lib64/rfs/dsp/libworker_pool.so	vendor/lib64/rfs/dsp/libworker_pool.so
vendor/lib64/sensors.qsh.so	selected-present	sm8750-common:vendor/lib64/sensors.qsh.so	vendor/lib64/sensors.qsh.so
vendor/lib64/server_configurable_flags.so	unselected-review		vendor/lib64/server_configurable_flags.so
vendor/lib64/soundfx/libaudiopreprocessing.so	selected-present	sm8750-common:vendor/lib64/soundfx/libaudiopreprocessing.so	vendor/lib64/soundfx/libaudiopreprocessing.so
vendor/lib64/soundfx/libbundleaidl.so	selected-present	sm8750-common:vendor/lib64/soundfx/libbundleaidl.so	vendor/lib64/soundfx/libbundleaidl.so
vendor/lib64/soundfx/libbundlewrapper.so	selected-present	sm8750-common:vendor/lib64/soundfx/libbundlewrapper.so	vendor/lib64/soundfx/libbundlewrapper.so
vendor/lib64/soundfx/libdlbvolaidl.so	selected-present	sm8750-common:vendor/lib64/soundfx/libdlbvolaidl.so	vendor/lib64/soundfx/libdlbvolaidl.so
vendor/lib64/soundfx/libdownmix.so	selected-present	sm8750-common:vendor/lib64/soundfx/libdownmix.so	vendor/lib64/soundfx/libdownmix.so
vendor/lib64/soundfx/libdownmixaidl.so	selected-present	sm8750-common:vendor/lib64/soundfx/libdownmixaidl.so	vendor/lib64/soundfx/libdownmixaidl.so
vendor/lib64/soundfx/libdynamicsprocessingaidl.so	selected-present	sm8750-common:vendor/lib64/soundfx/libdynamicsprocessingaidl.so	vendor/lib64/soundfx/libdynamicsprocessingaidl.so
vendor/lib64/soundfx/libdynproc.so	selected-present	sm8750-common:vendor/lib64/soundfx/libdynproc.so	vendor/lib64/soundfx/libdynproc.so
vendor/lib64/soundfx/libeffectproxy.so	selected-present	sm8750-common:vendor/lib64/soundfx/libeffectproxy.so	vendor/lib64/soundfx/libeffectproxy.so
vendor/lib64/soundfx/libhapticgenerator.so	unselected-review		vendor/lib64/soundfx/libhapticgenerator.so
vendor/lib64/soundfx/libhwdapaidl.so	selected-present	sm8750-common:vendor/lib64/soundfx/libhwdapaidl.so	vendor/lib64/soundfx/libhwdapaidl.so
vendor/lib64/soundfx/libldnhncr.so	selected-present	sm8750-common:vendor/lib64/soundfx/libldnhncr.so	vendor/lib64/soundfx/libldnhncr.so
vendor/lib64/soundfx/libloudnessenhanceraidl.so	selected-present	sm8750-common:vendor/lib64/soundfx/libloudnessenhanceraidl.so	vendor/lib64/soundfx/libloudnessenhanceraidl.so
vendor/lib64/soundfx/liblvacfsprocessingaidl.so	selected-present	sm8750-common:vendor/lib64/soundfx/liblvacfsprocessingaidl.so	vendor/lib64/soundfx/liblvacfsprocessingaidl.so
vendor/lib64/soundfx/libmiwndnsprocessingaidl.so	selected-present	sm8750-common:vendor/lib64/soundfx/libmiwndnsprocessingaidl.so	vendor/lib64/soundfx/libmiwndnsprocessingaidl.so
vendor/lib64/soundfx/libozoaidl.so	selected-present	sm8750-common:vendor/lib64/soundfx/libozoaidl.so	vendor/lib64/soundfx/libozoaidl.so
vendor/lib64/soundfx/libqcompostprocbundle.so	selected-present	sm8750-common:vendor/lib64/soundfx/libqcompostprocbundle.so	vendor/lib64/soundfx/libqcompostprocbundle.so
vendor/lib64/soundfx/libqcomvisualizer.so	selected-present	sm8750-common:vendor/lib64/soundfx/libqcomvisualizer.so	vendor/lib64/soundfx/libqcomvisualizer.so
vendor/lib64/soundfx/libqcomvoiceprocessing.so	selected-present	sm8750-common:vendor/lib64/soundfx/libqcomvoiceprocessing.so	vendor/lib64/soundfx/libqcomvoiceprocessing.so
vendor/lib64/soundfx/libquasar.so	selected-present	sm8750-common:vendor/lib64/soundfx/libquasar.so	vendor/lib64/soundfx/libquasar.so
vendor/lib64/soundfx/libreverbaidl.so	selected-present	sm8750-common:vendor/lib64/soundfx/libreverbaidl.so	vendor/lib64/soundfx/libreverbaidl.so
vendor/lib64/soundfx/libreverbwrapper.so	selected-present	sm8750-common:vendor/lib64/soundfx/libreverbwrapper.so	vendor/lib64/soundfx/libreverbwrapper.so
vendor/lib64/soundfx/libspatializeraidl.so	selected-present	sm8750-common:vendor/lib64/soundfx/libspatializeraidl.so	vendor/lib64/soundfx/libspatializeraidl.so
vendor/lib64/soundfx/libswgamedapaidl.so	selected-present	sm8750-common:vendor/lib64/soundfx/libswgamedapaidl.so	vendor/lib64/soundfx/libswgamedapaidl.so
vendor/lib64/soundfx/libswspatializeraidl.so	selected-present	sm8750-common:vendor/lib64/soundfx/libswspatializeraidl.so	vendor/lib64/soundfx/libswspatializeraidl.so
vendor/lib64/soundfx/libvisualizer.so	selected-present	sm8750-common:vendor/lib64/soundfx/libvisualizer.so	vendor/lib64/soundfx/libvisualizer.so
vendor/lib64/soundfx/libvisualizeraidl.so	selected-present	sm8750-common:vendor/lib64/soundfx/libvisualizeraidl.so	vendor/lib64/soundfx/libvisualizeraidl.so
vendor/lib64/soundfx/libvolumelistener.so	selected-present	sm8750-common:vendor/lib64/soundfx/libvolumelistener.so	vendor/lib64/soundfx/libvolumelistener.so
vendor/lib64/vendor.display.color@1.0.so	selected-present	sm8750-common:vendor/lib64/vendor.display.color@1.0.so	vendor/lib64/vendor.display.color@1.0.so
vendor/lib64/vendor.display.color@1.1.so	selected-present	sm8750-common:vendor/lib64/vendor.display.color@1.1.so	vendor/lib64/vendor.display.color@1.1.so
vendor/lib64/vendor.display.color@1.2.so	selected-present	sm8750-common:vendor/lib64/vendor.display.color@1.2.so	vendor/lib64/vendor.display.color@1.2.so
vendor/lib64/vendor.display.color@1.3.so	selected-present	sm8750-common:vendor/lib64/vendor.display.color@1.3.so	vendor/lib64/vendor.display.color@1.3.so
vendor/lib64/vendor.display.color@1.4.so	selected-present	sm8750-common:vendor/lib64/vendor.display.color@1.4.so	vendor/lib64/vendor.display.color@1.4.so
vendor/lib64/vendor.display.color@1.5.so	selected-present	sm8750-common:vendor/lib64/vendor.display.color@1.5.so	vendor/lib64/vendor.display.color@1.5.so
vendor/lib64/vendor.display.color@1.6.so	unselected-review		
vendor/lib64/vendor.display.color@1.7.so	unselected-review		
vendor/lib64/vendor.display.config@1.0.so	unselected-review		vendor/lib64/vendor.display.config@1.0.so
vendor/lib64/vendor.display.config@1.1.so	unselected-review		
vendor/lib64/vendor.display.config@1.10.so	unselected-review		
vendor/lib64/vendor.display.config@1.11.so	unselected-review		
vendor/lib64/vendor.display.config@1.2.so	unselected-review		
vendor/lib64/vendor.display.config@1.3.so	unselected-review		
vendor/lib64/vendor.display.config@1.4.so	unselected-review		
vendor/lib64/vendor.display.config@1.5.so	unselected-review		
vendor/lib64/vendor.display.config@1.6.so	unselected-review		
vendor/lib64/vendor.display.config@1.7.so	unselected-review		
vendor/lib64/vendor.display.config@1.8.so	unselected-review		
vendor/lib64/vendor.display.config@1.9.so	unselected-review		
vendor/lib64/vendor.display.config@2.0.so	unselected-review		vendor/lib64/vendor.display.config@2.0.so
vendor/lib64/vendor.display.postproc@1.0.so	selected-present	sm8750-common:vendor/lib64/vendor.display.postproc@1.0.so	vendor/lib64/vendor.display.postproc@1.0.so
vendor/lib64/vendor.dolby.dms-V1-ndk.so	selected-present	sm8750-common:vendor/lib64/vendor.dolby.dms-V1-ndk.so	vendor/lib64/vendor.dolby.dms-V1-ndk.so
vendor/lib64/vendor.dolby.hardware.dms@2.0.so	selected-present	sm8750-common:vendor/lib64/vendor.dolby.hardware.dms@2.0.so	vendor/lib64/vendor.dolby.hardware.dms@2.0.so
vendor/lib64/vendor.libdpmctmgr.so	selected-present	sm8750-common:vendor/lib64/vendor.libdpmctmgr.so	vendor/lib64/vendor.libdpmctmgr.so
vendor/lib64/vendor.libdpmfdmgr.so	selected-present	sm8750-common:vendor/lib64/vendor.libdpmfdmgr.so	vendor/lib64/vendor.libdpmfdmgr.so
vendor/lib64/vendor.libdpmframework.so	selected-present	sm8750-common:vendor/lib64/vendor.libdpmframework.so	vendor/lib64/vendor.libdpmframework.so
vendor/lib64/vendor.libdpmtcm.so	selected-present	sm8750-common:vendor/lib64/vendor.libdpmtcm.so	vendor/lib64/vendor.libdpmtcm.so
vendor/lib64/vendor.libmwqemiptablemgr.so	selected-present	sm8750-common:vendor/lib64/vendor.libmwqemiptablemgr.so	vendor/lib64/vendor.libmwqemiptablemgr.so
vendor/lib64/vendor.qti.ImsRtpService-V1-ndk.so	selected-present	sm8750-common:vendor/lib64/vendor.qti.ImsRtpService-V1-ndk.so	vendor/lib64/vendor.qti.ImsRtpService-V1-ndk.so
vendor/lib64/vendor.qti.ImsRtpService-aidl-Impl.so	selected-present	sm8750-common:vendor/lib64/vendor.qti.ImsRtpService-aidl-Impl.so	vendor/lib64/vendor.qti.ImsRtpService-aidl-Impl.so
vendor/lib64/vendor.qti.MemHal-V1-ndk.so	selected-present	piano:vendor/lib64/vendor.qti.MemHal-V1-ndk.so	vendor/lib64/vendor.qti.MemHal-V1-ndk.so
vendor/lib64/vendor.qti.data.factoryservice-V1-ndk.so	selected-present	sm8750-common:vendor/lib64/vendor.qti.data.factoryservice-V1-ndk.so	vendor/lib64/vendor.qti.data.factoryservice-V1-ndk.so
vendor/lib64/vendor.qti.data.mwqem@1.0.so	selected-present	sm8750-common:vendor/lib64/vendor.qti.data.mwqem@1.0.so	vendor/lib64/vendor.qti.data.mwqem@1.0.so
vendor/lib64/vendor.qti.data.mwqemaidlservice-V1-ndk.so	selected-present	sm8750-common:vendor/lib64/vendor.qti.data.mwqemaidlservice-V1-ndk.so	vendor/lib64/vendor.qti.data.mwqemaidlservice-V1-ndk.so
vendor/lib64/vendor.qti.data.slm@1.0.so	selected-present	sm8750-common:vendor/lib64/vendor.qti.data.slm@1.0.so	vendor/lib64/vendor.qti.data.slm@1.0.so
vendor/lib64/vendor.qti.diaghal-V1-ndk.so	selected-present	sm8750-common:vendor/lib64/vendor.qti.diaghal-V1-ndk.so	vendor/lib64/vendor.qti.diaghal-V1-ndk.so
vendor/lib64/vendor.qti.diaghal@1.0.so	selected-present	sm8750-common:vendor/lib64/vendor.qti.diaghal@1.0.so	vendor/lib64/vendor.qti.diaghal@1.0.so
vendor/lib64/vendor.qti.esepowermanager@1.0.so	selected-present	sm8750-common:vendor/lib64/vendor.qti.esepowermanager@1.0.so	vendor/lib64/vendor.qti.esepowermanager@1.0.so
vendor/lib64/vendor.qti.hardware.ListenSoundModelAidl-V1-ndk.so	selected-present	sm8750-common:vendor/lib64/vendor.qti.hardware.ListenSoundModelAidl-V1-ndk.so	vendor/lib64/vendor.qti.hardware.ListenSoundModelAidl-V1-ndk.so
vendor/lib64/vendor.qti.hardware.agm-V1-ndk.so	unselected-review		vendor/lib64/vendor.qti.hardware.agm-V1-ndk.so
vendor/lib64/vendor.qti.hardware.alarm-V1-ndk.so	selected-present	sm8750-common:vendor/lib64/vendor.qti.hardware.alarm-V1-ndk.so	vendor/lib64/vendor.qti.hardware.alarm-V1-ndk.so
vendor/lib64/vendor.qti.hardware.automotive.vehicle@1.0.so	unselected-review		
vendor/lib64/vendor.qti.hardware.bluetooth.audio-V1-ndk.so	unselected-review		vendor/lib64/vendor.qti.hardware.bluetooth.audio-V1-ndk.so
vendor/lib64/vendor.qti.hardware.bluetooth.xpanprovider-V1-ndk.so	selected-present	sm8750-common:vendor/lib64/vendor.qti.hardware.bluetooth.xpanprovider-V1-ndk.so	vendor/lib64/vendor.qti.hardware.bluetooth.xpanprovider-V1-ndk.so
vendor/lib64/vendor.qti.hardware.bluetooth_audio@2.0.so	unselected-review		vendor/lib64/vendor.qti.hardware.bluetooth_audio@2.0.so
vendor/lib64/vendor.qti.hardware.bluetooth_audio@2.1.so	unselected-review		vendor/lib64/vendor.qti.hardware.bluetooth_audio@2.1.so
vendor/lib64/vendor.qti.hardware.bluetooth_sar-V1-ndk.so	selected-present	sm8750-common:vendor/lib64/vendor.qti.hardware.bluetooth_sar-V1-ndk.so	vendor/lib64/vendor.qti.hardware.bluetooth_sar-V1-ndk.so
vendor/lib64/vendor.qti.hardware.bttpi-V3-ndk.so	selected-present	sm8750-common:vendor/lib64/vendor.qti.hardware.bttpi-V3-ndk.so	vendor/lib64/vendor.qti.hardware.bttpi-V3-ndk.so
vendor/lib64/vendor.qti.hardware.c2pa-V1-ndk.so	unselected-review		
vendor/lib64/vendor.qti.hardware.cacertaidlservice-V1-ndk.so	selected-present	sm8750-common:vendor/lib64/vendor.qti.hardware.cacertaidlservice-V1-ndk.so	vendor/lib64/vendor.qti.hardware.cacertaidlservice-V1-ndk.so
vendor/lib64/vendor.qti.hardware.camera.aon-V1-ndk.so	unselected-review		vendor/lib64/vendor.qti.hardware.camera.aon-V1-ndk.so
vendor/lib64/vendor.qti.hardware.camera.aon-V2-ndk.so	unselected-review		vendor/lib64/vendor.qti.hardware.camera.aon-V2-ndk.so
vendor/lib64/vendor.qti.hardware.camera.aon-service-impl.so	selected-present	piano:vendor/lib64/vendor.qti.hardware.camera.aon-service-impl.so	vendor/lib64/vendor.qti.hardware.camera.aon-service-impl.so
vendor/lib64/vendor.qti.hardware.camera.offlinecamera-V1-ndk.so	unselected-review		vendor/lib64/vendor.qti.hardware.camera.offlinecamera-V1-ndk.so
vendor/lib64/vendor.qti.hardware.camera.offlinecamera-V2-ndk.so	unselected-review		vendor/lib64/vendor.qti.hardware.camera.offlinecamera-V2-ndk.so
vendor/lib64/vendor.qti.hardware.camera.offlinecamera-service-impl.so	selected-present	piano:vendor/lib64/vendor.qti.hardware.camera.offlinecamera-service-impl.so	vendor/lib64/vendor.qti.hardware.camera.offlinecamera-service-impl.so
vendor/lib64/vendor.qti.hardware.capabilityconfigstore-V1-ndk.so	selected-present	sm8750-common:vendor/lib64/vendor.qti.hardware.capabilityconfigstore-V1-ndk.so	vendor/lib64/vendor.qti.hardware.capabilityconfigstore-V1-ndk.so
vendor/lib64/vendor.qti.hardware.data.cneaidlservice.internal.api-V1-ndk.so	selected-present	sm8750-common:vendor/lib64/vendor.qti.hardware.data.cneaidlservice.internal.api-V1-ndk.so	vendor/lib64/vendor.qti.hardware.data.cneaidlservice.internal.api-V1-ndk.so
vendor/lib64/vendor.qti.hardware.data.cneaidlservice.internal.constants-V1-ndk.so	selected-present	sm8750-common:vendor/lib64/vendor.qti.hardware.data.cneaidlservice.internal.constants-V1-ndk.so	vendor/lib64/vendor.qti.hardware.data.cneaidlservice.internal.constants-V1-ndk.so
vendor/lib64/vendor.qti.hardware.data.cneaidlservice.internal.server-V1-ndk.so	selected-present	sm8750-common:vendor/lib64/vendor.qti.hardware.data.cneaidlservice.internal.server-V1-ndk.so	vendor/lib64/vendor.qti.hardware.data.cneaidlservice.internal.server-V1-ndk.so
vendor/lib64/vendor.qti.hardware.data.connection@1.0.so	selected-present	sm8750-common:vendor/lib64/vendor.qti.hardware.data.connection@1.0.so	vendor/lib64/vendor.qti.hardware.data.connection@1.0.so
vendor/lib64/vendor.qti.hardware.data.connection@1.1.so	selected-present	sm8750-common:vendor/lib64/vendor.qti.hardware.data.connection@1.1.so	vendor/lib64/vendor.qti.hardware.data.connection@1.1.so
vendor/lib64/vendor.qti.hardware.data.connectionaidl-V1-ndk.so	selected-present	sm8750-common:vendor/lib64/vendor.qti.hardware.data.connectionaidl-V1-ndk.so	vendor/lib64/vendor.qti.hardware.data.connectionaidl-V1-ndk.so
vendor/lib64/vendor.qti.hardware.data.connectionfactory-V1-ndk.so	selected-present	sm8750-common:vendor/lib64/vendor.qti.hardware.data.connectionfactory-V1-ndk.so	vendor/lib64/vendor.qti.hardware.data.connectionfactory-V1-ndk.so
vendor/lib64/vendor.qti.hardware.data.dataactivity-V1-ndk.so	selected-present	sm8750-common:vendor/lib64/vendor.qti.hardware.data.dataactivity-V1-ndk.so	vendor/lib64/vendor.qti.hardware.data.dataactivity-V1-ndk.so
vendor/lib64/vendor.qti.hardware.data.dynamicdds@1.0.so	selected-present	sm8750-common:vendor/lib64/vendor.qti.hardware.data.dynamicdds@1.0.so	vendor/lib64/vendor.qti.hardware.data.dynamicdds@1.0.so
vendor/lib64/vendor.qti.hardware.data.dynamicdds@1.1.so	selected-present	sm8750-common:vendor/lib64/vendor.qti.hardware.data.dynamicdds@1.1.so	vendor/lib64/vendor.qti.hardware.data.dynamicdds@1.1.so
vendor/lib64/vendor.qti.hardware.data.dynamicddsaidlservice-V1-ndk.so	selected-present	sm8750-common:vendor/lib64/vendor.qti.hardware.data.dynamicddsaidlservice-V1-ndk.so	vendor/lib64/vendor.qti.hardware.data.dynamicddsaidlservice-V1-ndk.so
vendor/lib64/vendor.qti.hardware.data.flow@1.0.so	selected-present	sm8750-common:vendor/lib64/vendor.qti.hardware.data.flow@1.0.so	vendor/lib64/vendor.qti.hardware.data.flow@1.0.so
vendor/lib64/vendor.qti.hardware.data.flow@1.1.so	selected-present	sm8750-common:vendor/lib64/vendor.qti.hardware.data.flow@1.1.so	vendor/lib64/vendor.qti.hardware.data.flow@1.1.so
vendor/lib64/vendor.qti.hardware.data.flowaidlservice-V1-ndk.so	selected-present	sm8750-common:vendor/lib64/vendor.qti.hardware.data.flowaidlservice-V1-ndk.so	vendor/lib64/vendor.qti.hardware.data.flowaidlservice-V1-ndk.so
vendor/lib64/vendor.qti.hardware.data.iwlandata-V2-ndk.so	selected-present	sm8750-common:vendor/lib64/vendor.qti.hardware.data.iwlandata-V2-ndk.so	vendor/lib64/vendor.qti.hardware.data.iwlandata-V2-ndk.so
vendor/lib64/vendor.qti.hardware.data.ka-V1-ndk.so	selected-present	sm8750-common:vendor/lib64/vendor.qti.hardware.data.ka-V1-ndk.so	vendor/lib64/vendor.qti.hardware.data.ka-V1-ndk.so
vendor/lib64/vendor.qti.hardware.data.latency@1.0.so	selected-present	sm8750-common:vendor/lib64/vendor.qti.hardware.data.latency@1.0.so	vendor/lib64/vendor.qti.hardware.data.latency@1.0.so
vendor/lib64/vendor.qti.hardware.data.lce@1.0.so	selected-present	sm8750-common:vendor/lib64/vendor.qti.hardware.data.lce@1.0.so	vendor/lib64/vendor.qti.hardware.data.lce@1.0.so
vendor/lib64/vendor.qti.hardware.data.lceaidlservice-V1-ndk.so	selected-present	sm8750-common:vendor/lib64/vendor.qti.hardware.data.lceaidlservice-V1-ndk.so	vendor/lib64/vendor.qti.hardware.data.lceaidlservice-V1-ndk.so
vendor/lib64/vendor.qti.hardware.data.qmiaidlservice-V1-ndk.so	selected-present	sm8750-common:vendor/lib64/vendor.qti.hardware.data.qmiaidlservice-V1-ndk.so	vendor/lib64/vendor.qti.hardware.data.qmiaidlservice-V1-ndk.so
vendor/lib64/vendor.qti.hardware.display.aiqe-V2-ndk.so	unselected-review		vendor/lib64/vendor.qti.hardware.display.aiqe-V2-ndk.so
vendor/lib64/vendor.qti.hardware.display.allocator@1.0.so	unselected-review		
vendor/lib64/vendor.qti.hardware.display.allocator@3.0.so	unselected-review		vendor/lib64/vendor.qti.hardware.display.allocator@3.0.so
vendor/lib64/vendor.qti.hardware.display.allocator@4.0.so	unselected-review		
vendor/lib64/vendor.qti.hardware.display.color-V1-ndk.so	unselected-review		vendor/lib64/vendor.qti.hardware.display.color-V1-ndk.so
vendor/lib64/vendor.qti.hardware.display.composer3-V1-ndk.so	unselected-review		
vendor/lib64/vendor.qti.hardware.display.composer3-V2-ndk.so	unselected-review		
vendor/lib64/vendor.qti.hardware.display.composer3-V3-ndk.so	unselected-review		vendor/lib64/vendor.qti.hardware.display.composer3-V3-ndk.so
vendor/lib64/vendor.qti.hardware.display.composer@1.0.so	unselected-review		
vendor/lib64/vendor.qti.hardware.display.composer@2.0.so	unselected-review		
vendor/lib64/vendor.qti.hardware.display.config-V1-ndk.so	unselected-review		vendor/lib64/vendor.qti.hardware.display.config-V1-ndk.so
vendor/lib64/vendor.qti.hardware.display.config-V10-ndk.so	unselected-review		
vendor/lib64/vendor.qti.hardware.display.config-V11-ndk.so	unselected-review		
vendor/lib64/vendor.qti.hardware.display.config-V12-ndk.so	unselected-review		vendor/lib64/vendor.qti.hardware.display.config-V12-ndk.so
vendor/lib64/vendor.qti.hardware.display.config-V2-ndk.so	unselected-review		vendor/lib64/vendor.qti.hardware.display.config-V2-ndk.so
vendor/lib64/vendor.qti.hardware.display.config-V3-ndk.so	unselected-review		
vendor/lib64/vendor.qti.hardware.display.config-V4-ndk.so	unselected-review		
vendor/lib64/vendor.qti.hardware.display.config-V5-ndk.so	unselected-review		vendor/lib64/vendor.qti.hardware.display.config-V5-ndk.so
vendor/lib64/vendor.qti.hardware.display.config-V6-ndk.so	unselected-review		
vendor/lib64/vendor.qti.hardware.display.config-V7-ndk.so	unselected-review		vendor/lib64/vendor.qti.hardware.display.config-V7-ndk.so
vendor/lib64/vendor.qti.hardware.display.config-V8-ndk.so	unselected-review		
vendor/lib64/vendor.qti.hardware.display.config-V9-ndk.so	unselected-review		
vendor/lib64/vendor.qti.hardware.display.demura-V1-ndk.so	unselected-review		vendor/lib64/vendor.qti.hardware.display.demura-V1-ndk.so
vendor/lib64/vendor.qti.hardware.display.mapper@1.0.so	unselected-review		
vendor/lib64/vendor.qti.hardware.display.mapper@1.1.so	unselected-review		
vendor/lib64/vendor.qti.hardware.display.mapper@2.0.so	unselected-review		vendor/lib64/vendor.qti.hardware.display.mapper@2.0.so
vendor/lib64/vendor.qti.hardware.display.mapper@3.0.so	unselected-review		vendor/lib64/vendor.qti.hardware.display.mapper@3.0.so
vendor/lib64/vendor.qti.hardware.display.mapper@4.0.so	unselected-review		vendor/lib64/vendor.qti.hardware.display.mapper@4.0.so
vendor/lib64/vendor.qti.hardware.display.mapperextensions@1.0.so	unselected-review		vendor/lib64/vendor.qti.hardware.display.mapperextensions@1.0.so
vendor/lib64/vendor.qti.hardware.display.mapperextensions@1.1.so	unselected-review		vendor/lib64/vendor.qti.hardware.display.mapperextensions@1.1.so
vendor/lib64/vendor.qti.hardware.display.mapperextensions@1.2.so	unselected-review		vendor/lib64/vendor.qti.hardware.display.mapperextensions@1.2.so
vendor/lib64/vendor.qti.hardware.display.mapperextensions@1.3.so	unselected-review		vendor/lib64/vendor.qti.hardware.display.mapperextensions@1.3.so
vendor/lib64/vendor.qti.hardware.display.postproc-V1-ndk.so	unselected-review		vendor/lib64/vendor.qti.hardware.display.postproc-V1-ndk.so
vendor/lib64/vendor.qti.hardware.display.snapalloc-impl.so	selected-present	sm8750-common:vendor/lib64/vendor.qti.hardware.display.snapalloc-impl.so	vendor/lib64/vendor.qti.hardware.display.snapalloc-impl.so
vendor/lib64/vendor.qti.hardware.dpmaidlservice-V1-ndk.so	selected-present	sm8750-common:vendor/lib64/vendor.qti.hardware.dpmaidlservice-V1-ndk.so	vendor/lib64/vendor.qti.hardware.dpmaidlservice-V1-ndk.so
vendor/lib64/vendor.qti.hardware.dsp-V1-ndk.so	selected-present	sm8750-common:vendor/lib64/vendor.qti.hardware.dsp-V1-ndk.so	vendor/lib64/vendor.qti.hardware.dsp-V1-ndk.so
vendor/lib64/vendor.qti.hardware.embmsslaidl-V2-ndk.so	selected-present	sm8750-common:vendor/lib64/vendor.qti.hardware.embmsslaidl-V2-ndk.so	vendor/lib64/vendor.qti.hardware.embmsslaidl-V2-ndk.so
vendor/lib64/vendor.qti.hardware.fingerprint-V1-ndk.so	selected-present	sm8750-common:vendor/lib64/vendor.qti.hardware.fingerprint-V1-ndk.so	vendor/lib64/vendor.qti.hardware.fingerprint-V1-ndk.so
vendor/lib64/vendor.qti.hardware.fingerprint@1.0.so	selected-present	piano:vendor/lib64/vendor.qti.hardware.fingerprint@1.0.so	vendor/lib64/vendor.qti.hardware.fingerprint@1.0.so
vendor/lib64/vendor.qti.hardware.fm-V1-ndk.so	selected-present	sm8750-common:vendor/lib64/vendor.qti.hardware.fm-V1-ndk.so	vendor/lib64/vendor.qti.hardware.fm-V1-ndk.so
vendor/lib64/vendor.qti.hardware.fm@1.0.so	selected-present	sm8750-common:vendor/lib64/vendor.qti.hardware.fm@1.0.so	vendor/lib64/vendor.qti.hardware.fm@1.0.so
vendor/lib64/vendor.qti.hardware.hexlp-V1-ndk.so	selected-present	sm8750-common:vendor/lib64/vendor.qti.hardware.hexlp-V1-ndk.so	vendor/lib64/vendor.qti.hardware.hexlp-V1-ndk.so
vendor/lib64/vendor.qti.hardware.iop@1.0.so	selected-present	sm8750-common:vendor/lib64/vendor.qti.hardware.iop@1.0.so	vendor/lib64/vendor.qti.hardware.iop@1.0.so
vendor/lib64/vendor.qti.hardware.iop@2.0.so	selected-present	sm8750-common:vendor/lib64/vendor.qti.hardware.iop@2.0.so	vendor/lib64/vendor.qti.hardware.iop@2.0.so
vendor/lib64/vendor.qti.hardware.minkipcbinder-V1-ndk.so	selected-present	piano:vendor/lib64/vendor.qti.hardware.minkipcbinder-V1-ndk.so	vendor/lib64/vendor.qti.hardware.minkipcbinder-V1-ndk.so
vendor/lib64/vendor.qti.hardware.mwqemadapteraidlservice-V1-ndk.so	selected-present	sm8750-common:vendor/lib64/vendor.qti.hardware.mwqemadapteraidlservice-V1-ndk.so	vendor/lib64/vendor.qti.hardware.mwqemadapteraidlservice-V1-ndk.so
vendor/lib64/vendor.qti.hardware.pal-V1-ndk.so	unselected-review		vendor/lib64/vendor.qti.hardware.pal-V1-ndk.so
vendor/lib64/vendor.qti.hardware.paleventnotifier-V2-ndk.so	unselected-review		vendor/lib64/vendor.qti.hardware.paleventnotifier-V2-ndk.so
vendor/lib64/vendor.qti.hardware.perf2-V1-ndk.so	selected-present	sm8750-common:vendor/lib64/vendor.qti.hardware.perf2-V1-ndk.so	vendor/lib64/vendor.qti.hardware.perf2-V1-ndk.so
vendor/lib64/vendor.qti.hardware.perf@2.0.so	unselected-review		
vendor/lib64/vendor.qti.hardware.perf@2.1.so	unselected-review		
vendor/lib64/vendor.qti.hardware.perf@2.2.so	unselected-review		
vendor/lib64/vendor.qti.hardware.power.powermodule-V1-ndk.so	selected-present	sm8750-common:vendor/lib64/vendor.qti.hardware.power.powermodule-V1-ndk.so	vendor/lib64/vendor.qti.hardware.power.powermodule-V1-ndk.so
vendor/lib64/vendor.qti.hardware.qasr-V2-ndk.so	selected-present	sm8750-common:vendor/lib64/vendor.qti.hardware.qasr-V2-ndk.so	vendor/lib64/vendor.qti.hardware.qasr-V2-ndk.so
vendor/lib64/vendor.qti.hardware.qconfig-V1-ndk.so	selected-present	sm8750-common:vendor/lib64/vendor.qti.hardware.qconfig-V1-ndk.so	vendor/lib64/vendor.qti.hardware.qconfig-V1-ndk.so
vendor/lib64/vendor.qti.hardware.qdutils_disp@1.0.so	selected-present	sm8750-common:vendor/lib64/vendor.qti.hardware.qdutils_disp@1.0.so	vendor/lib64/vendor.qti.hardware.qdutils_disp@1.0.so
vendor/lib64/vendor.qti.hardware.qseecom-V1-ndk.so	selected-present	sm8750-common:vendor/lib64/vendor.qti.hardware.qseecom-V1-ndk.so	vendor/lib64/vendor.qti.hardware.qseecom-V1-ndk.so
vendor/lib64/vendor.qti.hardware.qseecom@1.0.so	selected-present	sm8750-common:vendor/lib64/vendor.qti.hardware.qseecom@1.0.so	vendor/lib64/vendor.qti.hardware.qseecom@1.0.so
vendor/lib64/vendor.qti.hardware.qspa-V1-ndk.so	unselected-review		vendor/lib64/vendor.qti.hardware.qspa-V1-ndk.so
vendor/lib64/vendor.qti.hardware.qteeconnector@1.0.so	selected-present	sm8750-common:vendor/lib64/vendor.qti.hardware.qteeconnector@1.0.so	vendor/lib64/vendor.qti.hardware.qteeconnector@1.0.so
vendor/lib64/vendor.qti.hardware.qxr-V2-ndk.so	selected-present	sm8750-common:vendor/lib64/vendor.qti.hardware.qxr-V2-ndk.so	vendor/lib64/vendor.qti.hardware.qxr-V2-ndk.so
vendor/lib64/vendor.qti.hardware.radio.am-V1-ndk.so	selected-present	sm8750-common:vendor/lib64/vendor.qti.hardware.radio.am-V1-ndk.so	vendor/lib64/vendor.qti.hardware.radio.am-V1-ndk.so
vendor/lib64/vendor.qti.hardware.radio.am@1.0.so	selected-present	sm8750-common:vendor/lib64/vendor.qti.hardware.radio.am@1.0.so	vendor/lib64/vendor.qti.hardware.radio.am@1.0.so
vendor/lib64/vendor.qti.hardware.radio.atcmdfwd@1.0.so	selected-present	sm8750-common:vendor/lib64/vendor.qti.hardware.radio.atcmdfwd@1.0.so	vendor/lib64/vendor.qti.hardware.radio.atcmdfwd@1.0.so
vendor/lib64/vendor.qti.hardware.radio.atfwd-V1-ndk.so	selected-present	sm8750-common:vendor/lib64/vendor.qti.hardware.radio.atfwd-V1-ndk.so	vendor/lib64/vendor.qti.hardware.radio.atfwd-V1-ndk.so
vendor/lib64/vendor.qti.hardware.radio.common-V1-ndk.so	selected-present	sm8750-common:vendor/lib64/vendor.qti.hardware.radio.common-V1-ndk.so	vendor/lib64/vendor.qti.hardware.radio.common-V1-ndk.so
vendor/lib64/vendor.qti.hardware.radio.ims-V16-ndk.so	selected-present	sm8750-common:vendor/lib64/vendor.qti.hardware.radio.ims-V16-ndk.so	vendor/lib64/vendor.qti.hardware.radio.ims-V16-ndk.so
vendor/lib64/vendor.qti.hardware.radio.ims@1.0.so	selected-present	sm8750-common:vendor/lib64/vendor.qti.hardware.radio.ims@1.0.so	vendor/lib64/vendor.qti.hardware.radio.ims@1.0.so
vendor/lib64/vendor.qti.hardware.radio.ims@1.1.so	selected-present	sm8750-common:vendor/lib64/vendor.qti.hardware.radio.ims@1.1.so	vendor/lib64/vendor.qti.hardware.radio.ims@1.1.so
vendor/lib64/vendor.qti.hardware.radio.ims@1.2.so	selected-present	sm8750-common:vendor/lib64/vendor.qti.hardware.radio.ims@1.2.so	vendor/lib64/vendor.qti.hardware.radio.ims@1.2.so
vendor/lib64/vendor.qti.hardware.radio.ims@1.3.so	selected-present	sm8750-common:vendor/lib64/vendor.qti.hardware.radio.ims@1.3.so	vendor/lib64/vendor.qti.hardware.radio.ims@1.3.so
vendor/lib64/vendor.qti.hardware.radio.ims@1.4.so	selected-present	sm8750-common:vendor/lib64/vendor.qti.hardware.radio.ims@1.4.so	vendor/lib64/vendor.qti.hardware.radio.ims@1.4.so
vendor/lib64/vendor.qti.hardware.radio.ims@1.5.so	selected-present	sm8750-common:vendor/lib64/vendor.qti.hardware.radio.ims@1.5.so	vendor/lib64/vendor.qti.hardware.radio.ims@1.5.so
vendor/lib64/vendor.qti.hardware.radio.ims@1.6.so	selected-present	sm8750-common:vendor/lib64/vendor.qti.hardware.radio.ims@1.6.so	vendor/lib64/vendor.qti.hardware.radio.ims@1.6.so
vendor/lib64/vendor.qti.hardware.radio.ims@1.7.so	selected-present	sm8750-common:vendor/lib64/vendor.qti.hardware.radio.ims@1.7.so	vendor/lib64/vendor.qti.hardware.radio.ims@1.7.so
vendor/lib64/vendor.qti.hardware.radio.ims@1.8.so	selected-present	sm8750-common:vendor/lib64/vendor.qti.hardware.radio.ims@1.8.so	vendor/lib64/vendor.qti.hardware.radio.ims@1.8.so
vendor/lib64/vendor.qti.hardware.radio.internal.deviceinfo-V1-ndk.so	selected-present	sm8750-common:vendor/lib64/vendor.qti.hardware.radio.internal.deviceinfo-V1-ndk.so	vendor/lib64/vendor.qti.hardware.radio.internal.deviceinfo-V1-ndk.so
vendor/lib64/vendor.qti.hardware.radio.lpa-V1-ndk.so	selected-present	sm8750-common:vendor/lib64/vendor.qti.hardware.radio.lpa-V1-ndk.so	vendor/lib64/vendor.qti.hardware.radio.lpa-V1-ndk.so
vendor/lib64/vendor.qti.hardware.radio.lpa@1.0.so	selected-present	sm8750-common:vendor/lib64/vendor.qti.hardware.radio.lpa@1.0.so	vendor/lib64/vendor.qti.hardware.radio.lpa@1.0.so
vendor/lib64/vendor.qti.hardware.radio.lpa@1.1.so	selected-present	sm8750-common:vendor/lib64/vendor.qti.hardware.radio.lpa@1.1.so	vendor/lib64/vendor.qti.hardware.radio.lpa@1.1.so
vendor/lib64/vendor.qti.hardware.radio.lpa@1.2.so	selected-present	sm8750-common:vendor/lib64/vendor.qti.hardware.radio.lpa@1.2.so	vendor/lib64/vendor.qti.hardware.radio.lpa@1.2.so
vendor/lib64/vendor.qti.hardware.radio.qcrilhook-V1-ndk.so	selected-present	sm8750-common:vendor/lib64/vendor.qti.hardware.radio.qcrilhook-V1-ndk.so	vendor/lib64/vendor.qti.hardware.radio.qcrilhook-V1-ndk.so
vendor/lib64/vendor.qti.hardware.radio.qcrilhook@1.0.so	selected-present	sm8750-common:vendor/lib64/vendor.qti.hardware.radio.qcrilhook@1.0.so	vendor/lib64/vendor.qti.hardware.radio.qcrilhook@1.0.so
vendor/lib64/vendor.qti.hardware.radio.qtiradio-V14-ndk.so	selected-present	sm8750-common:vendor/lib64/vendor.qti.hardware.radio.qtiradio-V14-ndk.so	vendor/lib64/vendor.qti.hardware.radio.qtiradio-V14-ndk.so
vendor/lib64/vendor.qti.hardware.radio.qtiradio@1.0.so	selected-present	sm8750-common:vendor/lib64/vendor.qti.hardware.radio.qtiradio@1.0.so	vendor/lib64/vendor.qti.hardware.radio.qtiradio@1.0.so
vendor/lib64/vendor.qti.hardware.radio.qtiradio@2.0.so	selected-present	sm8750-common:vendor/lib64/vendor.qti.hardware.radio.qtiradio@2.0.so	vendor/lib64/vendor.qti.hardware.radio.qtiradio@2.0.so
vendor/lib64/vendor.qti.hardware.radio.qtiradio@2.1.so	selected-present	sm8750-common:vendor/lib64/vendor.qti.hardware.radio.qtiradio@2.1.so	vendor/lib64/vendor.qti.hardware.radio.qtiradio@2.1.so
vendor/lib64/vendor.qti.hardware.radio.qtiradio@2.2.so	selected-present	sm8750-common:vendor/lib64/vendor.qti.hardware.radio.qtiradio@2.2.so	vendor/lib64/vendor.qti.hardware.radio.qtiradio@2.2.so
vendor/lib64/vendor.qti.hardware.radio.qtiradio@2.3.so	selected-present	sm8750-common:vendor/lib64/vendor.qti.hardware.radio.qtiradio@2.3.so	vendor/lib64/vendor.qti.hardware.radio.qtiradio@2.3.so
vendor/lib64/vendor.qti.hardware.radio.qtiradio@2.4.so	selected-present	sm8750-common:vendor/lib64/vendor.qti.hardware.radio.qtiradio@2.4.so	vendor/lib64/vendor.qti.hardware.radio.qtiradio@2.4.so
vendor/lib64/vendor.qti.hardware.radio.qtiradio@2.5.so	selected-present	sm8750-common:vendor/lib64/vendor.qti.hardware.radio.qtiradio@2.5.so	vendor/lib64/vendor.qti.hardware.radio.qtiradio@2.5.so
vendor/lib64/vendor.qti.hardware.radio.qtiradio@2.6.so	selected-present	sm8750-common:vendor/lib64/vendor.qti.hardware.radio.qtiradio@2.6.so	vendor/lib64/vendor.qti.hardware.radio.qtiradio@2.6.so
vendor/lib64/vendor.qti.hardware.radio.qtiradioconfig-V6-ndk.so	selected-present	sm8750-common:vendor/lib64/vendor.qti.hardware.radio.qtiradioconfig-V6-ndk.so	vendor/lib64/vendor.qti.hardware.radio.qtiradioconfig-V6-ndk.so
vendor/lib64/vendor.qti.hardware.radio.uim-V1-ndk.so	selected-present	sm8750-common:vendor/lib64/vendor.qti.hardware.radio.uim-V1-ndk.so	vendor/lib64/vendor.qti.hardware.radio.uim-V1-ndk.so
vendor/lib64/vendor.qti.hardware.radio.uim@1.0.so	selected-present	sm8750-common:vendor/lib64/vendor.qti.hardware.radio.uim@1.0.so	vendor/lib64/vendor.qti.hardware.radio.uim@1.0.so
vendor/lib64/vendor.qti.hardware.radio.uim@1.1.so	selected-present	sm8750-common:vendor/lib64/vendor.qti.hardware.radio.uim@1.1.so	vendor/lib64/vendor.qti.hardware.radio.uim@1.1.so
vendor/lib64/vendor.qti.hardware.radio.uim@1.2.so	selected-present	sm8750-common:vendor/lib64/vendor.qti.hardware.radio.uim@1.2.so	vendor/lib64/vendor.qti.hardware.radio.uim@1.2.so
vendor/lib64/vendor.qti.hardware.radio.uim_remote_client-V1-ndk.so	selected-present	sm8750-common:vendor/lib64/vendor.qti.hardware.radio.uim_remote_client-V1-ndk.so	vendor/lib64/vendor.qti.hardware.radio.uim_remote_client-V1-ndk.so
vendor/lib64/vendor.qti.hardware.radio.uim_remote_client@1.0.so	selected-present	sm8750-common:vendor/lib64/vendor.qti.hardware.radio.uim_remote_client@1.0.so	vendor/lib64/vendor.qti.hardware.radio.uim_remote_client@1.0.so
vendor/lib64/vendor.qti.hardware.radio.uim_remote_client@1.1.so	selected-present	sm8750-common:vendor/lib64/vendor.qti.hardware.radio.uim_remote_client@1.1.so	vendor/lib64/vendor.qti.hardware.radio.uim_remote_client@1.1.so
vendor/lib64/vendor.qti.hardware.radio.uim_remote_client@1.2.so	selected-present	sm8750-common:vendor/lib64/vendor.qti.hardware.radio.uim_remote_client@1.2.so	vendor/lib64/vendor.qti.hardware.radio.uim_remote_client@1.2.so
vendor/lib64/vendor.qti.hardware.radio.uim_remote_server-V1-ndk.so	selected-present	sm8750-common:vendor/lib64/vendor.qti.hardware.radio.uim_remote_server-V1-ndk.so	vendor/lib64/vendor.qti.hardware.radio.uim_remote_server-V1-ndk.so
vendor/lib64/vendor.qti.hardware.radio.uim_remote_server@1.0.so	selected-present	sm8750-common:vendor/lib64/vendor.qti.hardware.radio.uim_remote_server@1.0.so	vendor/lib64/vendor.qti.hardware.radio.uim_remote_server@1.0.so
vendor/lib64/vendor.qti.hardware.secureprocessor.common-V1-ndk.so	selected-present	sm8750-common:vendor/lib64/vendor.qti.hardware.secureprocessor.common-V1-ndk.so	vendor/lib64/vendor.qti.hardware.secureprocessor.common-V1-ndk.so
vendor/lib64/vendor.qti.hardware.secureprocessor.common-helper.so	selected-present	sm8750-common:vendor/lib64/vendor.qti.hardware.secureprocessor.common-helper.so	vendor/lib64/vendor.qti.hardware.secureprocessor.common-helper.so
vendor/lib64/vendor.qti.hardware.secureprocessor.config-V1-ndk.so	selected-present	sm8750-common:vendor/lib64/vendor.qti.hardware.secureprocessor.config-V1-ndk.so	vendor/lib64/vendor.qti.hardware.secureprocessor.config-V1-ndk.so
vendor/lib64/vendor.qti.hardware.secureprocessor.device-V1-ndk.so	selected-present	sm8750-common:vendor/lib64/vendor.qti.hardware.secureprocessor.device-V1-ndk.so	vendor/lib64/vendor.qti.hardware.secureprocessor.device-V1-ndk.so
vendor/lib64/vendor.qti.hardware.sensorscalibrate-V1-ndk.so	selected-present	sm8750-common:vendor/lib64/vendor.qti.hardware.sensorscalibrate-V1-ndk.so	vendor/lib64/vendor.qti.hardware.sensorscalibrate-V1-ndk.so
vendor/lib64/vendor.qti.hardware.servicetracker@1.0.so	unselected-review		vendor/lib64/vendor.qti.hardware.servicetracker@1.0.so
vendor/lib64/vendor.qti.hardware.servicetracker@1.1.so	unselected-review		vendor/lib64/vendor.qti.hardware.servicetracker@1.1.so
vendor/lib64/vendor.qti.hardware.servicetrackeraidl-V1-ndk.so	unselected-review		vendor/lib64/vendor.qti.hardware.servicetrackeraidl-V1-ndk.so
vendor/lib64/vendor.qti.hardware.sigma_miracast_aidl-V1-ndk.so	unselected-review		
vendor/lib64/vendor.qti.hardware.soter-V1-ndk.so	selected-present	sm8750-common:vendor/lib64/vendor.qti.hardware.soter-V1-ndk.so	vendor/lib64/vendor.qti.hardware.soter-V1-ndk.so
vendor/lib64/vendor.qti.hardware.systemhelper@1.0.so	unselected-review		vendor/lib64/vendor.qti.hardware.systemhelper@1.0.so
vendor/lib64/vendor.qti.hardware.systemhelperaidl-V1-ndk.so	unselected-review		vendor/lib64/vendor.qti.hardware.systemhelperaidl-V1-ndk.so
vendor/lib64/vendor.qti.hardware.trustedui-V1-ndk.so	selected-present	sm8750-common:vendor/lib64/vendor.qti.hardware.trustedui-V1-ndk.so	vendor/lib64/vendor.qti.hardware.trustedui-V1-ndk.so
vendor/lib64/vendor.qti.hardware.trustedui@1.0.so	unselected-review		
vendor/lib64/vendor.qti.hardware.vpp-V1-ndk.so	selected-present	sm8750-common:vendor/lib64/vendor.qti.hardware.vpp-V1-ndk.so	vendor/lib64/vendor.qti.hardware.vpp-V1-ndk.so
vendor/lib64/vendor.qti.hardware.vpp@1.1.so	selected-present	sm8750-common:vendor/lib64/vendor.qti.hardware.vpp@1.1.so	vendor/lib64/vendor.qti.hardware.vpp@1.1.so
vendor/lib64/vendor.qti.hardware.vpp@1.2.so	selected-present	sm8750-common:vendor/lib64/vendor.qti.hardware.vpp@1.2.so	vendor/lib64/vendor.qti.hardware.vpp@1.2.so
vendor/lib64/vendor.qti.hardware.vpp@1.3.so	selected-present	sm8750-common:vendor/lib64/vendor.qti.hardware.vpp@1.3.so	vendor/lib64/vendor.qti.hardware.vpp@1.3.so
vendor/lib64/vendor.qti.hardware.wifi.supplicant-V1-ndk.so	unselected-review		
vendor/lib64/vendor.qti.hardware.wifi.wifilearner-V1-ndk.so	unselected-review		
vendor/lib64/vendor.qti.hardware.wifidisplaysession_aidl-V1-ndk.so	selected-present	sm8750-common:vendor/lib64/vendor.qti.hardware.wifidisplaysession_aidl-V1-ndk.so	vendor/lib64/vendor.qti.hardware.wifidisplaysession_aidl-V1-ndk.so
vendor/lib64/vendor.qti.hardware.wifidisplaysessionl@1.0-halimpl.so	selected-present	sm8750-common:vendor/lib64/vendor.qti.hardware.wifidisplaysessionl@1.0-halimpl.so	vendor/lib64/vendor.qti.hardware.wifidisplaysessionl@1.0-halimpl.so
vendor/lib64/vendor.qti.hardware.wigig.netperftuner@1.0.so	unselected-review		
vendor/lib64/vendor.qti.ims.callcapability@1.0.so	selected-present	sm8750-common:vendor/lib64/vendor.qti.ims.callcapability@1.0.so	vendor/lib64/vendor.qti.ims.callcapability@1.0.so
vendor/lib64/vendor.qti.ims.callcapabilityaidlservice-V1-ndk.so	selected-present	sm8750-common:vendor/lib64/vendor.qti.ims.callcapabilityaidlservice-V1-ndk.so	vendor/lib64/vendor.qti.ims.callcapabilityaidlservice-V1-ndk.so
vendor/lib64/vendor.qti.ims.callinfo@1.0.so	selected-present	sm8750-common:vendor/lib64/vendor.qti.ims.callinfo@1.0.so	vendor/lib64/vendor.qti.ims.callinfo@1.0.so
vendor/lib64/vendor.qti.ims.configaidlservice-V1-ndk.so	selected-present	sm8750-common:vendor/lib64/vendor.qti.ims.configaidlservice-V1-ndk.so	vendor/lib64/vendor.qti.ims.configaidlservice-V1-ndk.so
vendor/lib64/vendor.qti.ims.connectionaidlservice-V1-ndk.so	selected-present	sm8750-common:vendor/lib64/vendor.qti.ims.connectionaidlservice-V1-ndk.so	vendor/lib64/vendor.qti.ims.connectionaidlservice-V1-ndk.so
vendor/lib64/vendor.qti.ims.factoryaidlservice-V1-ndk.so	selected-present	sm8750-common:vendor/lib64/vendor.qti.ims.factoryaidlservice-V1-ndk.so	vendor/lib64/vendor.qti.ims.factoryaidlservice-V1-ndk.so
vendor/lib64/vendor.qti.ims.imscmaidlservice-V1-ndk.so	selected-present	sm8750-common:vendor/lib64/vendor.qti.ims.imscmaidlservice-V1-ndk.so	vendor/lib64/vendor.qti.ims.imscmaidlservice-V1-ndk.so
vendor/lib64/vendor.qti.ims.rcsconfig@1.0.so	selected-present	sm8750-common:vendor/lib64/vendor.qti.ims.rcsconfig@1.0.so	vendor/lib64/vendor.qti.ims.rcsconfig@1.0.so
vendor/lib64/vendor.qti.ims.rcsconfig@1.1.so	selected-present	sm8750-common:vendor/lib64/vendor.qti.ims.rcsconfig@1.1.so	vendor/lib64/vendor.qti.ims.rcsconfig@1.1.so
vendor/lib64/vendor.qti.ims.rcsconfig@2.0.so	selected-present	sm8750-common:vendor/lib64/vendor.qti.ims.rcsconfig@2.0.so	vendor/lib64/vendor.qti.ims.rcsconfig@2.0.so
vendor/lib64/vendor.qti.ims.rcsconfig@2.1.so	selected-present	sm8750-common:vendor/lib64/vendor.qti.ims.rcsconfig@2.1.so	vendor/lib64/vendor.qti.ims.rcsconfig@2.1.so
vendor/lib64/vendor.qti.ims.rcssipaidlservice-V1-ndk.so	selected-present	sm8750-common:vendor/lib64/vendor.qti.ims.rcssipaidlservice-V1-ndk.so	vendor/lib64/vendor.qti.ims.rcssipaidlservice-V1-ndk.so
vendor/lib64/vendor.qti.ims.rcsuceaidlservice-V1-ndk.so	selected-present	sm8750-common:vendor/lib64/vendor.qti.ims.rcsuceaidlservice-V1-ndk.so	vendor/lib64/vendor.qti.ims.rcsuceaidlservice-V1-ndk.so
vendor/lib64/vendor.qti.ims.uceaidlservice-V1-ndk.so	selected-present	sm8750-common:vendor/lib64/vendor.qti.ims.uceaidlservice-V1-ndk.so	vendor/lib64/vendor.qti.ims.uceaidlservice-V1-ndk.so
vendor/lib64/vendor.qti.latency@2.0.so	selected-present	sm8750-common:vendor/lib64/vendor.qti.latency@2.0.so	vendor/lib64/vendor.qti.latency@2.0.so
vendor/lib64/vendor.qti.latency@2.1.so	selected-present	sm8750-common:vendor/lib64/vendor.qti.latency@2.1.so	vendor/lib64/vendor.qti.latency@2.1.so
vendor/lib64/vendor.qti.latency@2.2.so	selected-present	sm8750-common:vendor/lib64/vendor.qti.latency@2.2.so	vendor/lib64/vendor.qti.latency@2.2.so
vendor/lib64/vendor.qti.latencyaidlservice-V1-ndk.so	selected-present	sm8750-common:vendor/lib64/vendor.qti.latencyaidlservice-V1-ndk.so	vendor/lib64/vendor.qti.latencyaidlservice-V1-ndk.so
vendor/lib64/vendor.qti.memory.pasrmanager-V1-ndk.so	selected-present	sm8750-common:vendor/lib64/vendor.qti.memory.pasrmanager-V1-ndk.so	vendor/lib64/vendor.qti.memory.pasrmanager-V1-ndk.so
vendor/lib64/vendor.qti.memory.pasrmanager@1.0.so	selected-present	sm8750-common:vendor/lib64/vendor.qti.memory.pasrmanager@1.0.so	vendor/lib64/vendor.qti.memory.pasrmanager@1.0.so
vendor/lib64/vendor.qti.power.pasrmanager@1.0.so	selected-present	sm8750-common:vendor/lib64/vendor.qti.power.pasrmanager@1.0.so	vendor/lib64/vendor.qti.power.pasrmanager@1.0.so
vendor/lib64/vendor.qti.qccsyshal_aidl-V1-ndk.so	selected-present	sm8750-common:vendor/lib64/vendor.qti.qccsyshal_aidl-V1-ndk.so	vendor/lib64/vendor.qti.qccsyshal_aidl-V1-ndk.so
vendor/lib64/vendor.qti.qccvndhal_aidl-V1-ndk.so	selected-present	sm8750-common:vendor/lib64/vendor.qti.qccvndhal_aidl-V1-ndk.so	vendor/lib64/vendor.qti.qccvndhal_aidl-V1-ndk.so
vendor/lib64/vendor.qti.qccvndhal_aidl-halimpl.so	selected-present	sm8750-common:vendor/lib64/vendor.qti.qccvndhal_aidl-halimpl.so	vendor/lib64/vendor.qti.qccvndhal_aidl-halimpl.so
vendor/lib64/vendor.qti.qesdhal-impl.so	selected-present	sm8750-common:vendor/lib64/vendor.qti.qesdhal-impl.so	vendor/lib64/vendor.qti.qesdhal-impl.so
vendor/lib64/vendor.qti.qesdhal@1.0.so	selected-present	sm8750-common:vendor/lib64/vendor.qti.qesdhal@1.0.so	vendor/lib64/vendor.qti.qesdhal@1.0.so
vendor/lib64/vendor.qti.qesdhal@1.1.so	selected-present	sm8750-common:vendor/lib64/vendor.qti.qesdhal@1.1.so	vendor/lib64/vendor.qti.qesdhal@1.1.so
vendor/lib64/vendor.qti.qesdhal@1.2.so	selected-present	sm8750-common:vendor/lib64/vendor.qti.qesdhal@1.2.so	vendor/lib64/vendor.qti.qesdhal@1.2.so
vendor/lib64/vendor.qti.qesdhal@1.3.so	selected-present	sm8750-common:vendor/lib64/vendor.qti.qesdhal@1.3.so	vendor/lib64/vendor.qti.qesdhal@1.3.so
vendor/lib64/vendor.qti.qesdhalaidl-V2-ndk.so	selected-present	sm8750-common:vendor/lib64/vendor.qti.qesdhalaidl-V2-ndk.so	vendor/lib64/vendor.qti.qesdhalaidl-V2-ndk.so
vendor/lib64/vendor.qti.qesdsys-V3-ndk.so	selected-present	sm8750-common:vendor/lib64/vendor.qti.qesdsys-V3-ndk.so	vendor/lib64/vendor.qti.qesdsys-V3-ndk.so
vendor/lib64/vendor.qti.qesdsys-V4-ndk.so	selected-present	sm8750-common:vendor/lib64/vendor.qti.qesdsys-V4-ndk.so	vendor/lib64/vendor.qti.qesdsys-V4-ndk.so
vendor/lib64/vendor.qti.qspmhal-V1-ndk.so	selected-present	sm8750-common:vendor/lib64/vendor.qti.qspmhal-V1-ndk.so	vendor/lib64/vendor.qti.qspmhal-V1-ndk.so
vendor/lib64/vendor.qti.qspmhal-impl.so	selected-present	sm8750-common:vendor/lib64/vendor.qti.qspmhal-impl.so	vendor/lib64/vendor.qti.qspmhal-impl.so
vendor/lib64/vendor.qti.sla.service-V1-ndk.so	selected-present	sm8750-common:vendor/lib64/vendor.qti.sla.service-V1-ndk.so	vendor/lib64/vendor.qti.sla.service-V1-ndk.so
vendor/lib64/vendor.qti.snapdragonServices-V1-ndk.so	selected-present	sm8750-common:vendor/lib64/vendor.qti.snapdragonServices-V1-ndk.so	vendor/lib64/vendor.qti.snapdragonServices-V1-ndk.so
vendor/lib64/vendor.qti.snapdragonServices.qape-V1-ndk.so	selected-present	sm8750-common:vendor/lib64/vendor.qti.snapdragonServices.qape-V1-ndk.so	vendor/lib64/vendor.qti.snapdragonServices.qape-V1-ndk.so
vendor/lib64/vendor.qti.syshealthmon-V1-ndk.so	selected-present	sm8750-common:vendor/lib64/vendor.qti.syshealthmon-V1-ndk.so	vendor/lib64/vendor.qti.syshealthmon-V1-ndk.so
vendor/lib64/vendor.xiaomi.aidl.minet-V1-ndk.so	selected-present	piano:vendor/lib64/vendor.xiaomi.aidl.minet-V1-ndk.so	vendor/lib64/vendor.xiaomi.aidl.minet-V1-ndk.so
vendor/lib64/vendor.xiaomi.aidl.miwill-V1-ndk.so	selected-present	piano:vendor/lib64/vendor.xiaomi.aidl.miwill-V1-ndk.so	vendor/lib64/vendor.xiaomi.aidl.miwill-V1-ndk.so
vendor/lib64/vendor.xiaomi.aidl.miwill@1.0-impl.so	selected-present	piano:vendor/lib64/vendor.xiaomi.aidl.miwill@1.0-impl.so	vendor/lib64/vendor.xiaomi.aidl.miwill@1.0-impl.so
vendor/lib64/vendor.xiaomi.cit.bluetooth-V1-ndk.so	unselected-review		
vendor/lib64/vendor.xiaomi.cit.wifi-V2-ndk.so	unselected-review		
vendor/lib64/vendor.xiaomi.hardware.aek-V1-ndk.so	unselected-review		
vendor/lib64/vendor.xiaomi.hardware.aidl.intentaware-V1-impl.so	selected-present	piano:vendor/lib64/vendor.xiaomi.hardware.aidl.intentaware-V1-impl.so	vendor/lib64/vendor.xiaomi.hardware.aidl.intentaware-V1-impl.so
vendor/lib64/vendor.xiaomi.hardware.aidl.intentaware-V1-ndk_platform.so	selected-present	piano:vendor/lib64/vendor.xiaomi.hardware.aidl.intentaware-V1-ndk_platform.so	vendor/lib64/vendor.xiaomi.hardware.aidl.intentaware-V1-ndk_platform.so
vendor/lib64/vendor.xiaomi.hardware.aidl.mtdservice-V1-ndk.so	selected-present	sm8750-common:vendor/lib64/vendor.xiaomi.hardware.aidl.mtdservice-V1-ndk.so	vendor/lib64/vendor.xiaomi.hardware.aidl.mtdservice-V1-ndk.so
vendor/lib64/vendor.xiaomi.hardware.aidl.mtdservice-V1-ndk_platform.so	selected-present	sm8750-common:vendor/lib64/vendor.xiaomi.hardware.aidl.mtdservice-V1-ndk_platform.so	vendor/lib64/vendor.xiaomi.hardware.aidl.mtdservice-V1-ndk_platform.so
vendor/lib64/vendor.xiaomi.hardware.aidl.tidaservice-V1-ndk.so	selected-present	sm8750-common:vendor/lib64/vendor.xiaomi.hardware.aidl.tidaservice-V1-ndk.so	vendor/lib64/vendor.xiaomi.hardware.aidl.tidaservice-V1-ndk.so
vendor/lib64/vendor.xiaomi.hardware.aidlbgservice-V1-impl.so	selected-present	piano:vendor/lib64/vendor.xiaomi.hardware.aidlbgservice-V1-impl.so	vendor/lib64/vendor.xiaomi.hardware.aidlbgservice-V1-impl.so
vendor/lib64/vendor.xiaomi.hardware.aidlbgservice-V1-ndk.so	selected-present	piano:vendor/lib64/vendor.xiaomi.hardware.aidlbgservice-V1-ndk.so	vendor/lib64/vendor.xiaomi.hardware.aidlbgservice-V1-ndk.so
vendor/lib64/vendor.xiaomi.hardware.aon-V1-ndk.so	selected-present	piano:vendor/lib64/vendor.xiaomi.hardware.aon-V1-ndk.so	vendor/lib64/vendor.xiaomi.hardware.aon-V1-ndk.so
vendor/lib64/vendor.xiaomi.hardware.batteryantiaging-V1-ndk.so	selected-present	piano:vendor/lib64/vendor.xiaomi.hardware.batteryantiaging-V1-ndk.so	vendor/lib64/vendor.xiaomi.hardware.batteryantiaging-V1-ndk.so
vendor/lib64/vendor.xiaomi.hardware.bgservice@1.0-impl.so	selected-present	piano:vendor/lib64/vendor.xiaomi.hardware.bgservice@1.0-impl.so	vendor/lib64/vendor.xiaomi.hardware.bgservice@1.0-impl.so
vendor/lib64/vendor.xiaomi.hardware.bgservice@1.0.so	selected-present	piano:vendor/lib64/vendor.xiaomi.hardware.bgservice@1.0.so	vendor/lib64/vendor.xiaomi.hardware.bgservice@1.0.so
vendor/lib64/vendor.xiaomi.hardware.blackbox-V1-ndk.so	selected-present	sm8750-common:vendor/lib64/vendor.xiaomi.hardware.blackbox-V1-ndk.so	vendor/lib64/vendor.xiaomi.hardware.blackbox-V1-ndk.so
vendor/lib64/vendor.xiaomi.hardware.camera.companion-V1-ndk.so	selected-present	piano:vendor/lib64/vendor.xiaomi.hardware.camera.companion-V1-ndk.so	vendor/lib64/vendor.xiaomi.hardware.camera.companion-V1-ndk.so
vendor/lib64/vendor.xiaomi.hardware.camera.companion-impl.so	selected-present	piano:vendor/lib64/vendor.xiaomi.hardware.camera.companion-impl.so	vendor/lib64/vendor.xiaomi.hardware.camera.companion-impl.so
vendor/lib64/vendor.xiaomi.hardware.camera.injection-V1-ndk.so	selected-present	piano:vendor/lib64/vendor.xiaomi.hardware.camera.injection-V1-ndk.so	vendor/lib64/vendor.xiaomi.hardware.camera.injection-V1-ndk.so
vendor/lib64/vendor.xiaomi.hardware.camera.injection-client.so	selected-present	piano:vendor/lib64/vendor.xiaomi.hardware.camera.injection-client.so	vendor/lib64/vendor.xiaomi.hardware.camera.injection-client.so
vendor/lib64/vendor.xiaomi.hardware.camera.injection-service.so	selected-present	piano:vendor/lib64/vendor.xiaomi.hardware.camera.injection-service.so	vendor/lib64/vendor.xiaomi.hardware.camera.injection-service.so
vendor/lib64/vendor.xiaomi.hardware.camera.synthetic-V1-ndk.so	selected-present	piano:vendor/lib64/vendor.xiaomi.hardware.camera.synthetic-V1-ndk.so	vendor/lib64/vendor.xiaomi.hardware.camera.synthetic-V1-ndk.so
vendor/lib64/vendor.xiaomi.hardware.camera.synthetic-impl.so	selected-present	piano:vendor/lib64/vendor.xiaomi.hardware.camera.synthetic-impl.so	vendor/lib64/vendor.xiaomi.hardware.camera.synthetic-impl.so
vendor/lib64/vendor.xiaomi.hardware.cld_aidl-V1-ndk.so	selected-present	piano:vendor/lib64/vendor.xiaomi.hardware.cld_aidl-V1-ndk.so	vendor/lib64/vendor.xiaomi.hardware.cld_aidl-V1-ndk.so
vendor/lib64/vendor.xiaomi.hardware.display.mihwcextension-V1-ndk.so	selected-present	sm8750-common:vendor/lib64/vendor.xiaomi.hardware.display.mihwcextension-V1-ndk.so	vendor/lib64/vendor.xiaomi.hardware.display.mihwcextension-V1-ndk.so
vendor/lib64/vendor.xiaomi.hardware.displayfeature@1.0.so	unselected-review		vendor/lib64/vendor.xiaomi.hardware.displayfeature@1.0.so
vendor/lib64/vendor.xiaomi.hardware.displayfeature_aidl-V2-ndk.so	selected-present	sm8750-common:vendor/lib64/vendor.xiaomi.hardware.displayfeature_aidl-V2-ndk.so	vendor/lib64/vendor.xiaomi.hardware.displayfeature_aidl-V2-ndk.so
vendor/lib64/vendor.xiaomi.hardware.dtool1-V1-ndk.so	selected-present	piano:vendor/lib64/vendor.xiaomi.hardware.dtool1-V1-ndk.so	vendor/lib64/vendor.xiaomi.hardware.dtool1-V1-ndk.so
vendor/lib64/vendor.xiaomi.hardware.fbo-V1-ndk.so	selected-present	piano:vendor/lib64/vendor.xiaomi.hardware.fbo-V1-ndk.so	vendor/lib64/vendor.xiaomi.hardware.fbo-V1-ndk.so
vendor/lib64/vendor.xiaomi.hardware.fingerprintextension-V1-ndk.so	selected-present	sm8750-common:vendor/lib64/vendor.xiaomi.hardware.fingerprintextension-V1-ndk.so	vendor/lib64/vendor.xiaomi.hardware.fingerprintextension-V1-ndk.so
vendor/lib64/vendor.xiaomi.hardware.fx.tunnel-V1-ndk.so	selected-present	sm8750-common:vendor/lib64/vendor.xiaomi.hardware.fx.tunnel-V1-ndk.so	vendor/lib64/vendor.xiaomi.hardware.fx.tunnel-V1-ndk.so
vendor/lib64/vendor.xiaomi.hardware.keyboardnanoapp_aidl-V1-ndk.so	selected-present	piano:vendor/lib64/vendor.xiaomi.hardware.keyboardnanoapp_aidl-V1-ndk.so	vendor/lib64/vendor.xiaomi.hardware.keyboardnanoapp_aidl-V1-ndk.so
vendor/lib64/vendor.xiaomi.hardware.mfidoca-V1-ndk.so	selected-present	sm8750-common:vendor/lib64/vendor.xiaomi.hardware.mfidoca-V1-ndk.so	vendor/lib64/vendor.xiaomi.hardware.mfidoca-V1-ndk.so
vendor/lib64/vendor.xiaomi.hardware.micharge-V2-ndk.so	selected-present	sm8750-common:vendor/lib64/vendor.xiaomi.hardware.micharge-V2-ndk.so	vendor/lib64/vendor.xiaomi.hardware.micharge-V2-ndk.so
vendor/lib64/vendor.xiaomi.hardware.mikeybag-V1-ndk.so	selected-present	piano:vendor/lib64/vendor.xiaomi.hardware.mikeybag-V1-ndk.so	vendor/lib64/vendor.xiaomi.hardware.mikeybag-V1-ndk.so
vendor/lib64/vendor.xiaomi.hardware.mimd2-V1-ndk.so	selected-present	piano:vendor/lib64/vendor.xiaomi.hardware.mimd2-V1-ndk.so	vendor/lib64/vendor.xiaomi.hardware.mimd2-V1-ndk.so
vendor/lib64/vendor.xiaomi.hardware.miperf2-V1-ndk.so	selected-present	piano:vendor/lib64/vendor.xiaomi.hardware.miperf2-V1-ndk.so	vendor/lib64/vendor.xiaomi.hardware.miperf2-V1-ndk.so
vendor/lib64/vendor.xiaomi.hardware.misys.common-V3-ndk.so	selected-present	sm8750-common:vendor/lib64/vendor.xiaomi.hardware.misys.common-V3-ndk.so	vendor/lib64/vendor.xiaomi.hardware.misys.common-V3-ndk.so
vendor/lib64/vendor.xiaomi.hardware.misys.core-V1-ndk.so	selected-present	sm8750-common:vendor/lib64/vendor.xiaomi.hardware.misys.core-V1-ndk.so	vendor/lib64/vendor.xiaomi.hardware.misys.core-V1-ndk.so
vendor/lib64/vendor.xiaomi.hardware.mlipay-V1-ndk.so	selected-present	sm8750-common:vendor/lib64/vendor.xiaomi.hardware.mlipay-V1-ndk.so	vendor/lib64/vendor.xiaomi.hardware.mlipay-V1-ndk.so
vendor/lib64/vendor.xiaomi.hardware.otrpagent2-V1-ndk.so	unselected-review		
vendor/lib64/vendor.xiaomi.hardware.swap-V1-ndk.so	unselected-review		
vendor/lib64/vendor.xiaomi.hardware.videoservice-V6-ndk.so	unselected-review		
vendor/lib64/vendor.xiaomi.hardware.videoservice-V7-ndk.so	selected-present	sm8750-common:vendor/lib64/vendor.xiaomi.hardware.videoservice-V7-ndk.so	vendor/lib64/vendor.xiaomi.hardware.videoservice-V7-ndk.so
vendor/lib64/vendor.xiaomi.hardware.vsimapp-V1-ndk.so	unselected-review		
vendor/lib64/vendor.xiaomi.hardware.wifi.hardware-V1-ndk.so	unselected-review		
vendor/lib64/vendor.xiaomi.hardware.wifi.hostapd-V1-ndk.so	unselected-review		
vendor/lib64/vendor.xiaomi.hardware.wifi.supplicant-V1-ndk.so	unselected-review		
vendor/lib64/vendor.xiaomi.hw.touchfeature-V1-ndk.so	selected-present	sm8750-common:vendor/lib64/vendor.xiaomi.hw.touchfeature-V1-ndk.so	vendor/lib64/vendor.xiaomi.hw.touchfeature-V1-ndk.so
vendor/lib64/vendor.xiaomi.sensor.camera-V1-ndk.so	selected-present	piano:vendor/lib64/vendor.xiaomi.sensor.camera-V1-ndk.so	vendor/lib64/vendor.xiaomi.sensor.camera-V1-ndk.so
vendor/lib64/vendor.xiaomi.sensor.citsensorservice-V1-ndk.so	selected-present	sm8750-common:vendor/lib64/vendor.xiaomi.sensor.citsensorservice-V1-ndk.so	vendor/lib64/vendor.xiaomi.sensor.citsensorservice-V1-ndk.so
vendor/lib64/wifi_legacy.so	unselected-review		vendor/lib64/wifi_legacy.so
vendor/lib64/xiaomi.system.hypsys.common-V1-ndk.so	unselected-review		vendor/lib64/xiaomi.system.hypsys.common-V1-ndk.so
vendor/odm_dlkm/etc/build.prop	source-reference-review		vendor/odm_dlkm/etc/build.prop
vendor/overlay/WifiResMainlineTarget.apk	unselected-review		
vendor/overlay/WifiResMainlineTarget_spf.apk	unselected-review		
vendor/overlay/WifiResTarget.apk	unselected-review		
vendor/overlay/WifiResTarget_spf.apk	unselected-review		
vendor/overlay/XpanResTarget_Vendor.apk	unselected-review		
vendor/priv-app/pasrservice/oat/arm64/pasrservice.odex	unselected-review		
vendor/priv-app/pasrservice/oat/arm64/pasrservice.vdex	unselected-review		
vendor/priv-app/pasrservice/pasrservice.apk	unselected-review		
vendor/rfs/rfs_symlinks	unselected-review		
odm/app/GFTest_piano/GFTest_piano.apk	unselected-review		
odm/app/GFTest_piano/oat/arm64/GFTest_piano.odex	unselected-review		
odm/app/GFTest_piano/oat/arm64/GFTest_piano.vdex	unselected-review		
odm/bin/audio-factory-test	unselected-review		
odm/bin/capture_VI_TX.sh	unselected-review		
odm/bin/cstool	unselected-review		
odm/bin/fidoca	selected-present	sm8750-common:odm/bin/fidoca	odm/bin/fidoca
odm/bin/fstool	unselected-review		
odm/bin/headset_detect.sh	unselected-review		
odm/bin/hw/android.hardware.weaver	selected-present	piano:odm/bin/hw/android.hardware.weaver	odm/bin/hw/android.hardware.weaver
odm/bin/hw/dvs-aidl-service	selected-present	piano:odm/bin/hw/dvs-aidl-service	odm/bin/hw/dvs-aidl-service
odm/bin/hw/mfp-daemon	selected-present	sm8750-common:odm/bin/hw/mfp-daemon	odm/bin/hw/mfp-daemon
odm/bin/hw/mifaced	unselected-review		
odm/bin/hw/misensor_camera	unselected-review		
odm/bin/hw/vendor.qti.hardware.lights.service	selected-present	piano:odm/bin/hw/vendor.qti.hardware.lights.service	odm/bin/hw/vendor.qti.hardware.lights.service
odm/bin/hw/vendor.xiaomi.hardware.dtool1-service	selected-present	piano:odm/bin/hw/vendor.xiaomi.hardware.dtool1-service	odm/bin/hw/vendor.xiaomi.hardware.dtool1-service
odm/bin/hw/vendor.xiaomi.hardware.keyboardnanoapp_aidl-client	unselected-review		
odm/bin/hw/vendor.xiaomi.hardware.keyboardnanoapp_aidl-service	selected-present	piano:odm/bin/hw/vendor.xiaomi.hardware.keyboardnanoapp_aidl-service	odm/bin/hw/vendor.xiaomi.hardware.keyboardnanoapp_aidl-service
odm/bin/hw/vendor.xiaomi.hardware.mediaeventgatherservice-service	selected-present	sm8750-common:odm/bin/hw/vendor.xiaomi.hardware.mediaeventgatherservice-service	odm/bin/hw/vendor.xiaomi.hardware.mediaeventgatherservice-service
odm/bin/hw/vendor.xiaomi.hardware.seaaudio-service	selected-present	sm8750-common:odm/bin/hw/vendor.xiaomi.hardware.seaaudio-service	odm/bin/hw/vendor.xiaomi.hardware.seaaudio-service
odm/bin/hw/vendor.xiaomi.hw.touchfeature-service	selected-present	piano:odm/bin/hw/vendor.xiaomi.hw.touchfeature-service	odm/bin/hw/vendor.xiaomi.hw.touchfeature-service
odm/bin/hw/vendor.xiaomi.sensor.citsensorservice.aidl	selected-present	sm8750-common:odm/bin/hw/vendor.xiaomi.sensor.citsensorservice.aidl	odm/bin/hw/vendor.xiaomi.sensor.citsensorservice.aidl
odm/bin/idmanager	selected-present	sm8750-common:odm/bin/idmanager	odm/bin/idmanager
odm/bin/init.mi.factory_id.sh	unselected-review		
odm/bin/init.mi.serial.sh	unselected-review		
odm/bin/micrtkd	unselected-review		
odm/bin/midevauthd	unselected-review		
odm/bin/misecmedia	unselected-review		
odm/bin/mitee_info	unselected-review		
odm/bin/mitee_shell	unselected-review		
odm/bin/miteelog	unselected-review		
odm/bin/mlipayd	selected-present	sm8750-common:odm/bin/mlipayd	odm/bin/mlipayd
odm/bin/mrmd	unselected-review		
odm/bin/mseccam	unselected-review		
odm/bin/mtd	selected-present	sm8750-common:odm/bin/mtd	odm/bin/mtd
odm/bin/ntag_tool	selected-present	piano:odm/bin/ntag_tool	odm/bin/ntag_tool
odm/bin/setup_rcv2backmic.sh	unselected-review		
odm/bin/setup_rcv2backmic_arithmetic.sh	unselected-review		
odm/bin/setup_rcv2topmic.sh	unselected-review		
odm/bin/setup_rcv2topmic_arithmetic.sh	unselected-review		
odm/bin/tee-supplicant	unselected-review		
odm/bin/test-aon	unselected-review		
odm/bin/test-nusensors	unselected-review		
odm/bin/tidad	selected-present	sm8750-common:odm/bin/tidad	odm/bin/tidad
odm/bin/touch_report_debug	unselected-review		
odm/bin/toucheventcheck	selected-present	piano:odm/bin/toucheventcheck	odm/bin/toucheventcheck
odm/bin/typec_capture_USB_headset.sh	unselected-review		
odm/bin/typec_playback_USB_headset.sh	unselected-review		
odm/bin/vendor.xiaomi.hardware.mikeybag-service	selected-present	piano:odm/bin/vendor.xiaomi.hardware.mikeybag-service	odm/bin/vendor.xiaomi.hardware.mikeybag-service
odm/bin/vendor.xiaomi.hardware.mitrustedui-service	unselected-review		
odm/bin/vendor.xiaomi.hardware.otrpagent@2.0-service	unselected-review		
odm/bin/vsimd	unselected-review		
odm/bin/xiaomi_ir_test	unselected-review		
odm/etc/Keyboard_Upgrade_0x01_1260.bin	selected-present	piano:system_ext/etc/piano_keyboard/Keyboard_Upgrade_0x01_1260.bin	
odm/etc/Keyboard_Upgrade_0x01_1294.bin	selected-present	piano:system_ext/etc/piano_keyboard/Keyboard_Upgrade_0x01_1294.bin	
odm/etc/Keyboard_Upgrade_0x10_1260.bin	selected-present	piano:system_ext/etc/piano_keyboard/Keyboard_Upgrade_0x10_1260.bin	
odm/etc/Keyboard_Upgrade_0x10_1294.bin	selected-present	piano:system_ext/etc/piano_keyboard/Keyboard_Upgrade_0x10_1294.bin	
odm/etc/Keyboard_Upgrade_0x61_1260.bin	selected-present	piano:system_ext/etc/piano_keyboard/Keyboard_Upgrade_0x61_1260.bin	
odm/etc/Keyboard_Upgrade_0x61_1294.bin	selected-present	piano:system_ext/etc/piano_keyboard/Keyboard_Upgrade_0x61_1294.bin	
odm/etc/NOTICE.xml.gz	unselected-review		odm/etc/NOTICE.xml.gz
odm/etc/NOTICE_GPL.html.gz	unselected-review		
odm/etc/TcnRecordmodel_8750_w8a16pcq_qnn2_24_15_nhwc.minn	unselected-review		
odm/etc/TouchPad_Upgrade_0x04_1260.bin	selected-present	piano:system_ext/etc/piano_keyboard/TouchPad_Upgrade_0x04_1260.bin	
odm/etc/TouchPad_Upgrade_0x04_1294.bin	selected-present	piano:system_ext/etc/piano_keyboard/TouchPad_Upgrade_0x04_1294.bin	
odm/etc/TouchPad_Upgrade_0x06_1294.bin	selected-present	piano:system_ext/etc/piano_keyboard/TouchPad_Upgrade_0x06_1294.bin	
odm/etc/UserDefinedMi.udm	unselected-review		
odm/etc/XiaoAiTongXue.uim	unselected-review		
odm/etc/XiaoAiTongXueMi.udm	unselected-review		
odm/etc/acceleration_profile.xml	unselected-review		
odm/etc/acceleration_profile_scroller.xml	unselected-review		
odm/etc/acdbdata/Mi/Mi_acdb_cal.acdb	selected-present	piano:odm/etc/acdbdata/Mi/Mi_acdb_cal.acdb	odm/etc/acdbdata/Mi/Mi_acdb_cal.acdb
odm/etc/acdbdata/Mi/Mi_workspaceFileXml.qwsp	selected-present	piano:odm/etc/acdbdata/Mi/Mi_workspaceFileXml.qwsp	odm/etc/acdbdata/Mi/Mi_workspaceFileXml.qwsp
odm/etc/acdbdata/Mi/model924_twoBlocks_eai_int8_8750.eai	selected-present	piano:odm/etc/acdbdata/Mi/model924_twoBlocks_eai_int8_8750.eai	odm/etc/acdbdata/Mi/model924_twoBlocks_eai_int8_8750.eai
odm/etc/acdbdata/Mi/model_eai_int8_8750_3blocks_00924000_xjm.eai	selected-present	piano:odm/etc/acdbdata/Mi/model_eai_int8_8750_3blocks_00924000_xjm.eai	odm/etc/acdbdata/Mi/model_eai_int8_8750_3blocks_00924000_xjm.eai
odm/etc/acdbdata/Mi/model_eai_int8_8750_970k_AIoff.eai	selected-present	piano:odm/etc/acdbdata/Mi/model_eai_int8_8750_970k_AIoff.eai	odm/etc/acdbdata/Mi/model_eai_int8_8750_970k_AIoff.eai
odm/etc/acdbdata/Mi/model_eai_int8_8750__w8_b8_1000utts_v21455fre0mixdata_40w4_1220.eai	selected-present	piano:odm/etc/acdbdata/Mi/model_eai_int8_8750__w8_b8_1000utts_v21455fre0mixdata_40w4_1220.eai	odm/etc/acdbdata/Mi/model_eai_int8_8750__w8_b8_1000utts_v21455fre0mixdata_40w4_1220.eai
odm/etc/acdbdata/Mi/model_eai_int8_8750__w8_b8_1000utts_v310121_55w2_0312.eai	selected-present	piano:odm/etc/acdbdata/Mi/model_eai_int8_8750__w8_b8_1000utts_v310121_55w2_0312.eai	odm/etc/acdbdata/Mi/model_eai_int8_8750__w8_b8_1000utts_v310121_55w2_0312.eai
odm/etc/acdbdata/Mi/model_eai_int8_8750__w8_b8_utts2000_v2820_0904.eai	selected-present	piano:odm/etc/acdbdata/Mi/model_eai_int8_8750__w8_b8_utts2000_v2820_0904.eai	odm/etc/acdbdata/Mi/model_eai_int8_8750__w8_b8_utts2000_v2820_0904.eai
odm/etc/audio/RES1K.wav	selected-present	piano:odm/etc/audio/RES1K.wav	odm/etc/audio/RES1K.wav
odm/etc/audio/audio_lowpower_app_list.xml	selected-present	piano:odm/etc/audio/audio_lowpower_app_list.xml	odm/etc/audio/audio_lowpower_app_list.xml
odm/etc/audio/audio_module_config_primary.xml	selected-present	piano:odm/etc/audio/audio_module_config_primary.xml	odm/etc/audio/audio_module_config_primary.xml
odm/etc/audio/back_rcv.wav	selected-present	piano:odm/etc/audio/back_rcv.wav	odm/etc/audio/back_rcv.wav
odm/etc/audio/bl-spk.wav	selected-present	piano:odm/etc/audio/bl-spk.wav	odm/etc/audio/bl-spk.wav
odm/etc/audio/bl-spk_hp.wav	selected-present	piano:odm/etc/audio/bl-spk_hp.wav	odm/etc/audio/bl-spk_hp.wav
odm/etc/audio/bottom_spk.wav	selected-present	piano:odm/etc/audio/bottom_spk.wav	odm/etc/audio/bottom_spk.wav
odm/etc/audio/bottom_spk_hp.wav	selected-present	piano:odm/etc/audio/bottom_spk_hp.wav	odm/etc/audio/bottom_spk_hp.wav
odm/etc/audio/br-spk.wav	selected-present	piano:odm/etc/audio/br-spk.wav	odm/etc/audio/br-spk.wav
odm/etc/audio/br-spk_hp.wav	selected-present	piano:odm/etc/audio/br-spk_hp.wav	odm/etc/audio/br-spk_hp.wav
odm/etc/audio/freq_gain_O81_fs16000_M320_S90_ft32_72-nchnl-nfbin_energy_0820.bin	selected-present	piano:odm/etc/audio/freq_gain_O81_fs16000_M320_S90_ft32_72-nchnl-nfbin_energy_0820.bin	odm/etc/audio/freq_gain_O81_fs16000_M320_S90_ft32_72-nchnl-nfbin_energy_0820.bin
odm/etc/audio/front_rcv.wav	selected-present	piano:odm/etc/audio/front_rcv.wav	odm/etc/audio/front_rcv.wav
odm/etc/audio/hrtf5c.bin	selected-present	sm8750-common:odm/etc/audio/hrtf5c.bin	odm/etc/audio/hrtf5c.bin
odm/etc/audio/mis_head.bin	selected-present	piano:odm/etc/audio/mis_head.bin	odm/etc/audio/mis_head.bin
odm/etc/audio/mis_head_spatial.bin	selected-present	piano:odm/etc/audio/mis_head_spatial.bin	odm/etc/audio/mis_head_spatial.bin
odm/etc/audio/mis_powerop_configs.bin	selected-present	piano:odm/etc/audio/mis_powerop_configs.bin	odm/etc/audio/mis_powerop_configs.bin
odm/etc/audio/mis_spk.bin	selected-present	piano:odm/etc/audio/mis_spk.bin	odm/etc/audio/mis_spk.bin
odm/etc/audio/mis_spk_spatial.bin	selected-present	piano:odm/etc/audio/mis_spk_spatial.bin	odm/etc/audio/mis_spk_spatial.bin
odm/etc/audio/misound_karaoke_res.bin	selected-present	piano:odm/etc/audio/misound_karaoke_res.bin	odm/etc/audio/misound_karaoke_res.bin
odm/etc/audio/misound_karaokemix_res.bin	selected-present	piano:odm/etc/audio/misound_karaokemix_res.bin	odm/etc/audio/misound_karaokemix_res.bin
odm/etc/audio/misoundsa_spk_config.bin	selected-present	piano:odm/etc/audio/misoundsa_spk_config.bin	odm/etc/audio/misoundsa_spk_config.bin
odm/etc/audio/null_bf_w_10t_6i_1_confer_O81Multi_2mic12_1126.bin	selected-present	piano:odm/etc/audio/null_bf_w_10t_6i_1_confer_O81Multi_2mic12_1126.bin	odm/etc/audio/null_bf_w_10t_6i_1_confer_O81Multi_2mic12_1126.bin
odm/etc/audio/null_bf_w_7t_18i_1_confer_O81Verti_2mic23_0816_2.bin	selected-present	piano:odm/etc/audio/null_bf_w_7t_18i_1_confer_O81Verti_2mic23_0816_2.bin	odm/etc/audio/null_bf_w_7t_18i_1_confer_O81Verti_2mic23_0816_2.bin
odm/etc/audio/null_bf_w_7t_18i_1_confer_O81_2mic12_0816.bin	selected-present	piano:odm/etc/audio/null_bf_w_7t_18i_1_confer_O81_2mic12_0816.bin	odm/etc/audio/null_bf_w_7t_18i_1_confer_O81_2mic12_0816.bin
odm/etc/audio/rcv.wav	selected-present	piano:odm/etc/audio/rcv.wav	odm/etc/audio/rcv.wav
odm/etc/audio/rcv_hp.wav	selected-present	piano:odm/etc/audio/rcv_hp.wav	odm/etc/audio/rcv_hp.wav
odm/etc/audio/rcv_seal.wav	selected-present	piano:odm/etc/audio/rcv_seal.wav	odm/etc/audio/rcv_seal.wav
odm/etc/audio/rcv_seal_arithmetic.wav	selected-present	piano:odm/etc/audio/rcv_seal_arithmetic.wav	odm/etc/audio/rcv_seal_arithmetic.wav
odm/etc/audio/silent-3sec.wav	selected-present	sm8750-common:odm/etc/audio/silent-3sec.wav	odm/etc/audio/silent-3sec.wav
odm/etc/audio/sku_sun/adsp_sleep_monitor.conf	selected-present	sm8750-common:odm/etc/audio/sku_sun/adsp_sleep_monitor.conf	odm/etc/audio/sku_sun/adsp_sleep_monitor.conf
odm/etc/audio/sku_sun/mixer_paths_overlay_dynamic.xml	selected-present	piano:odm/etc/audio/sku_sun/mixer_paths_overlay_dynamic.xml	odm/etc/audio/sku_sun/mixer_paths_overlay_dynamic.xml
odm/etc/audio/sku_sun/mixer_paths_overlay_static.xml	selected-present	piano:odm/etc/audio/sku_sun/mixer_paths_overlay_static.xml	odm/etc/audio/sku_sun/mixer_paths_overlay_static.xml
odm/etc/audio/sku_sun/mixer_paths_sun_mtp.xml	selected-present	piano:odm/etc/audio/sku_sun/mixer_paths_sun_mtp.xml	odm/etc/audio/sku_sun/mixer_paths_sun_mtp.xml
odm/etc/audio/sku_sun/resourcemanager_sun_mtp.xml	selected-present	piano:odm/etc/audio/sku_sun/resourcemanager_sun_mtp.xml	odm/etc/audio/sku_sun/resourcemanager_sun_mtp.xml
odm/etc/audio/sku_sun_qssi/audio_policy_configuration.xml	selected-present	piano:odm/etc/audio/sku_sun_qssi/audio_policy_configuration.xml	odm/etc/audio/sku_sun_qssi/audio_policy_configuration.xml
odm/etc/audio/spk.wav	selected-present	piano:odm/etc/audio/spk.wav	odm/etc/audio/spk.wav
odm/etc/audio/spk_cal_silence.wav	selected-present	piano:odm/etc/audio/spk_cal_silence.wav	odm/etc/audio/spk_cal_silence.wav
odm/etc/audio/spk_hp.wav	selected-present	piano:odm/etc/audio/spk_hp.wav	odm/etc/audio/spk_hp.wav
odm/etc/audio/tb_spk.wav	selected-present	piano:odm/etc/audio/tb_spk.wav	odm/etc/audio/tb_spk.wav
odm/etc/audio/tb_spk_hp.wav	selected-present	piano:odm/etc/audio/tb_spk_hp.wav	odm/etc/audio/tb_spk_hp.wav
odm/etc/audio/test.wav	selected-present	piano:odm/etc/audio/test.wav	odm/etc/audio/test.wav
odm/etc/audio/tf_spk.wav	selected-present	piano:odm/etc/audio/tf_spk.wav	odm/etc/audio/tf_spk.wav
odm/etc/audio/tf_spk_hp.wav	selected-present	piano:odm/etc/audio/tf_spk_hp.wav	odm/etc/audio/tf_spk_hp.wav
odm/etc/audio/tgt_bf_w_17t_6i_1_confer_O81Verti_2mic23_0816_2.bin	selected-present	piano:odm/etc/audio/tgt_bf_w_17t_6i_1_confer_O81Verti_2mic23_0816_2.bin	odm/etc/audio/tgt_bf_w_17t_6i_1_confer_O81Verti_2mic23_0816_2.bin
odm/etc/audio/tgt_bf_w_17t_6i_1_confer_O81_2mic12_0816.bin	selected-present	piano:odm/etc/audio/tgt_bf_w_17t_6i_1_confer_O81_2mic12_0816.bin	odm/etc/audio/tgt_bf_w_17t_6i_1_confer_O81_2mic12_0816.bin
odm/etc/audio/tgt_bf_w_5t_5i_1_confer_O81Multi_2mic12_1126.bin	selected-present	piano:odm/etc/audio/tgt_bf_w_5t_5i_1_confer_O81Multi_2mic12_1126.bin	odm/etc/audio/tgt_bf_w_5t_5i_1_confer_O81Multi_2mic12_1126.bin
odm/etc/audio/tl-spk.wav	selected-present	piano:odm/etc/audio/tl-spk.wav	odm/etc/audio/tl-spk.wav
odm/etc/audio/tl-spk_hp.wav	selected-present	piano:odm/etc/audio/tl-spk_hp.wav	odm/etc/audio/tl-spk_hp.wav
odm/etc/audio/top_spk.wav	selected-present	piano:odm/etc/audio/top_spk.wav	odm/etc/audio/top_spk.wav
odm/etc/audio/top_spk_hp.wav	selected-present	piano:odm/etc/audio/top_spk_hp.wav	odm/etc/audio/top_spk_hp.wav
odm/etc/audio/tr-spk.wav	selected-present	piano:odm/etc/audio/tr-spk.wav	odm/etc/audio/tr-spk.wav
odm/etc/audio/tr-spk_hp.wav	selected-present	piano:odm/etc/audio/tr-spk_hp.wav	odm/etc/audio/tr-spk_hp.wav
odm/etc/audio/vts/audio_module_config_primary.xml	selected-present	piano:odm/etc/audio/vts/audio_module_config_primary.xml	odm/etc/audio/vts/audio_module_config_primary.xml
odm/etc/audio-test-config	selected-present	piano:odm/etc/audio-test-config	odm/etc/audio-test-config
odm/etc/audio_base.db	selected-present	piano:odm/etc/audio_base.db	odm/etc/audio_base.db
odm/etc/audio_policy_engine_configuration_mi.xml	selected-present	piano:odm/etc/audio_policy_engine_configuration_mi.xml	odm/etc/audio_policy_engine_configuration_mi.xml
odm/etc/audio_policy_engine_default_stream_volumes_mi.xml	selected-present	piano:odm/etc/audio_policy_engine_default_stream_volumes_mi.xml	odm/etc/audio_policy_engine_default_stream_volumes_mi.xml
odm/etc/audio_policy_engine_product_strategies_mi.xml	selected-present	piano:odm/etc/audio_policy_engine_product_strategies_mi.xml	odm/etc/audio_policy_engine_product_strategies_mi.xml
odm/etc/audio_policy_engine_stream_volumes_mi.xml	selected-present	piano:odm/etc/audio_policy_engine_stream_volumes_mi.xml	odm/etc/audio_policy_engine_stream_volumes_mi.xml
odm/etc/backend_conf.xml	selected-present	sm8750-common:odm/etc/backend_conf.xml	odm/etc/backend_conf.xml
odm/etc/build.prop	source-reference-review		odm/etc/build.prop
odm/etc/camera/AIGesture/buling_1s.png	selected-present	piano:odm/etc/camera/AIGesture/buling_1s.png	odm/etc/camera/AIGesture/buling_1s.png
odm/etc/camera/AIGesture/buling_2s.png	selected-present	piano:odm/etc/camera/AIGesture/buling_2s.png	odm/etc/camera/AIGesture/buling_2s.png
odm/etc/camera/AIGesture/buling_3s.png	selected-present	piano:odm/etc/camera/AIGesture/buling_3s.png	odm/etc/camera/AIGesture/buling_3s.png
odm/etc/camera/AIGesture/buling_4s.png	selected-present	piano:odm/etc/camera/AIGesture/buling_4s.png	odm/etc/camera/AIGesture/buling_4s.png
odm/etc/camera/AIGesture/buling_5s.png	selected-present	piano:odm/etc/camera/AIGesture/buling_5s.png	odm/etc/camera/AIGesture/buling_5s.png
odm/etc/camera/AIGesture/circle_1.png	selected-present	piano:odm/etc/camera/AIGesture/circle_1.png	odm/etc/camera/AIGesture/circle_1.png
odm/etc/camera/AIGesture/circle_2.png	selected-present	piano:odm/etc/camera/AIGesture/circle_2.png	odm/etc/camera/AIGesture/circle_2.png
odm/etc/camera/AIGesture/circle_3.png	selected-present	piano:odm/etc/camera/AIGesture/circle_3.png	odm/etc/camera/AIGesture/circle_3.png
odm/etc/camera/AIGesture/circle_4.png	selected-present	piano:odm/etc/camera/AIGesture/circle_4.png	odm/etc/camera/AIGesture/circle_4.png
odm/etc/camera/AIGesture/circle_5.png	selected-present	piano:odm/etc/camera/AIGesture/circle_5.png	odm/etc/camera/AIGesture/circle_5.png
odm/etc/camera/AIGesture/circle_6.png	selected-present	piano:odm/etc/camera/AIGesture/circle_6.png	odm/etc/camera/AIGesture/circle_6.png
odm/etc/camera/AIGesture/clip_1.png	selected-present	piano:odm/etc/camera/AIGesture/clip_1.png	odm/etc/camera/AIGesture/clip_1.png
odm/etc/camera/AIGesture/clip_2.png	selected-present	piano:odm/etc/camera/AIGesture/clip_2.png	odm/etc/camera/AIGesture/clip_2.png
odm/etc/camera/AIGesture/clip_3.png	selected-present	piano:odm/etc/camera/AIGesture/clip_3.png	odm/etc/camera/AIGesture/clip_3.png
odm/etc/camera/AIGesture/clip_4.png	selected-present	piano:odm/etc/camera/AIGesture/clip_4.png	odm/etc/camera/AIGesture/clip_4.png
odm/etc/camera/AIGesture/clip_5.png	selected-present	piano:odm/etc/camera/AIGesture/clip_5.png	odm/etc/camera/AIGesture/clip_5.png
odm/etc/camera/AIGesture/clip_6.png	selected-present	piano:odm/etc/camera/AIGesture/clip_6.png	odm/etc/camera/AIGesture/clip_6.png
odm/etc/camera/AIGesture/clip_7.png	selected-present	piano:odm/etc/camera/AIGesture/clip_7.png	odm/etc/camera/AIGesture/clip_7.png
odm/etc/camera/AIGesture/heart_1s.png	selected-present	piano:odm/etc/camera/AIGesture/heart_1s.png	odm/etc/camera/AIGesture/heart_1s.png
odm/etc/camera/AIGesture/heart_2s.png	selected-present	piano:odm/etc/camera/AIGesture/heart_2s.png	odm/etc/camera/AIGesture/heart_2s.png
odm/etc/camera/AIGesture/heart_3s.png	selected-present	piano:odm/etc/camera/AIGesture/heart_3s.png	odm/etc/camera/AIGesture/heart_3s.png
odm/etc/camera/AIGesture/heart_4s.png	selected-present	piano:odm/etc/camera/AIGesture/heart_4s.png	odm/etc/camera/AIGesture/heart_4s.png
odm/etc/camera/AIGesture/heart_5s.png	selected-present	piano:odm/etc/camera/AIGesture/heart_5s.png	odm/etc/camera/AIGesture/heart_5s.png
odm/etc/camera/AIGesture/heart_6s.png	selected-present	piano:odm/etc/camera/AIGesture/heart_6s.png	odm/etc/camera/AIGesture/heart_6s.png
odm/etc/camera/AIGesture/thumbup_3s.png	selected-present	piano:odm/etc/camera/AIGesture/thumbup_3s.png	odm/etc/camera/AIGesture/thumbup_3s.png
odm/etc/camera/CFR_para_MACRO_V01.bin	selected-present	piano:odm/etc/camera/CFR_para_MACRO_V01.bin	odm/etc/camera/CFR_para_MACRO_V01.bin
odm/etc/camera/CFR_para_MACRO_V01_SN.bin	selected-present	piano:odm/etc/camera/CFR_para_MACRO_V01_SN.bin	odm/etc/camera/CFR_para_MACRO_V01_SN.bin
odm/etc/camera/CFR_para_T_2x_V01.bin	selected-present	piano:odm/etc/camera/CFR_para_T_2x_V01.bin	odm/etc/camera/CFR_para_T_2x_V01.bin
odm/etc/camera/CFR_para_UW_V01.bin	selected-present	piano:odm/etc/camera/CFR_para_UW_V01.bin	odm/etc/camera/CFR_para_UW_V01.bin
odm/etc/camera/CFR_para_UW_V01_SN.bin	selected-present	piano:odm/etc/camera/CFR_para_UW_V01_SN.bin	odm/etc/camera/CFR_para_UW_V01_SN.bin
odm/etc/camera/CFR_para_W_V01.bin	selected-present	piano:odm/etc/camera/CFR_para_W_V01.bin	odm/etc/camera/CFR_para_W_V01.bin
odm/etc/camera/CFR_para_W_V01_HD.bin	selected-present	piano:odm/etc/camera/CFR_para_W_V01_HD.bin	odm/etc/camera/CFR_para_W_V01_HD.bin
odm/etc/camera/CFR_para_W_V01_IZOOM.bin	selected-present	piano:odm/etc/camera/CFR_para_W_V01_IZOOM.bin	odm/etc/camera/CFR_para_W_V01_IZOOM.bin
odm/etc/camera/CFR_para_W_V01_SN.bin	selected-present	piano:odm/etc/camera/CFR_para_W_V01_SN.bin	odm/etc/camera/CFR_para_W_V01_SN.bin
odm/etc/camera/GpuKernelRepo.pb	selected-present	piano:odm/etc/camera/GpuKernelRepo.pb	odm/etc/camera/GpuKernelRepo.pb
odm/etc/camera/HIS_LensConf.json	selected-present	piano:odm/etc/camera/HIS_LensConf.json	odm/etc/camera/HIS_LensConf.json
odm/etc/camera/IntellFocus_class_all.dlc	selected-present	piano:odm/etc/camera/IntellFocus_class_all.dlc	odm/etc/camera/IntellFocus_class_all.dlc
odm/etc/camera/IntellFocus_class_human.dlc	selected-present	piano:odm/etc/camera/IntellFocus_class_human.dlc	odm/etc/camera/IntellFocus_class_human.dlc
odm/etc/camera/IntellFocus_detect_1st.dlc	selected-present	piano:odm/etc/camera/IntellFocus_detect_1st.dlc	odm/etc/camera/IntellFocus_detect_1st.dlc
odm/etc/camera/IntellFocus_saliency.dlc	selected-present	piano:odm/etc/camera/IntellFocus_saliency.dlc	odm/etc/camera/IntellFocus_saliency.dlc
odm/etc/camera/IntellFocus_track_backbone.dlc	selected-present	piano:odm/etc/camera/IntellFocus_track_backbone.dlc	odm/etc/camera/IntellFocus_track_backbone.dlc
odm/etc/camera/IntellFocus_track_head.dlc	selected-present	piano:odm/etc/camera/IntellFocus_track_head.dlc	odm/etc/camera/IntellFocus_track_head.dlc
odm/etc/camera/SensePR_scene_configs.json	selected-present	piano:odm/etc/camera/SensePR_scene_configs.json	odm/etc/camera/SensePR_scene_configs.json
odm/etc/camera/af_class_all.dlc	selected-present	piano:odm/etc/camera/af_class_all.dlc	odm/etc/camera/af_class_all.dlc
odm/etc/camera/af_class_human.dlc	selected-present	piano:odm/etc/camera/af_class_human.dlc	odm/etc/camera/af_class_human.dlc
odm/etc/camera/af_classify.dlc	selected-present	piano:odm/etc/camera/af_classify.dlc	odm/etc/camera/af_classify.dlc
odm/etc/camera/af_detect_1st.dlc	selected-present	piano:odm/etc/camera/af_detect_1st.dlc	odm/etc/camera/af_detect_1st.dlc
odm/etc/camera/af_detect_2nd.dlc	selected-present	piano:odm/etc/camera/af_detect_2nd.dlc	odm/etc/camera/af_detect_2nd.dlc
odm/etc/camera/af_detect_3rd.dlc	selected-present	piano:odm/etc/camera/af_detect_3rd.dlc	odm/etc/camera/af_detect_3rd.dlc
odm/etc/camera/af_saliency.dlc	selected-present	piano:odm/etc/camera/af_saliency.dlc	odm/etc/camera/af_saliency.dlc
odm/etc/camera/af_track_backbone.dlc	selected-present	piano:odm/etc/camera/af_track_backbone.dlc	odm/etc/camera/af_track_backbone.dlc
odm/etc/camera/af_track_head.dlc	selected-present	piano:odm/etc/camera/af_track_head.dlc	odm/etc/camera/af_track_head.dlc
odm/etc/camera/ailab_modules/body_classifier.dlc	selected-present	piano:odm/etc/camera/ailab_modules/body_classifier.dlc	odm/etc/camera/ailab_modules/body_classifier.dlc
odm/etc/camera/ailab_modules/body_landmarker.dlc	selected-present	piano:odm/etc/camera/ailab_modules/body_landmarker.dlc	odm/etc/camera/ailab_modules/body_landmarker.dlc
odm/etc/camera/ailab_modules/eye_classifier.dlc	selected-present	piano:odm/etc/camera/ailab_modules/eye_classifier.dlc	odm/etc/camera/ailab_modules/eye_classifier.dlc
odm/etc/camera/ailab_modules/face_atrributer.dlc	selected-present	piano:odm/etc/camera/ailab_modules/face_atrributer.dlc	odm/etc/camera/ailab_modules/face_atrributer.dlc
odm/etc/camera/ailab_modules/face_classifier.dlc	selected-present	piano:odm/etc/camera/ailab_modules/face_classifier.dlc	odm/etc/camera/ailab_modules/face_classifier.dlc
odm/etc/camera/ailab_modules/face_full_detector.dlc	selected-present	piano:odm/etc/camera/ailab_modules/face_full_detector.dlc	odm/etc/camera/ailab_modules/face_full_detector.dlc
odm/etc/camera/ailab_modules/face_landmarker.dlc	selected-present	piano:odm/etc/camera/ailab_modules/face_landmarker.dlc	odm/etc/camera/ailab_modules/face_landmarker.dlc
odm/etc/camera/ailab_modules/face_part_detector.dlc	selected-present	piano:odm/etc/camera/ailab_modules/face_part_detector.dlc	odm/etc/camera/ailab_modules/face_part_detector.dlc
odm/etc/camera/ailab_modules/facehead_full_detector.dlc	selected-present	piano:odm/etc/camera/ailab_modules/facehead_full_detector.dlc	odm/etc/camera/ailab_modules/facehead_full_detector.dlc
odm/etc/camera/ailab_modules/facehead_part_detector.dlc	selected-present	piano:odm/etc/camera/ailab_modules/facehead_part_detector.dlc	odm/etc/camera/ailab_modules/facehead_part_detector.dlc
odm/etc/camera/ailab_modules/head_classifier.dlc	selected-present	piano:odm/etc/camera/ailab_modules/head_classifier.dlc	odm/etc/camera/ailab_modules/head_classifier.dlc
odm/etc/camera/aivsModel_01E88B1C	selected-present	piano:odm/etc/camera/aivsModel_01E88B1C	odm/etc/camera/aivsModel_01E88B1C
odm/etc/camera/aivsModel_168C0E45	selected-present	piano:odm/etc/camera/aivsModel_168C0E45	odm/etc/camera/aivsModel_168C0E45
odm/etc/camera/aivsModel_16E8F8F9	selected-present	piano:odm/etc/camera/aivsModel_16E8F8F9	odm/etc/camera/aivsModel_16E8F8F9
odm/etc/camera/aivsModel_20D4BB1D	selected-present	piano:odm/etc/camera/aivsModel_20D4BB1D	odm/etc/camera/aivsModel_20D4BB1D
odm/etc/camera/aivsModel_298FD264	selected-present	piano:odm/etc/camera/aivsModel_298FD264	odm/etc/camera/aivsModel_298FD264
odm/etc/camera/aivsModel_558B456C	selected-present	piano:odm/etc/camera/aivsModel_558B456C	odm/etc/camera/aivsModel_558B456C
odm/etc/camera/aivsModel_5ABBCD2D	selected-present	piano:odm/etc/camera/aivsModel_5ABBCD2D	odm/etc/camera/aivsModel_5ABBCD2D
odm/etc/camera/aivsModel_6B182012	selected-present	piano:odm/etc/camera/aivsModel_6B182012	odm/etc/camera/aivsModel_6B182012
odm/etc/camera/aivsModel_977D5C75	selected-present	piano:odm/etc/camera/aivsModel_977D5C75	odm/etc/camera/aivsModel_977D5C75
odm/etc/camera/aivsModel_F01EC698	selected-present	piano:odm/etc/camera/aivsModel_F01EC698	odm/etc/camera/aivsModel_F01EC698
odm/etc/camera/alCFR_Segmodel.bin	selected-present	piano:odm/etc/camera/alCFR_Segmodel.bin	odm/etc/camera/alCFR_Segmodel.bin
odm/etc/camera/arcsoft_dynamicEV_config.ini	selected-present	piano:odm/etc/camera/arcsoft_dynamicEV_config.ini	odm/etc/camera/arcsoft_dynamicEV_config.ini
odm/etc/camera/arcsoft_turbohdr_dynamicEV_config.ini	selected-present	piano:odm/etc/camera/arcsoft_turbohdr_dynamicEV_config.ini	odm/etc/camera/arcsoft_turbohdr_dynamicEV_config.ini
odm/etc/camera/beauty_config_cn.json	selected-present	piano:odm/etc/camera/beauty_config_cn.json	odm/etc/camera/beauty_config_cn.json
odm/etc/camera/beauty_config_cn_8g.json	selected-present	piano:odm/etc/camera/beauty_config_cn_8g.json	odm/etc/camera/beauty_config_cn_8g.json
odm/etc/camera/beauty_config_gl.json	selected-present	piano:odm/etc/camera/beauty_config_gl.json	odm/etc/camera/beauty_config_gl.json
odm/etc/camera/beauty_config_gl_8g.json	selected-present	piano:odm/etc/camera/beauty_config_gl_8g.json	odm/etc/camera/beauty_config_gl_8g.json
odm/etc/camera/bokehmodel.data	selected-present	piano:odm/etc/camera/bokehmodel.data	odm/etc/camera/bokehmodel.data
odm/etc/camera/cameracustomize.json	selected-present	piano:odm/etc/camera/cameracustomize.json	odm/etc/camera/cameracustomize.json
odm/etc/camera/cameradfx_config.json	selected-present	piano:odm/etc/camera/cameradfx_config.json	odm/etc/camera/cameradfx_config.json
odm/etc/camera/cameraopt_perf.json	selected-present	piano:odm/etc/camera/cameraopt_perf.json	odm/etc/camera/cameraopt_perf.json
odm/etc/camera/cameraopt_reclaim.json	selected-present	piano:odm/etc/camera/cameraopt_reclaim.json	odm/etc/camera/cameraopt_reclaim.json
odm/etc/camera/camerascene.json	selected-present	piano:odm/etc/camera/camerascene.json	odm/etc/camera/camerascene.json
odm/etc/camera/camxoverridesettings.txt	selected-present	piano:odm/etc/camera/camxoverridesettings.txt	odm/etc/camera/camxoverridesettings.txt
odm/etc/camera/enhance_motiontuning.xml	selected-present	piano:odm/etc/camera/enhance_motiontuning.xml	odm/etc/camera/enhance_motiontuning.xml
odm/etc/camera/facefocus_models/Vega_Attribute.model	selected-present	piano:odm/etc/camera/facefocus_models/Vega_Attribute.model	odm/etc/camera/facefocus_models/Vega_Attribute.model
odm/etc/camera/facefocus_models/Vega_Attribute_Face_RGB_qnn2.24.15_int8_3.2.6_arm64.model	selected-present	piano:odm/etc/camera/facefocus_models/Vega_Attribute_Face_RGB_qnn2.24.15_int8_3.2.6_arm64.model	odm/etc/camera/facefocus_models/Vega_Attribute_Face_RGB_qnn2.24.15_int8_3.2.6_arm64.model
odm/etc/camera/facefocus_models/Vega_Detect.model	selected-present	piano:odm/etc/camera/facefocus_models/Vega_Detect.model	odm/etc/camera/facefocus_models/Vega_Detect.model
odm/etc/camera/facefocus_models/Vega_Detect_Sculpture.model	selected-present	piano:odm/etc/camera/facefocus_models/Vega_Detect_Sculpture.model	odm/etc/camera/facefocus_models/Vega_Detect_Sculpture.model
odm/etc/camera/facesr.model	selected-present	piano:odm/etc/camera/facesr.model	odm/etc/camera/facesr.model
odm/etc/camera/fs_detect_1st.dlc	selected-present	piano:odm/etc/camera/fs_detect_1st.dlc	odm/etc/camera/fs_detect_1st.dlc
odm/etc/camera/itt_class_all.dlc	selected-present	piano:odm/etc/camera/itt_class_all.dlc	odm/etc/camera/itt_class_all.dlc
odm/etc/camera/itt_classify.dlc	selected-present	piano:odm/etc/camera/itt_classify.dlc	odm/etc/camera/itt_classify.dlc
odm/etc/camera/itt_detect_1st.dlc	selected-present	piano:odm/etc/camera/itt_detect_1st.dlc	odm/etc/camera/itt_detect_1st.dlc
odm/etc/camera/itt_track_backbone.dlc	selected-present	piano:odm/etc/camera/itt_track_backbone.dlc	odm/etc/camera/itt_track_backbone.dlc
odm/etc/camera/itt_track_head.dlc	selected-present	piano:odm/etc/camera/itt_track_head.dlc	odm/etc/camera/itt_track_head.dlc
odm/etc/camera/jiiganLdcFront/ldc_cap_cache	selected-present	piano:odm/etc/camera/jiiganLdcFront/ldc_cap_cache	odm/etc/camera/jiiganLdcFront/ldc_cap_cache
odm/etc/camera/jiiganLdcFront/ldc_cap_model	selected-present	piano:odm/etc/camera/jiiganLdcFront/ldc_cap_model	odm/etc/camera/jiiganLdcFront/ldc_cap_model
odm/etc/camera/jiiganLdcFront/ldc_cap_policy	selected-present	piano:odm/etc/camera/jiiganLdcFront/ldc_cap_policy	odm/etc/camera/jiiganLdcFront/ldc_cap_policy
odm/etc/camera/libarcsoft_high_dynamic_range.bin	selected-present	piano:odm/etc/camera/libarcsoft_high_dynamic_range.bin	odm/etc/camera/libarcsoft_high_dynamic_range.bin
odm/etc/camera/libarcsoft_mf_superresolution.bin	selected-present	piano:odm/etc/camera/libarcsoft_mf_superresolution.bin	odm/etc/camera/libarcsoft_mf_superresolution.bin
odm/etc/camera/mihal_overlap/catchlog_config.json	selected-present	piano:odm/etc/camera/mihal_overlap/catchlog_config.json	odm/etc/camera/mihal_overlap/catchlog_config.json
odm/etc/camera/mihal_overlap/overlap_config.json	selected-present	piano:odm/etc/camera/mihal_overlap/overlap_config.json	odm/etc/camera/mihal_overlap/overlap_config.json
odm/etc/camera/mihal_overlap/proj_overlap_config.json	selected-present	piano:odm/etc/camera/mihal_overlap/proj_overlap_config.json	odm/etc/camera/mihal_overlap/proj_overlap_config.json
odm/etc/camera/mimotion_c1b.bin	selected-present	piano:odm/etc/camera/mimotion_c1b.bin	odm/etc/camera/mimotion_c1b.bin
odm/etc/camera/mimotion_c1w.bin	selected-present	piano:odm/etc/camera/mimotion_c1w.bin	odm/etc/camera/mimotion_c1w.bin
odm/etc/camera/mimotion_f3b.bin	selected-present	piano:odm/etc/camera/mimotion_f3b.bin	odm/etc/camera/mimotion_f3b.bin
odm/etc/camera/mimotion_f3w.bin	selected-present	piano:odm/etc/camera/mimotion_f3w.bin	odm/etc/camera/mimotion_f3w.bin
odm/etc/camera/mimotion_f4b.bin	selected-present	piano:odm/etc/camera/mimotion_f4b.bin	odm/etc/camera/mimotion_f4b.bin
odm/etc/camera/mimotion_f4w.bin	selected-present	piano:odm/etc/camera/mimotion_f4w.bin	odm/etc/camera/mimotion_f4w.bin
odm/etc/camera/mimotion_f5b.bin	selected-present	piano:odm/etc/camera/mimotion_f5b.bin	odm/etc/camera/mimotion_f5b.bin
odm/etc/camera/mimotion_f5w.bin	selected-present	piano:odm/etc/camera/mimotion_f5w.bin	odm/etc/camera/mimotion_f5w.bin
odm/etc/camera/misoverridesettings.txt	selected-present	piano:odm/etc/camera/misoverridesettings.txt	odm/etc/camera/misoverridesettings.txt
odm/etc/camera/model_ai_dxo.dlc	selected-present	piano:odm/etc/camera/model_ai_dxo.dlc	odm/etc/camera/model_ai_dxo.dlc
odm/etc/camera/model_back.dlc	selected-present	piano:odm/etc/camera/model_back.dlc	odm/etc/camera/model_back.dlc
odm/etc/camera/model_front.dlc	selected-present	piano:odm/etc/camera/model_front.dlc	odm/etc/camera/model_front.dlc
odm/etc/camera/model_glass.dlc	selected-present	piano:odm/etc/camera/model_glass.dlc	odm/etc/camera/model_glass.dlc
odm/etc/camera/model_indoor.dlc	selected-present	piano:odm/etc/camera/model_indoor.dlc	odm/etc/camera/model_indoor.dlc
odm/etc/camera/motiontuning.xml	selected-present	piano:odm/etc/camera/motiontuning.xml	odm/etc/camera/motiontuning.xml
odm/etc/camera/ocr_aio	selected-present	piano:odm/etc/camera/ocr_aio	odm/etc/camera/ocr_aio
odm/etc/camera/previewbokeh_config.bin	selected-present	piano:odm/etc/camera/previewbokeh_config.bin	odm/etc/camera/previewbokeh_config.bin
odm/etc/camera/reduceframerate.json	selected-present	piano:odm/etc/camera/reduceframerate.json	odm/etc/camera/reduceframerate.json
odm/etc/camera/sceneDetection.xml	selected-present	piano:odm/etc/camera/sceneDetection.xml	odm/etc/camera/sceneDetection.xml
odm/etc/camera/sg_depth_model	selected-present	piano:odm/etc/camera/sg_depth_model	odm/etc/camera/sg_depth_model
odm/etc/camera/sg_head_cache	selected-present	piano:odm/etc/camera/sg_head_cache	odm/etc/camera/sg_head_cache
odm/etc/camera/sg_head_model	selected-present	piano:odm/etc/camera/sg_head_model	odm/etc/camera/sg_head_model
odm/etc/camera/sg_head_policy	selected-present	piano:odm/etc/camera/sg_head_policy	odm/etc/camera/sg_head_policy
odm/etc/camera/sg_seg_model	selected-present	piano:odm/etc/camera/sg_seg_model	odm/etc/camera/sg_seg_model
odm/etc/camera/singlebokeh_mecp.bin	selected-present	piano:odm/etc/camera/singlebokeh_mecp.bin	odm/etc/camera/singlebokeh_mecp.bin
odm/etc/camera/smartae_Aggregation.json	selected-present	piano:odm/etc/camera/smartae_Aggregation.json	odm/etc/camera/smartae_Aggregation.json
odm/etc/camera/smartae_AlgoType_HDRSR_evlist.json	selected-present	piano:odm/etc/camera/smartae_AlgoType_HDRSR_evlist.json	odm/etc/camera/smartae_AlgoType_HDRSR_evlist.json
odm/etc/camera/smartae_AlgoType_HDR_evlist.json	selected-present	piano:odm/etc/camera/smartae_AlgoType_HDR_evlist.json	odm/etc/camera/smartae_AlgoType_HDR_evlist.json
odm/etc/camera/smartae_AlgoType_SE_evlist.json	selected-present	piano:odm/etc/camera/smartae_AlgoType_SE_evlist.json	odm/etc/camera/smartae_AlgoType_SE_evlist.json
odm/etc/camera/smartae_AlgoType_SR_evlist.json	selected-present	piano:odm/etc/camera/smartae_AlgoType_SR_evlist.json	odm/etc/camera/smartae_AlgoType_SR_evlist.json
odm/etc/camera/smartae_Arbitrator.json	selected-present	piano:odm/etc/camera/smartae_Arbitrator.json	odm/etc/camera/smartae_Arbitrator.json
odm/etc/camera/smartae_hardware_config.json	selected-present	piano:odm/etc/camera/smartae_hardware_config.json	odm/etc/camera/smartae_hardware_config.json
odm/etc/camera/smartaeconfig.json	selected-present	piano:odm/etc/camera/smartaeconfig.json	odm/etc/camera/smartaeconfig.json
odm/etc/camera/snsc_bokeh_motiontuning.xml	selected-present	piano:odm/etc/camera/snsc_bokeh_motiontuning.xml	odm/etc/camera/snsc_bokeh_motiontuning.xml
odm/etc/camera/snsc_enhance_motiontuning.xml	selected-present	piano:odm/etc/camera/snsc_enhance_motiontuning.xml	odm/etc/camera/snsc_enhance_motiontuning.xml
odm/etc/camera/snsc_motiontuning.xml	selected-present	piano:odm/etc/camera/snsc_motiontuning.xml	odm/etc/camera/snsc_motiontuning.xml
odm/etc/camera/snsc_noface_motiontuning.xml	selected-present	piano:odm/etc/camera/snsc_noface_motiontuning.xml	odm/etc/camera/snsc_noface_motiontuning.xml
odm/etc/camera/style/arcbeauty_param_config.json	selected-present	piano:odm/etc/camera/style/arcbeauty_param_config.json	odm/etc/camera/style/arcbeauty_param_config.json
odm/etc/camera/style/style_xiaomi_p2p3.hdcg	selected-present	piano:odm/etc/camera/style/style_xiaomi_p2p3.hdcg	odm/etc/camera/style/style_xiaomi_p2p3.hdcg
odm/etc/camera/supervq_model	selected-present	piano:odm/etc/camera/supervq_model	odm/etc/camera/supervq_model
odm/etc/camera/svq_cache	selected-present	piano:odm/etc/camera/svq_cache	odm/etc/camera/svq_cache
odm/etc/camera/thermalConfig.json	selected-present	piano:odm/etc/camera/thermalConfig.json	odm/etc/camera/thermalConfig.json
odm/etc/camera/videofilter/102_SummerDay.png	selected-present	piano:odm/etc/camera/videofilter/102_SummerDay.png	odm/etc/camera/videofilter/102_SummerDay.png
odm/etc/camera/videofilter/103_Fantasy.png	selected-present	piano:odm/etc/camera/videofilter/103_Fantasy.png	odm/etc/camera/videofilter/103_Fantasy.png
odm/etc/camera/videofilter/104_Meet.png	selected-present	piano:odm/etc/camera/videofilter/104_Meet.png	odm/etc/camera/videofilter/104_Meet.png
odm/etc/camera/videofilter/105_WindSing.png	selected-present	piano:odm/etc/camera/videofilter/105_WindSing.png	odm/etc/camera/videofilter/105_WindSing.png
odm/etc/camera/videofilter/106_Lost.png	selected-present	piano:odm/etc/camera/videofilter/106_Lost.png	odm/etc/camera/videofilter/106_Lost.png
odm/etc/camera/videofilter/107_Central.png	selected-present	piano:odm/etc/camera/videofilter/107_Central.png	odm/etc/camera/videofilter/107_Central.png
odm/etc/camera/videofilter/108_NorthernEurope.png	selected-present	piano:odm/etc/camera/videofilter/108_NorthernEurope.png	odm/etc/camera/videofilter/108_NorthernEurope.png
odm/etc/camera/videofilter/109_Rome.png	selected-present	piano:odm/etc/camera/videofilter/109_Rome.png	odm/etc/camera/videofilter/109_Rome.png
odm/etc/camera/videofilter/110_BlackGold.png	selected-present	piano:odm/etc/camera/videofilter/110_BlackGold.png	odm/etc/camera/videofilter/110_BlackGold.png
odm/etc/camera/videofilter/111_GreenOrange.png	selected-present	piano:odm/etc/camera/videofilter/111_GreenOrange.png	odm/etc/camera/videofilter/111_GreenOrange.png
odm/etc/camera/videofilter/112_CyberPunk.png	selected-present	piano:odm/etc/camera/videofilter/112_CyberPunk.png	odm/etc/camera/videofilter/112_CyberPunk.png
odm/etc/camera/videofilter/113_BlackIce.png	selected-present	piano:odm/etc/camera/videofilter/113_BlackIce.png	odm/etc/camera/videofilter/113_BlackIce.png
odm/etc/camera/videofilter/121_Bleach.png	selected-present	piano:odm/etc/camera/videofilter/121_Bleach.png	odm/etc/camera/videofilter/121_Bleach.png
odm/etc/camera/videofilter/122_Thriller.png	selected-present	piano:odm/etc/camera/videofilter/122_Thriller.png	odm/etc/camera/videofilter/122_Thriller.png
odm/etc/camera/videofilter/123_TealOrange.png	selected-present	piano:odm/etc/camera/videofilter/123_TealOrange.png	odm/etc/camera/videofilter/123_TealOrange.png
odm/etc/camera/videofilter/124_JapaneseStyle.png	selected-present	piano:odm/etc/camera/videofilter/124_JapaneseStyle.png	odm/etc/camera/videofilter/124_JapaneseStyle.png
odm/etc/camera/videofilter/125_Latin.png	selected-present	piano:odm/etc/camera/videofilter/125_Latin.png	odm/etc/camera/videofilter/125_Latin.png
odm/etc/camera/videofilter/126_Fantasy2.png	selected-present	piano:odm/etc/camera/videofilter/126_Fantasy2.png	odm/etc/camera/videofilter/126_Fantasy2.png
odm/etc/camera/videofilter/127_Creamy.png	selected-present	piano:odm/etc/camera/videofilter/127_Creamy.png	odm/etc/camera/videofilter/127_Creamy.png
odm/etc/camera/videofilter/128_Sepia.png	selected-present	piano:odm/etc/camera/videofilter/128_Sepia.png	odm/etc/camera/videofilter/128_Sepia.png
odm/etc/camera/videofilter/129_LeicaVivid.png	selected-present	piano:odm/etc/camera/videofilter/129_LeicaVivid.png	odm/etc/camera/videofilter/129_LeicaVivid.png
odm/etc/camera/videofilter/130_LeicaNatural.png	selected-present	piano:odm/etc/camera/videofilter/130_LeicaNatural.png	odm/etc/camera/videofilter/130_LeicaNatural.png
odm/etc/camera/videofilter/131_MonochromeTrue.png	selected-present	piano:odm/etc/camera/videofilter/131_MonochromeTrue.png	odm/etc/camera/videofilter/131_MonochromeTrue.png
odm/etc/camera/videofilter/132_MonochromeHighContrast.png	selected-present	piano:odm/etc/camera/videofilter/132_MonochromeHighContrast.png	odm/etc/camera/videofilter/132_MonochromeHighContrast.png
odm/etc/camera/videofilter/133_MonochromeBrown.png	selected-present	piano:odm/etc/camera/videofilter/133_MonochromeBrown.png	odm/etc/camera/videofilter/133_MonochromeBrown.png
odm/etc/camera/videofilter/134_MonochromeBlue.png	selected-present	piano:odm/etc/camera/videofilter/134_MonochromeBlue.png	odm/etc/camera/videofilter/134_MonochromeBlue.png
odm/etc/camera/videofilter/135_Classical.png	selected-present	piano:odm/etc/camera/videofilter/135_Classical.png	odm/etc/camera/videofilter/135_Classical.png
odm/etc/camera/videofilter/136_Filene.png	selected-present	piano:odm/etc/camera/videofilter/136_Filene.png	odm/etc/camera/videofilter/136_Filene.png
odm/etc/camera/videofilter/137_GreenNight.png	selected-present	piano:odm/etc/camera/videofilter/137_GreenNight.png	odm/etc/camera/videofilter/137_GreenNight.png
odm/etc/camera/videofilter/138_LiteratureAndArt.png	selected-present	piano:odm/etc/camera/videofilter/138_LiteratureAndArt.png	odm/etc/camera/videofilter/138_LiteratureAndArt.png
odm/etc/camera/videofilter/139_OrangeHoney.png	selected-present	piano:odm/etc/camera/videofilter/139_OrangeHoney.png	odm/etc/camera/videofilter/139_OrangeHoney.png
odm/etc/camera/videofilter/140_Romance.png	selected-present	piano:odm/etc/camera/videofilter/140_Romance.png	odm/etc/camera/videofilter/140_Romance.png
odm/etc/camera/videofilter/141_FR500.png	selected-present	piano:odm/etc/camera/videofilter/141_FR500.png	odm/etc/camera/videofilter/141_FR500.png
odm/etc/camera/videofilter/142_FE250.png	selected-present	piano:odm/etc/camera/videofilter/142_FE250.png	odm/etc/camera/videofilter/142_FE250.png
odm/etc/camera/videofilter/143_RedLantern.png	selected-present	piano:odm/etc/camera/videofilter/143_RedLantern.png	odm/etc/camera/videofilter/143_RedLantern.png
odm/etc/camera/videofilter/144_RedHero.png	selected-present	piano:odm/etc/camera/videofilter/144_RedHero.png	odm/etc/camera/videofilter/144_RedHero.png
odm/etc/camera/videofilter/145_TactileBlackWhite.png	selected-present	piano:odm/etc/camera/videofilter/145_TactileBlackWhite.png	odm/etc/camera/videofilter/145_TactileBlackWhite.png
odm/etc/camera/videofilter/146_TactileGreen.png	selected-present	piano:odm/etc/camera/videofilter/146_TactileGreen.png	odm/etc/camera/videofilter/146_TactileGreen.png
odm/etc/camera/videofilter/147_Neutral.png	selected-present	piano:odm/etc/camera/videofilter/147_Neutral.png	odm/etc/camera/videofilter/147_Neutral.png
odm/etc/camera/videofilter/148_Mild.png	selected-present	piano:odm/etc/camera/videofilter/148_Mild.png	odm/etc/camera/videofilter/148_Mild.png
odm/etc/camera/videofilter/149_LilyWhite.png	selected-present	piano:odm/etc/camera/videofilter/149_LilyWhite.png	odm/etc/camera/videofilter/149_LilyWhite.png
odm/etc/camera/videofilter/150_Bright.png	selected-present	piano:odm/etc/camera/videofilter/150_Bright.png	odm/etc/camera/videofilter/150_Bright.png
odm/etc/camera/videofilter/151_Fresh.png	selected-present	piano:odm/etc/camera/videofilter/151_Fresh.png	odm/etc/camera/videofilter/151_Fresh.png
odm/etc/camera/videofilter/152_Limpid.png	selected-present	piano:odm/etc/camera/videofilter/152_Limpid.png	odm/etc/camera/videofilter/152_Limpid.png
odm/etc/camera/videofilter/153_KC64.png	selected-present	piano:odm/etc/camera/videofilter/153_KC64.png	odm/etc/camera/videofilter/153_KC64.png
odm/etc/camera/videofilter/154_V250.png	selected-present	piano:odm/etc/camera/videofilter/154_V250.png	odm/etc/camera/videofilter/154_V250.png
odm/etc/camera/videofilter/155_H400.png	selected-present	piano:odm/etc/camera/videofilter/155_H400.png	odm/etc/camera/videofilter/155_H400.png
odm/etc/camera/videofilter/156_ColdWhite.png	selected-present	piano:odm/etc/camera/videofilter/156_ColdWhite.png	odm/etc/camera/videofilter/156_ColdWhite.png
odm/etc/camera/videofilter/157_Native.png	selected-present	piano:odm/etc/camera/videofilter/157_Native.png	odm/etc/camera/videofilter/157_Native.png
odm/etc/camera/videofilter/158_BWClassical.png	selected-present	piano:odm/etc/camera/videofilter/158_BWClassical.png	odm/etc/camera/videofilter/158_BWClassical.png
odm/etc/camera/videofilter/159_Flowers.png	selected-present	piano:odm/etc/camera/videofilter/159_Flowers.png	odm/etc/camera/videofilter/159_Flowers.png
odm/etc/camera/videofilter/160_Vivid.png	selected-present	piano:odm/etc/camera/videofilter/160_Vivid.png	odm/etc/camera/videofilter/160_Vivid.png
odm/etc/camera/videofilter/161_KP160.png	selected-present	piano:odm/etc/camera/videofilter/161_KP160.png	odm/etc/camera/videofilter/161_KP160.png
odm/etc/camera/videofilter/162_Natural.png	selected-present	piano:odm/etc/camera/videofilter/162_Natural.png	odm/etc/camera/videofilter/162_Natural.png
odm/etc/camera/videofilter/163_KG200.png	selected-present	piano:odm/etc/camera/videofilter/163_KG200.png	odm/etc/camera/videofilter/163_KG200.png
odm/etc/camera/videofilter/164_FC400.png	selected-present	piano:odm/etc/camera/videofilter/164_FC400.png	odm/etc/camera/videofilter/164_FC400.png
odm/etc/camera/videofilter/165_C50D.png	selected-present	piano:odm/etc/camera/videofilter/165_C50D.png	odm/etc/camera/videofilter/165_C50D.png
odm/etc/camera/videofilter/166_F50.png	selected-present	piano:odm/etc/camera/videofilter/166_F50.png	odm/etc/camera/videofilter/166_F50.png
odm/etc/camera/videofilter/167_CC.png	selected-present	piano:odm/etc/camera/videofilter/167_CC.png	odm/etc/camera/videofilter/167_CC.png
odm/etc/camera/videofilter/168_NC.png	selected-present	piano:odm/etc/camera/videofilter/168_NC.png	odm/etc/camera/videofilter/168_NC.png
odm/etc/camera/xiaomi/20220921.icc	selected-present	piano:odm/etc/camera/xiaomi/20220921.icc	odm/etc/camera/xiaomi/20220921.icc
odm/etc/camera/xiaomi/DSACSettings.json	selected-present	piano:odm/etc/camera/xiaomi/DSACSettings.json	odm/etc/camera/xiaomi/DSACSettings.json
odm/etc/camera/xiaomi/EcoInfo.json	selected-present	piano:odm/etc/camera/xiaomi/EcoInfo.json	odm/etc/camera/xiaomi/EcoInfo.json
odm/etc/camera/xiaomi/EcoInfoDynamic.json	selected-present	piano:odm/etc/camera/xiaomi/EcoInfoDynamic.json	odm/etc/camera/xiaomi/EcoInfoDynamic.json
odm/etc/camera/xiaomi/EcoInfoGesture.json	selected-present	piano:odm/etc/camera/xiaomi/EcoInfoGesture.json	odm/etc/camera/xiaomi/EcoInfoGesture.json
odm/etc/camera/xiaomi/adaptersettings.json	selected-present	piano:odm/etc/camera/xiaomi/adaptersettings.json	odm/etc/camera/xiaomi/adaptersettings.json
odm/etc/camera/xiaomi/aispsensormodesettings.json	selected-present	piano:odm/etc/camera/xiaomi/aispsensormodesettings.json	odm/etc/camera/xiaomi/aispsensormodesettings.json
odm/etc/camera/xiaomi/chiofflinesetting.json	selected-present	piano:odm/etc/camera/xiaomi/chiofflinesetting.json	odm/etc/camera/xiaomi/chiofflinesetting.json
odm/etc/camera/xiaomi/cinelook.json	selected-present	piano:odm/etc/camera/xiaomi/cinelook.json	odm/etc/camera/xiaomi/cinelook.json
odm/etc/camera/xiaomi/cinematic.json	selected-present	piano:odm/etc/camera/xiaomi/cinematic.json	odm/etc/camera/xiaomi/cinematic.json
odm/etc/camera/xiaomi/dualbokehpreview.json	selected-present	piano:odm/etc/camera/xiaomi/dualbokehpreview.json	odm/etc/camera/xiaomi/dualbokehpreview.json
odm/etc/camera/xiaomi/dualbokehsnapshot.json	selected-present	piano:odm/etc/camera/xiaomi/dualbokehsnapshot.json	odm/etc/camera/xiaomi/dualbokehsnapshot.json
odm/etc/camera/xiaomi/ecoMetaExtension.json	selected-present	piano:odm/etc/camera/xiaomi/ecoMetaExtension.json	odm/etc/camera/xiaomi/ecoMetaExtension.json
odm/etc/camera/xiaomi/ecoMetaExtensionExt.json	selected-present	piano:odm/etc/camera/xiaomi/ecoMetaExtensionExt.json	odm/etc/camera/xiaomi/ecoMetaExtensionExt.json
odm/etc/camera/xiaomi/ecoMetaInfo.json	selected-present	piano:odm/etc/camera/xiaomi/ecoMetaInfo.json	odm/etc/camera/xiaomi/ecoMetaInfo.json
odm/etc/camera/xiaomi/ecoModeconfig.json	selected-present	piano:odm/etc/camera/xiaomi/ecoModeconfig.json	odm/etc/camera/xiaomi/ecoModeconfig.json
odm/etc/camera/xiaomi/ecoTrdCustomSwitch.json	selected-present	piano:odm/etc/camera/xiaomi/ecoTrdCustomSwitch.json	odm/etc/camera/xiaomi/ecoTrdCustomSwitch.json
odm/etc/camera/xiaomi/ecoenginevendorstreamconfig.json	selected-present	piano:odm/etc/camera/xiaomi/ecoenginevendorstreamconfig.json	odm/etc/camera/xiaomi/ecoenginevendorstreamconfig.json
odm/etc/camera/xiaomi/frontbokehpreview.json	selected-present	piano:odm/etc/camera/xiaomi/frontbokehpreview.json	odm/etc/camera/xiaomi/frontbokehpreview.json
odm/etc/camera/xiaomi/frontbokehsnapshot.json	selected-present	piano:odm/etc/camera/xiaomi/frontbokehsnapshot.json	odm/etc/camera/xiaomi/frontbokehsnapshot.json
odm/etc/camera/xiaomi/frontdualviewvideo.json	selected-present	piano:odm/etc/camera/xiaomi/frontdualviewvideo.json	odm/etc/camera/xiaomi/frontdualviewvideo.json
odm/etc/camera/xiaomi/frontmagicwandvideo.json	selected-present	piano:odm/etc/camera/xiaomi/frontmagicwandvideo.json	odm/etc/camera/xiaomi/frontmagicwandvideo.json
odm/etc/camera/xiaomi/frontsinglesnapshot.json	selected-present	piano:odm/etc/camera/xiaomi/frontsinglesnapshot.json	odm/etc/camera/xiaomi/frontsinglesnapshot.json
odm/etc/camera/xiaomi/frontsupernightsnapshot.json	selected-present	piano:odm/etc/camera/xiaomi/frontsupernightsnapshot.json	odm/etc/camera/xiaomi/frontsupernightsnapshot.json
odm/etc/camera/xiaomi/idcardsnapshot.json	selected-present	piano:odm/etc/camera/xiaomi/idcardsnapshot.json	odm/etc/camera/xiaomi/idcardsnapshot.json
odm/etc/camera/xiaomi/longexposurepreview.json	selected-present	piano:odm/etc/camera/xiaomi/longexposurepreview.json	odm/etc/camera/xiaomi/longexposurepreview.json
odm/etc/camera/xiaomi/manualpreview.json	selected-present	piano:odm/etc/camera/xiaomi/manualpreview.json	odm/etc/camera/xiaomi/manualpreview.json
odm/etc/camera/xiaomi/manualsnapshot.json	selected-present	piano:odm/etc/camera/xiaomi/manualsnapshot.json	odm/etc/camera/xiaomi/manualsnapshot.json
odm/etc/camera/xiaomi/miuicamerayuv2heic.json	selected-present	piano:odm/etc/camera/xiaomi/miuicamerayuv2heic.json	odm/etc/camera/xiaomi/miuicamerayuv2heic.json
odm/etc/camera/xiaomi/miuicamerayuv2jpeg.json	selected-present	piano:odm/etc/camera/xiaomi/miuicamerayuv2jpeg.json	odm/etc/camera/xiaomi/miuicamerayuv2jpeg.json
odm/etc/camera/xiaomi/miviphotographerconfig.json	selected-present	piano:odm/etc/camera/xiaomi/miviphotographerconfig.json	odm/etc/camera/xiaomi/miviphotographerconfig.json
odm/etc/camera/xiaomi/mivisettings.json	selected-present	piano:odm/etc/camera/xiaomi/mivisettings.json	odm/etc/camera/xiaomi/mivisettings.json
odm/etc/camera/xiaomi/mivistreamformat.json	selected-present	piano:odm/etc/camera/xiaomi/mivistreamformat.json	odm/etc/camera/xiaomi/mivistreamformat.json
odm/etc/camera/xiaomi/mivivendorstreamconfig.json	selected-present	piano:odm/etc/camera/xiaomi/mivivendorstreamconfig.json	odm/etc/camera/xiaomi/mivivendorstreamconfig.json
odm/etc/camera/xiaomi/normalsnapshot.json	selected-present	piano:odm/etc/camera/xiaomi/normalsnapshot.json	odm/etc/camera/xiaomi/normalsnapshot.json
odm/etc/camera/xiaomi/overridesettings.json	selected-present	piano:odm/etc/camera/xiaomi/overridesettings.json	odm/etc/camera/xiaomi/overridesettings.json
odm/etc/camera/xiaomi/rearmagicwandvideo.json	selected-present	piano:odm/etc/camera/xiaomi/rearmagicwandvideo.json	odm/etc/camera/xiaomi/rearmagicwandvideo.json
odm/etc/camera/xiaomi/rearsupernightsnapshot.json	selected-present	piano:odm/etc/camera/xiaomi/rearsupernightsnapshot.json	odm/etc/camera/xiaomi/rearsupernightsnapshot.json
odm/etc/camera/xiaomi/satburstsnapshot.json	selected-present	piano:odm/etc/camera/xiaomi/satburstsnapshot.json	odm/etc/camera/xiaomi/satburstsnapshot.json
odm/etc/camera/xiaomi/satpreview.json	selected-present	piano:odm/etc/camera/xiaomi/satpreview.json	odm/etc/camera/xiaomi/satpreview.json
odm/etc/camera/xiaomi/satsettings.json	selected-present	piano:odm/etc/camera/xiaomi/satsettings.json	odm/etc/camera/xiaomi/satsettings.json
odm/etc/camera/xiaomi/satsnapshot.json	selected-present	piano:odm/etc/camera/xiaomi/satsnapshot.json	odm/etc/camera/xiaomi/satsnapshot.json
odm/etc/camera/xiaomi/sdksnapshot.json	selected-present	piano:odm/etc/camera/xiaomi/sdksnapshot.json	odm/etc/camera/xiaomi/sdksnapshot.json
odm/etc/camera/xiaomi/settings.json	selected-present	piano:odm/etc/camera/xiaomi/settings.json	odm/etc/camera/xiaomi/settings.json
odm/etc/camera/xiaomi/simplepreview.json	selected-present	piano:odm/etc/camera/xiaomi/simplepreview.json	odm/etc/camera/xiaomi/simplepreview.json
odm/etc/camera/xiaomi/superhdpreview.json	selected-present	piano:odm/etc/camera/xiaomi/superhdpreview.json	odm/etc/camera/xiaomi/superhdpreview.json
odm/etc/camera/xiaomi/superhdsnapshot.json	selected-present	piano:odm/etc/camera/xiaomi/superhdsnapshot.json	odm/etc/camera/xiaomi/superhdsnapshot.json
odm/etc/camera/xiaomi/supernightpreview.json	selected-present	piano:odm/etc/camera/xiaomi/supernightpreview.json	odm/etc/camera/xiaomi/supernightpreview.json
odm/etc/camera/xiaomi/thirdnormalpreview.json	selected-present	piano:odm/etc/camera/xiaomi/thirdnormalpreview.json	odm/etc/camera/xiaomi/thirdnormalpreview.json
odm/etc/camera/xiaomi/thirdpartysnapshotjpeg.json	selected-present	piano:odm/etc/camera/xiaomi/thirdpartysnapshotjpeg.json	odm/etc/camera/xiaomi/thirdpartysnapshotjpeg.json
odm/etc/camera/xiaomi/watermark/MiSans-Demibold.ttf	selected-present	piano:odm/etc/camera/xiaomi/watermark/MiSans-Demibold.ttf	odm/etc/camera/xiaomi/watermark/MiSans-Demibold.ttf
odm/etc/camera/xiaomi/watermark/MiSans-Medium.ttf	selected-present	piano:odm/etc/camera/xiaomi/watermark/MiSans-Medium.ttf	odm/etc/camera/xiaomi/watermark/MiSans-Medium.ttf
odm/etc/camera/xiaomi/watermark/Roboto-Bold.ttf	selected-present	piano:odm/etc/camera/xiaomi/watermark/Roboto-Bold.ttf	odm/etc/camera/xiaomi/watermark/Roboto-Bold.ttf
odm/etc/camera/xiaomi/watermark/Roboto-Medium.ttf	selected-present	piano:odm/etc/camera/xiaomi/watermark/Roboto-Medium.ttf	odm/etc/camera/xiaomi/watermark/Roboto-Medium.ttf
odm/etc/camera/xiaomi/watermark/ic_cv_film_logo.png	selected-present	piano:odm/etc/camera/xiaomi/watermark/ic_cv_film_logo.png	odm/etc/camera/xiaomi/watermark/ic_cv_film_logo.png
odm/etc/camera/xiaomi/watermark/ic_cv_film_logo_white.png	selected-present	piano:odm/etc/camera/xiaomi/watermark/ic_cv_film_logo_white.png	odm/etc/camera/xiaomi/watermark/ic_cv_film_logo_white.png
odm/etc/camera/xiaomi/watermark/ic_cv_logo.png	selected-present	piano:odm/etc/camera/xiaomi/watermark/ic_cv_logo.png	odm/etc/camera/xiaomi/watermark/ic_cv_logo.png
odm/etc/camera/xiaomi/watermark/ic_cv_logo_p3.png	selected-present	piano:odm/etc/camera/xiaomi/watermark/ic_cv_logo_p3.png	odm/etc/camera/xiaomi/watermark/ic_cv_logo_p3.png
odm/etc/camera/xiaomi/watermark/ic_cv_poco_logo.png	selected-present	piano:odm/etc/camera/xiaomi/watermark/ic_cv_poco_logo.png	odm/etc/camera/xiaomi/watermark/ic_cv_poco_logo.png
odm/etc/camera/xiaomi/watermark/ic_cv_poco_logo_white.png	selected-present	piano:odm/etc/camera/xiaomi/watermark/ic_cv_poco_logo_white.png	odm/etc/camera/xiaomi/watermark/ic_cv_poco_logo_white.png
odm/etc/camera/xiaomi/watermark/ic_cv_redmi_logo.png	selected-present	piano:odm/etc/camera/xiaomi/watermark/ic_cv_redmi_logo.png	odm/etc/camera/xiaomi/watermark/ic_cv_redmi_logo.png
odm/etc/camera/xiaomi/watermark/ic_cv_redmi_logo_white.png	selected-present	piano:odm/etc/camera/xiaomi/watermark/ic_cv_redmi_logo_white.png	odm/etc/camera/xiaomi/watermark/ic_cv_redmi_logo_white.png
odm/etc/camera/xiaomi/watermark/ic_cv_xiaomi_logo.png	selected-present	piano:odm/etc/camera/xiaomi/watermark/ic_cv_xiaomi_logo.png	odm/etc/camera/xiaomi/watermark/ic_cv_xiaomi_logo.png
odm/etc/camera/xiaomi/watermark/ic_cv_xiaomi_logo_white.png	selected-present	piano:odm/etc/camera/xiaomi/watermark/ic_cv_xiaomi_logo_white.png	odm/etc/camera/xiaomi/watermark/ic_cv_xiaomi_logo_white.png
odm/etc/camera/xiaomi/watermark/ic_wp_0100_c.webp	selected-present	piano:odm/etc/camera/xiaomi/watermark/ic_wp_0100_c.webp	odm/etc/camera/xiaomi/watermark/ic_wp_0100_c.webp
odm/etc/camera/xiaomi/watermark/ic_wp_0101.webp	selected-present	piano:odm/etc/camera/xiaomi/watermark/ic_wp_0101.webp	odm/etc/camera/xiaomi/watermark/ic_wp_0101.webp
odm/etc/camera/xiaomi/watermark/ic_wp_0101_c.webp	selected-present	piano:odm/etc/camera/xiaomi/watermark/ic_wp_0101_c.webp	odm/etc/camera/xiaomi/watermark/ic_wp_0101_c.webp
odm/etc/camera/xiaomi/watermark/ic_wp_0214.webp	selected-present	piano:odm/etc/camera/xiaomi/watermark/ic_wp_0214.webp	odm/etc/camera/xiaomi/watermark/ic_wp_0214.webp
odm/etc/camera/xiaomi/watermark/ic_wp_0601.webp	selected-present	piano:odm/etc/camera/xiaomi/watermark/ic_wp_0601.webp	odm/etc/camera/xiaomi/watermark/ic_wp_0601.webp
odm/etc/camera/xiaomi/watermark/ic_wp_0815_c.webp	selected-present	piano:odm/etc/camera/xiaomi/watermark/ic_wp_0815_c.webp	odm/etc/camera/xiaomi/watermark/ic_wp_0815_c.webp
odm/etc/camera/xiaomi/watermark/ic_wp_1208_c.webp	selected-present	piano:odm/etc/camera/xiaomi/watermark/ic_wp_1208_c.webp	odm/etc/camera/xiaomi/watermark/ic_wp_1208_c.webp
odm/etc/camera/xiaomi/watermark/ic_wp_1225.webp	selected-present	piano:odm/etc/camera/xiaomi/watermark/ic_wp_1225.webp	odm/etc/camera/xiaomi/watermark/ic_wp_1225.webp
odm/etc/camera/xiaomi/watermark/ic_wp_agra_fort.webp	selected-present	piano:odm/etc/camera/xiaomi/watermark/ic_wp_agra_fort.webp	odm/etc/camera/xiaomi/watermark/ic_wp_agra_fort.webp
odm/etc/camera/xiaomi/watermark/ic_wp_amber_fort.webp	selected-present	piano:odm/etc/camera/xiaomi/watermark/ic_wp_amber_fort.webp	odm/etc/camera/xiaomi/watermark/ic_wp_amber_fort.webp
odm/etc/camera/xiaomi/watermark/ic_wp_beauty_charm.webp	selected-present	piano:odm/etc/camera/xiaomi/watermark/ic_wp_beauty_charm.webp	odm/etc/camera/xiaomi/watermark/ic_wp_beauty_charm.webp
odm/etc/camera/xiaomi/watermark/ic_wp_beijing.webp	selected-present	piano:odm/etc/camera/xiaomi/watermark/ic_wp_beijing.webp	odm/etc/camera/xiaomi/watermark/ic_wp_beijing.webp
odm/etc/camera/xiaomi/watermark/ic_wp_bluesky.webp	selected-present	piano:odm/etc/camera/xiaomi/watermark/ic_wp_bluesky.webp	odm/etc/camera/xiaomi/watermark/ic_wp_bluesky.webp
odm/etc/camera/xiaomi/watermark/ic_wp_buddha.webp	selected-present	piano:odm/etc/camera/xiaomi/watermark/ic_wp_buddha.webp	odm/etc/camera/xiaomi/watermark/ic_wp_buddha.webp
odm/etc/camera/xiaomi/watermark/ic_wp_cat.webp	selected-present	piano:odm/etc/camera/xiaomi/watermark/ic_wp_cat.webp	odm/etc/camera/xiaomi/watermark/ic_wp_cat.webp
odm/etc/camera/xiaomi/watermark/ic_wp_cat_c.webp	selected-present	piano:odm/etc/camera/xiaomi/watermark/ic_wp_cat_c.webp	odm/etc/camera/xiaomi/watermark/ic_wp_cat_c.webp
odm/etc/camera/xiaomi/watermark/ic_wp_chengdu.webp	selected-present	piano:odm/etc/camera/xiaomi/watermark/ic_wp_chengdu.webp	odm/etc/camera/xiaomi/watermark/ic_wp_chengdu.webp
odm/etc/camera/xiaomi/watermark/ic_wp_chongqing.webp	selected-present	piano:odm/etc/camera/xiaomi/watermark/ic_wp_chongqing.webp	odm/etc/camera/xiaomi/watermark/ic_wp_chongqing.webp
odm/etc/camera/xiaomi/watermark/ic_wp_cloudy.webp	selected-present	piano:odm/etc/camera/xiaomi/watermark/ic_wp_cloudy.webp	odm/etc/camera/xiaomi/watermark/ic_wp_cloudy.webp
odm/etc/camera/xiaomi/watermark/ic_wp_coconut_tree.webp	selected-present	piano:odm/etc/camera/xiaomi/watermark/ic_wp_coconut_tree.webp	odm/etc/camera/xiaomi/watermark/ic_wp_coconut_tree.webp
odm/etc/camera/xiaomi/watermark/ic_wp_coffee.webp	selected-present	piano:odm/etc/camera/xiaomi/watermark/ic_wp_coffee.webp	odm/etc/camera/xiaomi/watermark/ic_wp_coffee.webp
odm/etc/camera/xiaomi/watermark/ic_wp_coffee_c.webp	selected-present	piano:odm/etc/camera/xiaomi/watermark/ic_wp_coffee_c.webp	odm/etc/camera/xiaomi/watermark/ic_wp_coffee_c.webp
odm/etc/camera/xiaomi/watermark/ic_wp_cow.webp	selected-present	piano:odm/etc/camera/xiaomi/watermark/ic_wp_cow.webp	odm/etc/camera/xiaomi/watermark/ic_wp_cow.webp
odm/etc/camera/xiaomi/watermark/ic_wp_curry.webp	selected-present	piano:odm/etc/camera/xiaomi/watermark/ic_wp_curry.webp	odm/etc/camera/xiaomi/watermark/ic_wp_curry.webp
odm/etc/camera/xiaomi/watermark/ic_wp_delicacy.webp	selected-present	piano:odm/etc/camera/xiaomi/watermark/ic_wp_delicacy.webp	odm/etc/camera/xiaomi/watermark/ic_wp_delicacy.webp
odm/etc/camera/xiaomi/watermark/ic_wp_diwali.webp	selected-present	piano:odm/etc/camera/xiaomi/watermark/ic_wp_diwali.webp	odm/etc/camera/xiaomi/watermark/ic_wp_diwali.webp
odm/etc/camera/xiaomi/watermark/ic_wp_dog.webp	selected-present	piano:odm/etc/camera/xiaomi/watermark/ic_wp_dog.webp	odm/etc/camera/xiaomi/watermark/ic_wp_dog.webp
odm/etc/camera/xiaomi/watermark/ic_wp_dog_c.webp	selected-present	piano:odm/etc/camera/xiaomi/watermark/ic_wp_dog_c.webp	odm/etc/camera/xiaomi/watermark/ic_wp_dog_c.webp
odm/etc/camera/xiaomi/watermark/ic_wp_dussehra.webp	selected-present	piano:odm/etc/camera/xiaomi/watermark/ic_wp_dussehra.webp	odm/etc/camera/xiaomi/watermark/ic_wp_dussehra.webp
odm/etc/camera/xiaomi/watermark/ic_wp_elephant_god.webp	selected-present	piano:odm/etc/camera/xiaomi/watermark/ic_wp_elephant_god.webp	odm/etc/camera/xiaomi/watermark/ic_wp_elephant_god.webp
odm/etc/camera/xiaomi/watermark/ic_wp_fleshiness.webp	selected-present	piano:odm/etc/camera/xiaomi/watermark/ic_wp_fleshiness.webp	odm/etc/camera/xiaomi/watermark/ic_wp_fleshiness.webp
odm/etc/camera/xiaomi/watermark/ic_wp_flower.webp	selected-present	piano:odm/etc/camera/xiaomi/watermark/ic_wp_flower.webp	odm/etc/camera/xiaomi/watermark/ic_wp_flower.webp
odm/etc/camera/xiaomi/watermark/ic_wp_gateway_delhi.webp	selected-present	piano:odm/etc/camera/xiaomi/watermark/ic_wp_gateway_delhi.webp	odm/etc/camera/xiaomi/watermark/ic_wp_gateway_delhi.webp
odm/etc/camera/xiaomi/watermark/ic_wp_gateway_mumbai.webp	selected-present	piano:odm/etc/camera/xiaomi/watermark/ic_wp_gateway_mumbai.webp	odm/etc/camera/xiaomi/watermark/ic_wp_gateway_mumbai.webp
odm/etc/camera/xiaomi/watermark/ic_wp_grassplot.webp	selected-present	piano:odm/etc/camera/xiaomi/watermark/ic_wp_grassplot.webp	odm/etc/camera/xiaomi/watermark/ic_wp_grassplot.webp
odm/etc/camera/xiaomi/watermark/ic_wp_great_wall.webp	selected-present	piano:odm/etc/camera/xiaomi/watermark/ic_wp_great_wall.webp	odm/etc/camera/xiaomi/watermark/ic_wp_great_wall.webp
odm/etc/camera/xiaomi/watermark/ic_wp_gu_lang_island.webp	selected-present	piano:odm/etc/camera/xiaomi/watermark/ic_wp_gu_lang_island.webp	odm/etc/camera/xiaomi/watermark/ic_wp_gu_lang_island.webp
odm/etc/camera/xiaomi/watermark/ic_wp_guangzhou.webp	selected-present	piano:odm/etc/camera/xiaomi/watermark/ic_wp_guangzhou.webp	odm/etc/camera/xiaomi/watermark/ic_wp_guangzhou.webp
odm/etc/camera/xiaomi/watermark/ic_wp_hang_ya_cave.webp	selected-present	piano:odm/etc/camera/xiaomi/watermark/ic_wp_hang_ya_cave.webp	odm/etc/camera/xiaomi/watermark/ic_wp_hang_ya_cave.webp
odm/etc/camera/xiaomi/watermark/ic_wp_hangzhou.webp	selected-present	piano:odm/etc/camera/xiaomi/watermark/ic_wp_hangzhou.webp	odm/etc/camera/xiaomi/watermark/ic_wp_hangzhou.webp
odm/etc/camera/xiaomi/watermark/ic_wp_happy_time.webp	selected-present	piano:odm/etc/camera/xiaomi/watermark/ic_wp_happy_time.webp	odm/etc/camera/xiaomi/watermark/ic_wp_happy_time.webp
odm/etc/camera/xiaomi/watermark/ic_wp_holi.webp	selected-present	piano:odm/etc/camera/xiaomi/watermark/ic_wp_holi.webp	odm/etc/camera/xiaomi/watermark/ic_wp_holi.webp
odm/etc/camera/xiaomi/watermark/ic_wp_huoguo.webp	selected-present	piano:odm/etc/camera/xiaomi/watermark/ic_wp_huoguo.webp	odm/etc/camera/xiaomi/watermark/ic_wp_huoguo.webp
odm/etc/camera/xiaomi/watermark/ic_wp_kids.webp	selected-present	piano:odm/etc/camera/xiaomi/watermark/ic_wp_kids.webp	odm/etc/camera/xiaomi/watermark/ic_wp_kids.webp
odm/etc/camera/xiaomi/watermark/ic_wp_kids_c.webp	selected-present	piano:odm/etc/camera/xiaomi/watermark/ic_wp_kids_c.webp	odm/etc/camera/xiaomi/watermark/ic_wp_kids_c.webp
odm/etc/camera/xiaomi/watermark/ic_wp_leafs.webp	selected-present	piano:odm/etc/camera/xiaomi/watermark/ic_wp_leafs.webp	odm/etc/camera/xiaomi/watermark/ic_wp_leafs.webp
odm/etc/camera/xiaomi/watermark/ic_wp_monkey.webp	selected-present	piano:odm/etc/camera/xiaomi/watermark/ic_wp_monkey.webp	odm/etc/camera/xiaomi/watermark/ic_wp_monkey.webp
odm/etc/camera/xiaomi/watermark/ic_wp_motorcycle.webp	selected-present	piano:odm/etc/camera/xiaomi/watermark/ic_wp_motorcycle.webp	odm/etc/camera/xiaomi/watermark/ic_wp_motorcycle.webp
odm/etc/camera/xiaomi/watermark/ic_wp_mount_huang.webp	selected-present	piano:odm/etc/camera/xiaomi/watermark/ic_wp_mount_huang.webp	odm/etc/camera/xiaomi/watermark/ic_wp_mount_huang.webp
odm/etc/camera/xiaomi/watermark/ic_wp_namaste.webp	selected-present	piano:odm/etc/camera/xiaomi/watermark/ic_wp_namaste.webp	odm/etc/camera/xiaomi/watermark/ic_wp_namaste.webp
odm/etc/camera/xiaomi/watermark/ic_wp_nanjing.webp	selected-present	piano:odm/etc/camera/xiaomi/watermark/ic_wp_nanjing.webp	odm/etc/camera/xiaomi/watermark/ic_wp_nanjing.webp
odm/etc/camera/xiaomi/watermark/ic_wp_nightscape.webp	selected-present	piano:odm/etc/camera/xiaomi/watermark/ic_wp_nightscape.webp	odm/etc/camera/xiaomi/watermark/ic_wp_nightscape.webp
odm/etc/camera/xiaomi/watermark/ic_wp_overcast.webp	selected-present	piano:odm/etc/camera/xiaomi/watermark/ic_wp_overcast.webp	odm/etc/camera/xiaomi/watermark/ic_wp_overcast.webp
odm/etc/camera/xiaomi/watermark/ic_wp_party_time.webp	selected-present	piano:odm/etc/camera/xiaomi/watermark/ic_wp_party_time.webp	odm/etc/camera/xiaomi/watermark/ic_wp_party_time.webp
odm/etc/camera/xiaomi/watermark/ic_wp_plants.webp	selected-present	piano:odm/etc/camera/xiaomi/watermark/ic_wp_plants.webp	odm/etc/camera/xiaomi/watermark/ic_wp_plants.webp
odm/etc/camera/xiaomi/watermark/ic_wp_rakhi.webp	selected-present	piano:odm/etc/camera/xiaomi/watermark/ic_wp_rakhi.webp	odm/etc/camera/xiaomi/watermark/ic_wp_rakhi.webp
odm/etc/camera/xiaomi/watermark/ic_wp_red_fort.webp	selected-present	piano:odm/etc/camera/xiaomi/watermark/ic_wp_red_fort.webp	odm/etc/camera/xiaomi/watermark/ic_wp_red_fort.webp
odm/etc/camera/xiaomi/watermark/ic_wp_republic_day.webp	selected-present	piano:odm/etc/camera/xiaomi/watermark/ic_wp_republic_day.webp	odm/etc/camera/xiaomi/watermark/ic_wp_republic_day.webp
odm/etc/camera/xiaomi/watermark/ic_wp_shanghai.webp	selected-present	piano:odm/etc/camera/xiaomi/watermark/ic_wp_shanghai.webp	odm/etc/camera/xiaomi/watermark/ic_wp_shanghai.webp
odm/etc/camera/xiaomi/watermark/ic_wp_sunrise_sunset.webp	selected-present	piano:odm/etc/camera/xiaomi/watermark/ic_wp_sunrise_sunset.webp	odm/etc/camera/xiaomi/watermark/ic_wp_sunrise_sunset.webp
odm/etc/camera/xiaomi/watermark/ic_wp_super_moon_airplane.webp	selected-present	piano:odm/etc/camera/xiaomi/watermark/ic_wp_super_moon_airplane.webp	odm/etc/camera/xiaomi/watermark/ic_wp_super_moon_airplane.webp
odm/etc/camera/xiaomi/watermark/ic_wp_super_moon_black_cat.webp	selected-present	piano:odm/etc/camera/xiaomi/watermark/ic_wp_super_moon_black_cat.webp	odm/etc/camera/xiaomi/watermark/ic_wp_super_moon_black_cat.webp
odm/etc/camera/xiaomi/watermark/ic_wp_super_moon_branch_bird.webp	selected-present	piano:odm/etc/camera/xiaomi/watermark/ic_wp_super_moon_branch_bird.webp	odm/etc/camera/xiaomi/watermark/ic_wp_super_moon_branch_bird.webp
odm/etc/camera/xiaomi/watermark/ic_wp_super_moon_cable_car.webp	selected-present	piano:odm/etc/camera/xiaomi/watermark/ic_wp_super_moon_cable_car.webp	odm/etc/camera/xiaomi/watermark/ic_wp_super_moon_cable_car.webp
odm/etc/camera/xiaomi/watermark/ic_wp_super_moon_climb.webp	selected-present	piano:odm/etc/camera/xiaomi/watermark/ic_wp_super_moon_climb.webp	odm/etc/camera/xiaomi/watermark/ic_wp_super_moon_climb.webp
odm/etc/camera/xiaomi/watermark/ic_wp_super_moon_flying_bird.webp	selected-present	piano:odm/etc/camera/xiaomi/watermark/ic_wp_super_moon_flying_bird.webp	odm/etc/camera/xiaomi/watermark/ic_wp_super_moon_flying_bird.webp
odm/etc/camera/xiaomi/watermark/ic_wp_super_moon_leaf.webp	selected-present	piano:odm/etc/camera/xiaomi/watermark/ic_wp_super_moon_leaf.webp	odm/etc/camera/xiaomi/watermark/ic_wp_super_moon_leaf.webp
odm/etc/camera/xiaomi/watermark/ic_wp_super_moon_text_1.webp	selected-present	piano:odm/etc/camera/xiaomi/watermark/ic_wp_super_moon_text_1.webp	odm/etc/camera/xiaomi/watermark/ic_wp_super_moon_text_1.webp
odm/etc/camera/xiaomi/watermark/ic_wp_super_moon_text_2.webp	selected-present	piano:odm/etc/camera/xiaomi/watermark/ic_wp_super_moon_text_2.webp	odm/etc/camera/xiaomi/watermark/ic_wp_super_moon_text_2.webp
odm/etc/camera/xiaomi/watermark/ic_wp_super_moon_text_3.webp	selected-present	piano:odm/etc/camera/xiaomi/watermark/ic_wp_super_moon_text_3.webp	odm/etc/camera/xiaomi/watermark/ic_wp_super_moon_text_3.webp
odm/etc/camera/xiaomi/watermark/ic_wp_super_moon_text_4.webp	selected-present	piano:odm/etc/camera/xiaomi/watermark/ic_wp_super_moon_text_4.webp	odm/etc/camera/xiaomi/watermark/ic_wp_super_moon_text_4.webp
odm/etc/camera/xiaomi/watermark/ic_wp_super_moon_text_5.webp	selected-present	piano:odm/etc/camera/xiaomi/watermark/ic_wp_super_moon_text_5.webp	odm/etc/camera/xiaomi/watermark/ic_wp_super_moon_text_5.webp
odm/etc/camera/xiaomi/watermark/ic_wp_super_moon_text_7.webp	selected-present	piano:odm/etc/camera/xiaomi/watermark/ic_wp_super_moon_text_7.webp	odm/etc/camera/xiaomi/watermark/ic_wp_super_moon_text_7.webp
odm/etc/camera/xiaomi/watermark/ic_wp_super_moon_text_8.webp	selected-present	piano:odm/etc/camera/xiaomi/watermark/ic_wp_super_moon_text_8.webp	odm/etc/camera/xiaomi/watermark/ic_wp_super_moon_text_8.webp
odm/etc/camera/xiaomi/watermark/ic_wp_super_moon_window.webp	selected-present	piano:odm/etc/camera/xiaomi/watermark/ic_wp_super_moon_window.webp	odm/etc/camera/xiaomi/watermark/ic_wp_super_moon_window.webp
odm/etc/camera/xiaomi/watermark/ic_wp_suzhou.webp	selected-present	piano:odm/etc/camera/xiaomi/watermark/ic_wp_suzhou.webp	odm/etc/camera/xiaomi/watermark/ic_wp_suzhou.webp
odm/etc/camera/xiaomi/watermark/ic_wp_suzhou_gardens.webp	selected-present	piano:odm/etc/camera/xiaomi/watermark/ic_wp_suzhou_gardens.webp	odm/etc/camera/xiaomi/watermark/ic_wp_suzhou_gardens.webp
odm/etc/camera/xiaomi/watermark/ic_wp_taj_mahal.webp	selected-present	piano:odm/etc/camera/xiaomi/watermark/ic_wp_taj_mahal.webp	odm/etc/camera/xiaomi/watermark/ic_wp_taj_mahal.webp
odm/etc/camera/xiaomi/watermark/ic_wp_temple_of_heaven.webp	selected-present	piano:odm/etc/camera/xiaomi/watermark/ic_wp_temple_of_heaven.webp	odm/etc/camera/xiaomi/watermark/ic_wp_temple_of_heaven.webp
odm/etc/camera/xiaomi/watermark/ic_wp_the_palace_museum.webp	selected-present	piano:odm/etc/camera/xiaomi/watermark/ic_wp_the_palace_museum.webp	odm/etc/camera/xiaomi/watermark/ic_wp_the_palace_museum.webp
odm/etc/camera/xiaomi/watermark/ic_wp_the_potala_palace.webp	selected-present	piano:odm/etc/camera/xiaomi/watermark/ic_wp_the_potala_palace.webp	odm/etc/camera/xiaomi/watermark/ic_wp_the_potala_palace.webp
odm/etc/camera/xiaomi/watermark/ic_wp_the_summer_palace.webp	selected-present	piano:odm/etc/camera/xiaomi/watermark/ic_wp_the_summer_palace.webp	odm/etc/camera/xiaomi/watermark/ic_wp_the_summer_palace.webp
odm/etc/camera/xiaomi/watermark/ic_wp_the_terracotta_army.webp	selected-present	piano:odm/etc/camera/xiaomi/watermark/ic_wp_the_terracotta_army.webp	odm/etc/camera/xiaomi/watermark/ic_wp_the_terracotta_army.webp
odm/etc/camera/xiaomi/watermark/ic_wp_tianjin.webp	selected-present	piano:odm/etc/camera/xiaomi/watermark/ic_wp_tianjin.webp	odm/etc/camera/xiaomi/watermark/ic_wp_tianjin.webp
odm/etc/camera/xiaomi/watermark/ic_wp_tutuk.webp	selected-present	piano:odm/etc/camera/xiaomi/watermark/ic_wp_tutuk.webp	odm/etc/camera/xiaomi/watermark/ic_wp_tutuk.webp
odm/etc/camera/xiaomi/watermark/ic_wp_underwater.webp	selected-present	piano:odm/etc/camera/xiaomi/watermark/ic_wp_underwater.webp	odm/etc/camera/xiaomi/watermark/ic_wp_underwater.webp
odm/etc/camera/xiaomi/watermark/ic_wp_victoria_harbor.webp	selected-present	piano:odm/etc/camera/xiaomi/watermark/ic_wp_victoria_harbor.webp	odm/etc/camera/xiaomi/watermark/ic_wp_victoria_harbor.webp
odm/etc/camera/xiaomi/watermark/ic_wp_west_lake.webp	selected-present	piano:odm/etc/camera/xiaomi/watermark/ic_wp_west_lake.webp	odm/etc/camera/xiaomi/watermark/ic_wp_west_lake.webp
odm/etc/camera/xiaomi/watermark/ic_wp_wuhan.webp	selected-present	piano:odm/etc/camera/xiaomi/watermark/ic_wp_wuhan.webp	odm/etc/camera/xiaomi/watermark/ic_wp_wuhan.webp
odm/etc/camera/xiaomi/watermark/ic_wp_zhang_jia_jie.webp	selected-present	piano:odm/etc/camera/xiaomi/watermark/ic_wp_zhang_jia_jie.webp	odm/etc/camera/xiaomi/watermark/ic_wp_zhang_jia_jie.webp
odm/etc/camera/xiaomi/watermark/noise_logo.png	selected-present	piano:odm/etc/camera/xiaomi/watermark/noise_logo.png	odm/etc/camera/xiaomi/watermark/noise_logo.png
odm/etc/camera/xiaomiSceneDetection.xml	selected-present	piano:odm/etc/camera/xiaomiSceneDetection.xml	odm/etc/camera/xiaomiSceneDetection.xml
odm/etc/camera/xiaomismartaeconfig.json	selected-present	piano:odm/etc/camera/xiaomismartaeconfig.json	odm/etc/camera/xiaomismartaeconfig.json
odm/etc/camera/xmi_slmt_4x_1080p.dlc	selected-present	piano:odm/etc/camera/xmi_slmt_4x_1080p.dlc	odm/etc/camera/xmi_slmt_4x_1080p.dlc
odm/etc/camera/xmi_slmt_4x_720p.dlc	selected-present	piano:odm/etc/camera/xmi_slmt_4x_720p.dlc	odm/etc/camera/xmi_slmt_4x_720p.dlc
odm/etc/charger/BAA_config_common.json	unselected-review		
odm/etc/charger/BAA_config_piano.json	unselected-review		
odm/etc/cit_param_config.json	selected-present	sm8750-common:odm/etc/cit_param_config.json	odm/etc/cit_param_config.json
odm/etc/coverVibrationTest.wav	unselected-review		
odm/etc/default_cloud.json	unselected-review		
odm/etc/device_info_qr_config.yml	unselected-review		
odm/etc/df_default.xml	selected-present	piano:odm/etc/df_default.xml	odm/etc/df_default.xml
odm/etc/disp0/mdss_dsi_p81_35_02_0b_dualdsi_dsc_vid/cct_pcc.txt	selected-present	piano:odm/etc/disp0/mdss_dsi_p81_35_02_0b_dualdsi_dsc_vid/cct_pcc.txt	odm/etc/disp0/mdss_dsi_p81_35_02_0b_dualdsi_dsc_vid/cct_pcc.txt
odm/etc/disp0/mdss_dsi_p81_35_02_0b_dualdsi_dsc_vid/clstc/ClstcLut0.txt	selected-present	piano:odm/etc/disp0/mdss_dsi_p81_35_02_0b_dualdsi_dsc_vid/clstc/ClstcLut0.txt	odm/etc/disp0/mdss_dsi_p81_35_02_0b_dualdsi_dsc_vid/clstc/ClstcLut0.txt
odm/etc/disp0/mdss_dsi_p81_35_02_0b_dualdsi_dsc_vid/clstc/ClstcLut1.txt	selected-present	piano:odm/etc/disp0/mdss_dsi_p81_35_02_0b_dualdsi_dsc_vid/clstc/ClstcLut1.txt	odm/etc/disp0/mdss_dsi_p81_35_02_0b_dualdsi_dsc_vid/clstc/ClstcLut1.txt
odm/etc/disp0/mdss_dsi_p81_35_02_0b_dualdsi_dsc_vid/clstc/ClstcLut10.txt	selected-present	piano:odm/etc/disp0/mdss_dsi_p81_35_02_0b_dualdsi_dsc_vid/clstc/ClstcLut10.txt	odm/etc/disp0/mdss_dsi_p81_35_02_0b_dualdsi_dsc_vid/clstc/ClstcLut10.txt
odm/etc/disp0/mdss_dsi_p81_35_02_0b_dualdsi_dsc_vid/clstc/ClstcLut11.txt	selected-present	piano:odm/etc/disp0/mdss_dsi_p81_35_02_0b_dualdsi_dsc_vid/clstc/ClstcLut11.txt	odm/etc/disp0/mdss_dsi_p81_35_02_0b_dualdsi_dsc_vid/clstc/ClstcLut11.txt
odm/etc/disp0/mdss_dsi_p81_35_02_0b_dualdsi_dsc_vid/clstc/ClstcLut2.txt	selected-present	piano:odm/etc/disp0/mdss_dsi_p81_35_02_0b_dualdsi_dsc_vid/clstc/ClstcLut2.txt	odm/etc/disp0/mdss_dsi_p81_35_02_0b_dualdsi_dsc_vid/clstc/ClstcLut2.txt
odm/etc/disp0/mdss_dsi_p81_35_02_0b_dualdsi_dsc_vid/clstc/ClstcLut3.txt	selected-present	piano:odm/etc/disp0/mdss_dsi_p81_35_02_0b_dualdsi_dsc_vid/clstc/ClstcLut3.txt	odm/etc/disp0/mdss_dsi_p81_35_02_0b_dualdsi_dsc_vid/clstc/ClstcLut3.txt
odm/etc/disp0/mdss_dsi_p81_35_02_0b_dualdsi_dsc_vid/clstc/ClstcLut4.txt	selected-present	piano:odm/etc/disp0/mdss_dsi_p81_35_02_0b_dualdsi_dsc_vid/clstc/ClstcLut4.txt	odm/etc/disp0/mdss_dsi_p81_35_02_0b_dualdsi_dsc_vid/clstc/ClstcLut4.txt
odm/etc/disp0/mdss_dsi_p81_35_02_0b_dualdsi_dsc_vid/clstc/ClstcLut5.txt	selected-present	piano:odm/etc/disp0/mdss_dsi_p81_35_02_0b_dualdsi_dsc_vid/clstc/ClstcLut5.txt	odm/etc/disp0/mdss_dsi_p81_35_02_0b_dualdsi_dsc_vid/clstc/ClstcLut5.txt
odm/etc/disp0/mdss_dsi_p81_35_02_0b_dualdsi_dsc_vid/clstc/ClstcLut6.txt	selected-present	piano:odm/etc/disp0/mdss_dsi_p81_35_02_0b_dualdsi_dsc_vid/clstc/ClstcLut6.txt	odm/etc/disp0/mdss_dsi_p81_35_02_0b_dualdsi_dsc_vid/clstc/ClstcLut6.txt
odm/etc/disp0/mdss_dsi_p81_35_02_0b_dualdsi_dsc_vid/clstc/ClstcLut7.txt	selected-present	piano:odm/etc/disp0/mdss_dsi_p81_35_02_0b_dualdsi_dsc_vid/clstc/ClstcLut7.txt	odm/etc/disp0/mdss_dsi_p81_35_02_0b_dualdsi_dsc_vid/clstc/ClstcLut7.txt
odm/etc/disp0/mdss_dsi_p81_35_02_0b_dualdsi_dsc_vid/clstc/ClstcLut8.txt	selected-present	piano:odm/etc/disp0/mdss_dsi_p81_35_02_0b_dualdsi_dsc_vid/clstc/ClstcLut8.txt	odm/etc/disp0/mdss_dsi_p81_35_02_0b_dualdsi_dsc_vid/clstc/ClstcLut8.txt
odm/etc/disp0/mdss_dsi_p81_35_02_0b_dualdsi_dsc_vid/clstc/ClstcLut9.txt	selected-present	piano:odm/etc/disp0/mdss_dsi_p81_35_02_0b_dualdsi_dsc_vid/clstc/ClstcLut9.txt	odm/etc/disp0/mdss_dsi_p81_35_02_0b_dualdsi_dsc_vid/clstc/ClstcLut9.txt
odm/etc/disp0/mdss_dsi_p81_35_02_0b_dualdsi_dsc_vid/clstc/ClstcLutInfo.txt	selected-present	piano:odm/etc/disp0/mdss_dsi_p81_35_02_0b_dualdsi_dsc_vid/clstc/ClstcLutInfo.txt	odm/etc/disp0/mdss_dsi_p81_35_02_0b_dualdsi_dsc_vid/clstc/ClstcLutInfo.txt
odm/etc/disp0/mdss_dsi_p81_35_02_0b_dualdsi_dsc_vid/clstc/PicHDRLchIn.txt	selected-present	piano:odm/etc/disp0/mdss_dsi_p81_35_02_0b_dualdsi_dsc_vid/clstc/PicHDRLchIn.txt	odm/etc/disp0/mdss_dsi_p81_35_02_0b_dualdsi_dsc_vid/clstc/PicHDRLchIn.txt
odm/etc/disp0/mdss_dsi_p81_35_02_0b_dualdsi_dsc_vid/clstc/clstc_gc_0.txt	selected-present	piano:odm/etc/disp0/mdss_dsi_p81_35_02_0b_dualdsi_dsc_vid/clstc/clstc_gc_0.txt	odm/etc/disp0/mdss_dsi_p81_35_02_0b_dualdsi_dsc_vid/clstc/clstc_gc_0.txt
odm/etc/disp0/mdss_dsi_p81_35_02_0b_dualdsi_dsc_vid/clstc/clstc_igc_0.txt	selected-present	piano:odm/etc/disp0/mdss_dsi_p81_35_02_0b_dualdsi_dsc_vid/clstc/clstc_igc_0.txt	odm/etc/disp0/mdss_dsi_p81_35_02_0b_dualdsi_dsc_vid/clstc/clstc_igc_0.txt
odm/etc/disp0/mdss_dsi_p81_35_02_0b_dualdsi_dsc_vid/miLutInfo.txt	selected-present	piano:odm/etc/disp0/mdss_dsi_p81_35_02_0b_dualdsi_dsc_vid/miLutInfo.txt	odm/etc/disp0/mdss_dsi_p81_35_02_0b_dualdsi_dsc_vid/miLutInfo.txt
odm/etc/disp0/mdss_dsi_p81_35_02_0b_dualdsi_dsc_vid/miLut_0.txt	selected-present	piano:odm/etc/disp0/mdss_dsi_p81_35_02_0b_dualdsi_dsc_vid/miLut_0.txt	odm/etc/disp0/mdss_dsi_p81_35_02_0b_dualdsi_dsc_vid/miLut_0.txt
odm/etc/disp0/mdss_dsi_p81_35_02_0b_dualdsi_dsc_vid/miLut_1.txt	selected-present	piano:odm/etc/disp0/mdss_dsi_p81_35_02_0b_dualdsi_dsc_vid/miLut_1.txt	odm/etc/disp0/mdss_dsi_p81_35_02_0b_dualdsi_dsc_vid/miLut_1.txt
odm/etc/disp0/mdss_dsi_p81_35_02_0b_dualdsi_dsc_vid/miLut_10.txt	selected-present	piano:odm/etc/disp0/mdss_dsi_p81_35_02_0b_dualdsi_dsc_vid/miLut_10.txt	odm/etc/disp0/mdss_dsi_p81_35_02_0b_dualdsi_dsc_vid/miLut_10.txt
odm/etc/disp0/mdss_dsi_p81_35_02_0b_dualdsi_dsc_vid/miLut_11.txt	selected-present	piano:odm/etc/disp0/mdss_dsi_p81_35_02_0b_dualdsi_dsc_vid/miLut_11.txt	odm/etc/disp0/mdss_dsi_p81_35_02_0b_dualdsi_dsc_vid/miLut_11.txt
odm/etc/disp0/mdss_dsi_p81_35_02_0b_dualdsi_dsc_vid/miLut_12.txt	selected-present	piano:odm/etc/disp0/mdss_dsi_p81_35_02_0b_dualdsi_dsc_vid/miLut_12.txt	odm/etc/disp0/mdss_dsi_p81_35_02_0b_dualdsi_dsc_vid/miLut_12.txt
odm/etc/disp0/mdss_dsi_p81_35_02_0b_dualdsi_dsc_vid/miLut_13.txt	selected-present	piano:odm/etc/disp0/mdss_dsi_p81_35_02_0b_dualdsi_dsc_vid/miLut_13.txt	odm/etc/disp0/mdss_dsi_p81_35_02_0b_dualdsi_dsc_vid/miLut_13.txt
odm/etc/disp0/mdss_dsi_p81_35_02_0b_dualdsi_dsc_vid/miLut_14.txt	selected-present	piano:odm/etc/disp0/mdss_dsi_p81_35_02_0b_dualdsi_dsc_vid/miLut_14.txt	odm/etc/disp0/mdss_dsi_p81_35_02_0b_dualdsi_dsc_vid/miLut_14.txt
odm/etc/disp0/mdss_dsi_p81_35_02_0b_dualdsi_dsc_vid/miLut_15.txt	selected-present	piano:odm/etc/disp0/mdss_dsi_p81_35_02_0b_dualdsi_dsc_vid/miLut_15.txt	odm/etc/disp0/mdss_dsi_p81_35_02_0b_dualdsi_dsc_vid/miLut_15.txt
odm/etc/disp0/mdss_dsi_p81_35_02_0b_dualdsi_dsc_vid/miLut_16.txt	selected-present	piano:odm/etc/disp0/mdss_dsi_p81_35_02_0b_dualdsi_dsc_vid/miLut_16.txt	odm/etc/disp0/mdss_dsi_p81_35_02_0b_dualdsi_dsc_vid/miLut_16.txt
odm/etc/disp0/mdss_dsi_p81_35_02_0b_dualdsi_dsc_vid/miLut_17.txt	selected-present	piano:odm/etc/disp0/mdss_dsi_p81_35_02_0b_dualdsi_dsc_vid/miLut_17.txt	odm/etc/disp0/mdss_dsi_p81_35_02_0b_dualdsi_dsc_vid/miLut_17.txt
odm/etc/disp0/mdss_dsi_p81_35_02_0b_dualdsi_dsc_vid/miLut_18.txt	selected-present	piano:odm/etc/disp0/mdss_dsi_p81_35_02_0b_dualdsi_dsc_vid/miLut_18.txt	odm/etc/disp0/mdss_dsi_p81_35_02_0b_dualdsi_dsc_vid/miLut_18.txt
odm/etc/disp0/mdss_dsi_p81_35_02_0b_dualdsi_dsc_vid/miLut_19.txt	selected-present	piano:odm/etc/disp0/mdss_dsi_p81_35_02_0b_dualdsi_dsc_vid/miLut_19.txt	odm/etc/disp0/mdss_dsi_p81_35_02_0b_dualdsi_dsc_vid/miLut_19.txt
odm/etc/disp0/mdss_dsi_p81_35_02_0b_dualdsi_dsc_vid/miLut_2.txt	selected-present	piano:odm/etc/disp0/mdss_dsi_p81_35_02_0b_dualdsi_dsc_vid/miLut_2.txt	odm/etc/disp0/mdss_dsi_p81_35_02_0b_dualdsi_dsc_vid/miLut_2.txt
odm/etc/disp0/mdss_dsi_p81_35_02_0b_dualdsi_dsc_vid/miLut_20.txt	selected-present	piano:odm/etc/disp0/mdss_dsi_p81_35_02_0b_dualdsi_dsc_vid/miLut_20.txt	odm/etc/disp0/mdss_dsi_p81_35_02_0b_dualdsi_dsc_vid/miLut_20.txt
odm/etc/disp0/mdss_dsi_p81_35_02_0b_dualdsi_dsc_vid/miLut_21.txt	selected-present	piano:odm/etc/disp0/mdss_dsi_p81_35_02_0b_dualdsi_dsc_vid/miLut_21.txt	odm/etc/disp0/mdss_dsi_p81_35_02_0b_dualdsi_dsc_vid/miLut_21.txt
odm/etc/disp0/mdss_dsi_p81_35_02_0b_dualdsi_dsc_vid/miLut_22.txt	selected-present	piano:odm/etc/disp0/mdss_dsi_p81_35_02_0b_dualdsi_dsc_vid/miLut_22.txt	odm/etc/disp0/mdss_dsi_p81_35_02_0b_dualdsi_dsc_vid/miLut_22.txt
odm/etc/disp0/mdss_dsi_p81_35_02_0b_dualdsi_dsc_vid/miLut_23.txt	selected-present	piano:odm/etc/disp0/mdss_dsi_p81_35_02_0b_dualdsi_dsc_vid/miLut_23.txt	odm/etc/disp0/mdss_dsi_p81_35_02_0b_dualdsi_dsc_vid/miLut_23.txt
odm/etc/disp0/mdss_dsi_p81_35_02_0b_dualdsi_dsc_vid/miLut_24.txt	selected-present	piano:odm/etc/disp0/mdss_dsi_p81_35_02_0b_dualdsi_dsc_vid/miLut_24.txt	odm/etc/disp0/mdss_dsi_p81_35_02_0b_dualdsi_dsc_vid/miLut_24.txt
odm/etc/disp0/mdss_dsi_p81_35_02_0b_dualdsi_dsc_vid/miLut_25.txt	selected-present	piano:odm/etc/disp0/mdss_dsi_p81_35_02_0b_dualdsi_dsc_vid/miLut_25.txt	odm/etc/disp0/mdss_dsi_p81_35_02_0b_dualdsi_dsc_vid/miLut_25.txt
odm/etc/disp0/mdss_dsi_p81_35_02_0b_dualdsi_dsc_vid/miLut_26.txt	selected-present	piano:odm/etc/disp0/mdss_dsi_p81_35_02_0b_dualdsi_dsc_vid/miLut_26.txt	odm/etc/disp0/mdss_dsi_p81_35_02_0b_dualdsi_dsc_vid/miLut_26.txt
odm/etc/disp0/mdss_dsi_p81_35_02_0b_dualdsi_dsc_vid/miLut_27.txt	selected-present	piano:odm/etc/disp0/mdss_dsi_p81_35_02_0b_dualdsi_dsc_vid/miLut_27.txt	odm/etc/disp0/mdss_dsi_p81_35_02_0b_dualdsi_dsc_vid/miLut_27.txt
odm/etc/disp0/mdss_dsi_p81_35_02_0b_dualdsi_dsc_vid/miLut_28.txt	selected-present	piano:odm/etc/disp0/mdss_dsi_p81_35_02_0b_dualdsi_dsc_vid/miLut_28.txt	odm/etc/disp0/mdss_dsi_p81_35_02_0b_dualdsi_dsc_vid/miLut_28.txt
odm/etc/disp0/mdss_dsi_p81_35_02_0b_dualdsi_dsc_vid/miLut_29.txt	selected-present	piano:odm/etc/disp0/mdss_dsi_p81_35_02_0b_dualdsi_dsc_vid/miLut_29.txt	odm/etc/disp0/mdss_dsi_p81_35_02_0b_dualdsi_dsc_vid/miLut_29.txt
odm/etc/disp0/mdss_dsi_p81_35_02_0b_dualdsi_dsc_vid/miLut_3.txt	selected-present	piano:odm/etc/disp0/mdss_dsi_p81_35_02_0b_dualdsi_dsc_vid/miLut_3.txt	odm/etc/disp0/mdss_dsi_p81_35_02_0b_dualdsi_dsc_vid/miLut_3.txt
odm/etc/disp0/mdss_dsi_p81_35_02_0b_dualdsi_dsc_vid/miLut_30.txt	selected-present	piano:odm/etc/disp0/mdss_dsi_p81_35_02_0b_dualdsi_dsc_vid/miLut_30.txt	odm/etc/disp0/mdss_dsi_p81_35_02_0b_dualdsi_dsc_vid/miLut_30.txt
odm/etc/disp0/mdss_dsi_p81_35_02_0b_dualdsi_dsc_vid/miLut_31.txt	selected-present	piano:odm/etc/disp0/mdss_dsi_p81_35_02_0b_dualdsi_dsc_vid/miLut_31.txt	odm/etc/disp0/mdss_dsi_p81_35_02_0b_dualdsi_dsc_vid/miLut_31.txt
odm/etc/disp0/mdss_dsi_p81_35_02_0b_dualdsi_dsc_vid/miLut_32.txt	selected-present	piano:odm/etc/disp0/mdss_dsi_p81_35_02_0b_dualdsi_dsc_vid/miLut_32.txt	odm/etc/disp0/mdss_dsi_p81_35_02_0b_dualdsi_dsc_vid/miLut_32.txt
odm/etc/disp0/mdss_dsi_p81_35_02_0b_dualdsi_dsc_vid/miLut_33.txt	selected-present	piano:odm/etc/disp0/mdss_dsi_p81_35_02_0b_dualdsi_dsc_vid/miLut_33.txt	odm/etc/disp0/mdss_dsi_p81_35_02_0b_dualdsi_dsc_vid/miLut_33.txt
odm/etc/disp0/mdss_dsi_p81_35_02_0b_dualdsi_dsc_vid/miLut_34.txt	selected-present	piano:odm/etc/disp0/mdss_dsi_p81_35_02_0b_dualdsi_dsc_vid/miLut_34.txt	odm/etc/disp0/mdss_dsi_p81_35_02_0b_dualdsi_dsc_vid/miLut_34.txt
odm/etc/disp0/mdss_dsi_p81_35_02_0b_dualdsi_dsc_vid/miLut_35.txt	selected-present	piano:odm/etc/disp0/mdss_dsi_p81_35_02_0b_dualdsi_dsc_vid/miLut_35.txt	odm/etc/disp0/mdss_dsi_p81_35_02_0b_dualdsi_dsc_vid/miLut_35.txt
odm/etc/disp0/mdss_dsi_p81_35_02_0b_dualdsi_dsc_vid/miLut_36.txt	selected-present	piano:odm/etc/disp0/mdss_dsi_p81_35_02_0b_dualdsi_dsc_vid/miLut_36.txt	odm/etc/disp0/mdss_dsi_p81_35_02_0b_dualdsi_dsc_vid/miLut_36.txt
odm/etc/disp0/mdss_dsi_p81_35_02_0b_dualdsi_dsc_vid/miLut_4.txt	selected-present	piano:odm/etc/disp0/mdss_dsi_p81_35_02_0b_dualdsi_dsc_vid/miLut_4.txt	odm/etc/disp0/mdss_dsi_p81_35_02_0b_dualdsi_dsc_vid/miLut_4.txt
odm/etc/disp0/mdss_dsi_p81_35_02_0b_dualdsi_dsc_vid/miLut_5.txt	selected-present	piano:odm/etc/disp0/mdss_dsi_p81_35_02_0b_dualdsi_dsc_vid/miLut_5.txt	odm/etc/disp0/mdss_dsi_p81_35_02_0b_dualdsi_dsc_vid/miLut_5.txt
odm/etc/disp0/mdss_dsi_p81_35_02_0b_dualdsi_dsc_vid/miLut_6.txt	selected-present	piano:odm/etc/disp0/mdss_dsi_p81_35_02_0b_dualdsi_dsc_vid/miLut_6.txt	odm/etc/disp0/mdss_dsi_p81_35_02_0b_dualdsi_dsc_vid/miLut_6.txt
odm/etc/disp0/mdss_dsi_p81_35_02_0b_dualdsi_dsc_vid/miLut_7.txt	selected-present	piano:odm/etc/disp0/mdss_dsi_p81_35_02_0b_dualdsi_dsc_vid/miLut_7.txt	odm/etc/disp0/mdss_dsi_p81_35_02_0b_dualdsi_dsc_vid/miLut_7.txt
odm/etc/disp0/mdss_dsi_p81_35_02_0b_dualdsi_dsc_vid/miLut_8.txt	selected-present	piano:odm/etc/disp0/mdss_dsi_p81_35_02_0b_dualdsi_dsc_vid/miLut_8.txt	odm/etc/disp0/mdss_dsi_p81_35_02_0b_dualdsi_dsc_vid/miLut_8.txt
odm/etc/disp0/mdss_dsi_p81_35_02_0b_dualdsi_dsc_vid/miLut_9.txt	selected-present	piano:odm/etc/disp0/mdss_dsi_p81_35_02_0b_dualdsi_dsc_vid/miLut_9.txt	odm/etc/disp0/mdss_dsi_p81_35_02_0b_dualdsi_dsc_vid/miLut_9.txt
odm/etc/disp0/mdss_dsi_p81_35_02_0b_dualdsi_dsc_vid/mi_gc_0.txt	selected-present	piano:odm/etc/disp0/mdss_dsi_p81_35_02_0b_dualdsi_dsc_vid/mi_gc_0.txt	odm/etc/disp0/mdss_dsi_p81_35_02_0b_dualdsi_dsc_vid/mi_gc_0.txt
odm/etc/disp0/mdss_dsi_p81_35_02_0b_dualdsi_dsc_vid/mi_gc_1.txt	selected-present	piano:odm/etc/disp0/mdss_dsi_p81_35_02_0b_dualdsi_dsc_vid/mi_gc_1.txt	odm/etc/disp0/mdss_dsi_p81_35_02_0b_dualdsi_dsc_vid/mi_gc_1.txt
odm/etc/disp0/mdss_dsi_p81_35_02_0b_dualdsi_dsc_vid/mi_gc_2.txt	selected-present	piano:odm/etc/disp0/mdss_dsi_p81_35_02_0b_dualdsi_dsc_vid/mi_gc_2.txt	odm/etc/disp0/mdss_dsi_p81_35_02_0b_dualdsi_dsc_vid/mi_gc_2.txt
odm/etc/disp0/mdss_dsi_p81_35_02_0b_dualdsi_dsc_vid/mi_gc_3.txt	selected-present	piano:odm/etc/disp0/mdss_dsi_p81_35_02_0b_dualdsi_dsc_vid/mi_gc_3.txt	odm/etc/disp0/mdss_dsi_p81_35_02_0b_dualdsi_dsc_vid/mi_gc_3.txt
odm/etc/disp0/mdss_dsi_p81_42_02_0a_dualdsi_dsc_vid/cct_pcc.txt	selected-present	piano:odm/etc/disp0/mdss_dsi_p81_42_02_0a_dualdsi_dsc_vid/cct_pcc.txt	odm/etc/disp0/mdss_dsi_p81_42_02_0a_dualdsi_dsc_vid/cct_pcc.txt
odm/etc/disp0/mdss_dsi_p81_42_02_0a_dualdsi_dsc_vid/clstc/ClstcLut0.txt	selected-present	piano:odm/etc/disp0/mdss_dsi_p81_42_02_0a_dualdsi_dsc_vid/clstc/ClstcLut0.txt	odm/etc/disp0/mdss_dsi_p81_42_02_0a_dualdsi_dsc_vid/clstc/ClstcLut0.txt
odm/etc/disp0/mdss_dsi_p81_42_02_0a_dualdsi_dsc_vid/clstc/ClstcLut1.txt	selected-present	piano:odm/etc/disp0/mdss_dsi_p81_42_02_0a_dualdsi_dsc_vid/clstc/ClstcLut1.txt	odm/etc/disp0/mdss_dsi_p81_42_02_0a_dualdsi_dsc_vid/clstc/ClstcLut1.txt
odm/etc/disp0/mdss_dsi_p81_42_02_0a_dualdsi_dsc_vid/clstc/ClstcLut10.txt	selected-present	piano:odm/etc/disp0/mdss_dsi_p81_42_02_0a_dualdsi_dsc_vid/clstc/ClstcLut10.txt	odm/etc/disp0/mdss_dsi_p81_42_02_0a_dualdsi_dsc_vid/clstc/ClstcLut10.txt
odm/etc/disp0/mdss_dsi_p81_42_02_0a_dualdsi_dsc_vid/clstc/ClstcLut11.txt	selected-present	piano:odm/etc/disp0/mdss_dsi_p81_42_02_0a_dualdsi_dsc_vid/clstc/ClstcLut11.txt	odm/etc/disp0/mdss_dsi_p81_42_02_0a_dualdsi_dsc_vid/clstc/ClstcLut11.txt
odm/etc/disp0/mdss_dsi_p81_42_02_0a_dualdsi_dsc_vid/clstc/ClstcLut2.txt	selected-present	piano:odm/etc/disp0/mdss_dsi_p81_42_02_0a_dualdsi_dsc_vid/clstc/ClstcLut2.txt	odm/etc/disp0/mdss_dsi_p81_42_02_0a_dualdsi_dsc_vid/clstc/ClstcLut2.txt
odm/etc/disp0/mdss_dsi_p81_42_02_0a_dualdsi_dsc_vid/clstc/ClstcLut3.txt	selected-present	piano:odm/etc/disp0/mdss_dsi_p81_42_02_0a_dualdsi_dsc_vid/clstc/ClstcLut3.txt	odm/etc/disp0/mdss_dsi_p81_42_02_0a_dualdsi_dsc_vid/clstc/ClstcLut3.txt
odm/etc/disp0/mdss_dsi_p81_42_02_0a_dualdsi_dsc_vid/clstc/ClstcLut4.txt	selected-present	piano:odm/etc/disp0/mdss_dsi_p81_42_02_0a_dualdsi_dsc_vid/clstc/ClstcLut4.txt	odm/etc/disp0/mdss_dsi_p81_42_02_0a_dualdsi_dsc_vid/clstc/ClstcLut4.txt
odm/etc/disp0/mdss_dsi_p81_42_02_0a_dualdsi_dsc_vid/clstc/ClstcLut5.txt	selected-present	piano:odm/etc/disp0/mdss_dsi_p81_42_02_0a_dualdsi_dsc_vid/clstc/ClstcLut5.txt	odm/etc/disp0/mdss_dsi_p81_42_02_0a_dualdsi_dsc_vid/clstc/ClstcLut5.txt
odm/etc/disp0/mdss_dsi_p81_42_02_0a_dualdsi_dsc_vid/clstc/ClstcLut6.txt	selected-present	piano:odm/etc/disp0/mdss_dsi_p81_42_02_0a_dualdsi_dsc_vid/clstc/ClstcLut6.txt	odm/etc/disp0/mdss_dsi_p81_42_02_0a_dualdsi_dsc_vid/clstc/ClstcLut6.txt
odm/etc/disp0/mdss_dsi_p81_42_02_0a_dualdsi_dsc_vid/clstc/ClstcLut7.txt	selected-present	piano:odm/etc/disp0/mdss_dsi_p81_42_02_0a_dualdsi_dsc_vid/clstc/ClstcLut7.txt	odm/etc/disp0/mdss_dsi_p81_42_02_0a_dualdsi_dsc_vid/clstc/ClstcLut7.txt
odm/etc/disp0/mdss_dsi_p81_42_02_0a_dualdsi_dsc_vid/clstc/ClstcLut8.txt	selected-present	piano:odm/etc/disp0/mdss_dsi_p81_42_02_0a_dualdsi_dsc_vid/clstc/ClstcLut8.txt	odm/etc/disp0/mdss_dsi_p81_42_02_0a_dualdsi_dsc_vid/clstc/ClstcLut8.txt
odm/etc/disp0/mdss_dsi_p81_42_02_0a_dualdsi_dsc_vid/clstc/ClstcLut9.txt	selected-present	piano:odm/etc/disp0/mdss_dsi_p81_42_02_0a_dualdsi_dsc_vid/clstc/ClstcLut9.txt	odm/etc/disp0/mdss_dsi_p81_42_02_0a_dualdsi_dsc_vid/clstc/ClstcLut9.txt
odm/etc/disp0/mdss_dsi_p81_42_02_0a_dualdsi_dsc_vid/clstc/ClstcLutInfo.txt	selected-present	piano:odm/etc/disp0/mdss_dsi_p81_42_02_0a_dualdsi_dsc_vid/clstc/ClstcLutInfo.txt	odm/etc/disp0/mdss_dsi_p81_42_02_0a_dualdsi_dsc_vid/clstc/ClstcLutInfo.txt
odm/etc/disp0/mdss_dsi_p81_42_02_0a_dualdsi_dsc_vid/clstc/PicHDRLchIn.txt	selected-present	piano:odm/etc/disp0/mdss_dsi_p81_42_02_0a_dualdsi_dsc_vid/clstc/PicHDRLchIn.txt	odm/etc/disp0/mdss_dsi_p81_42_02_0a_dualdsi_dsc_vid/clstc/PicHDRLchIn.txt
odm/etc/disp0/mdss_dsi_p81_42_02_0a_dualdsi_dsc_vid/clstc/clstc_gc_0.txt	selected-present	piano:odm/etc/disp0/mdss_dsi_p81_42_02_0a_dualdsi_dsc_vid/clstc/clstc_gc_0.txt	odm/etc/disp0/mdss_dsi_p81_42_02_0a_dualdsi_dsc_vid/clstc/clstc_gc_0.txt
odm/etc/disp0/mdss_dsi_p81_42_02_0a_dualdsi_dsc_vid/clstc/clstc_igc_0.txt	selected-present	piano:odm/etc/disp0/mdss_dsi_p81_42_02_0a_dualdsi_dsc_vid/clstc/clstc_igc_0.txt	odm/etc/disp0/mdss_dsi_p81_42_02_0a_dualdsi_dsc_vid/clstc/clstc_igc_0.txt
odm/etc/disp0/mdss_dsi_p81_42_02_0a_dualdsi_dsc_vid/miLutInfo.txt	selected-present	piano:odm/etc/disp0/mdss_dsi_p81_42_02_0a_dualdsi_dsc_vid/miLutInfo.txt	odm/etc/disp0/mdss_dsi_p81_42_02_0a_dualdsi_dsc_vid/miLutInfo.txt
odm/etc/disp0/mdss_dsi_p81_42_02_0a_dualdsi_dsc_vid/miLut_0.txt	selected-present	piano:odm/etc/disp0/mdss_dsi_p81_42_02_0a_dualdsi_dsc_vid/miLut_0.txt	odm/etc/disp0/mdss_dsi_p81_42_02_0a_dualdsi_dsc_vid/miLut_0.txt
odm/etc/disp0/mdss_dsi_p81_42_02_0a_dualdsi_dsc_vid/miLut_1.txt	selected-present	piano:odm/etc/disp0/mdss_dsi_p81_42_02_0a_dualdsi_dsc_vid/miLut_1.txt	odm/etc/disp0/mdss_dsi_p81_42_02_0a_dualdsi_dsc_vid/miLut_1.txt
odm/etc/disp0/mdss_dsi_p81_42_02_0a_dualdsi_dsc_vid/miLut_10.txt	selected-present	piano:odm/etc/disp0/mdss_dsi_p81_42_02_0a_dualdsi_dsc_vid/miLut_10.txt	odm/etc/disp0/mdss_dsi_p81_42_02_0a_dualdsi_dsc_vid/miLut_10.txt
odm/etc/disp0/mdss_dsi_p81_42_02_0a_dualdsi_dsc_vid/miLut_11.txt	selected-present	piano:odm/etc/disp0/mdss_dsi_p81_42_02_0a_dualdsi_dsc_vid/miLut_11.txt	odm/etc/disp0/mdss_dsi_p81_42_02_0a_dualdsi_dsc_vid/miLut_11.txt
odm/etc/disp0/mdss_dsi_p81_42_02_0a_dualdsi_dsc_vid/miLut_12.txt	selected-present	piano:odm/etc/disp0/mdss_dsi_p81_42_02_0a_dualdsi_dsc_vid/miLut_12.txt	odm/etc/disp0/mdss_dsi_p81_42_02_0a_dualdsi_dsc_vid/miLut_12.txt
odm/etc/disp0/mdss_dsi_p81_42_02_0a_dualdsi_dsc_vid/miLut_13.txt	selected-present	piano:odm/etc/disp0/mdss_dsi_p81_42_02_0a_dualdsi_dsc_vid/miLut_13.txt	odm/etc/disp0/mdss_dsi_p81_42_02_0a_dualdsi_dsc_vid/miLut_13.txt
odm/etc/disp0/mdss_dsi_p81_42_02_0a_dualdsi_dsc_vid/miLut_14.txt	selected-present	piano:odm/etc/disp0/mdss_dsi_p81_42_02_0a_dualdsi_dsc_vid/miLut_14.txt	odm/etc/disp0/mdss_dsi_p81_42_02_0a_dualdsi_dsc_vid/miLut_14.txt
odm/etc/disp0/mdss_dsi_p81_42_02_0a_dualdsi_dsc_vid/miLut_15.txt	selected-present	piano:odm/etc/disp0/mdss_dsi_p81_42_02_0a_dualdsi_dsc_vid/miLut_15.txt	odm/etc/disp0/mdss_dsi_p81_42_02_0a_dualdsi_dsc_vid/miLut_15.txt
odm/etc/disp0/mdss_dsi_p81_42_02_0a_dualdsi_dsc_vid/miLut_16.txt	selected-present	piano:odm/etc/disp0/mdss_dsi_p81_42_02_0a_dualdsi_dsc_vid/miLut_16.txt	odm/etc/disp0/mdss_dsi_p81_42_02_0a_dualdsi_dsc_vid/miLut_16.txt
odm/etc/disp0/mdss_dsi_p81_42_02_0a_dualdsi_dsc_vid/miLut_17.txt	selected-present	piano:odm/etc/disp0/mdss_dsi_p81_42_02_0a_dualdsi_dsc_vid/miLut_17.txt	odm/etc/disp0/mdss_dsi_p81_42_02_0a_dualdsi_dsc_vid/miLut_17.txt
odm/etc/disp0/mdss_dsi_p81_42_02_0a_dualdsi_dsc_vid/miLut_18.txt	selected-present	piano:odm/etc/disp0/mdss_dsi_p81_42_02_0a_dualdsi_dsc_vid/miLut_18.txt	odm/etc/disp0/mdss_dsi_p81_42_02_0a_dualdsi_dsc_vid/miLut_18.txt
odm/etc/disp0/mdss_dsi_p81_42_02_0a_dualdsi_dsc_vid/miLut_19.txt	selected-present	piano:odm/etc/disp0/mdss_dsi_p81_42_02_0a_dualdsi_dsc_vid/miLut_19.txt	odm/etc/disp0/mdss_dsi_p81_42_02_0a_dualdsi_dsc_vid/miLut_19.txt
odm/etc/disp0/mdss_dsi_p81_42_02_0a_dualdsi_dsc_vid/miLut_2.txt	selected-present	piano:odm/etc/disp0/mdss_dsi_p81_42_02_0a_dualdsi_dsc_vid/miLut_2.txt	odm/etc/disp0/mdss_dsi_p81_42_02_0a_dualdsi_dsc_vid/miLut_2.txt
odm/etc/disp0/mdss_dsi_p81_42_02_0a_dualdsi_dsc_vid/miLut_20.txt	selected-present	piano:odm/etc/disp0/mdss_dsi_p81_42_02_0a_dualdsi_dsc_vid/miLut_20.txt	odm/etc/disp0/mdss_dsi_p81_42_02_0a_dualdsi_dsc_vid/miLut_20.txt
odm/etc/disp0/mdss_dsi_p81_42_02_0a_dualdsi_dsc_vid/miLut_21.txt	selected-present	piano:odm/etc/disp0/mdss_dsi_p81_42_02_0a_dualdsi_dsc_vid/miLut_21.txt	odm/etc/disp0/mdss_dsi_p81_42_02_0a_dualdsi_dsc_vid/miLut_21.txt
odm/etc/disp0/mdss_dsi_p81_42_02_0a_dualdsi_dsc_vid/miLut_22.txt	selected-present	piano:odm/etc/disp0/mdss_dsi_p81_42_02_0a_dualdsi_dsc_vid/miLut_22.txt	odm/etc/disp0/mdss_dsi_p81_42_02_0a_dualdsi_dsc_vid/miLut_22.txt
odm/etc/disp0/mdss_dsi_p81_42_02_0a_dualdsi_dsc_vid/miLut_23.txt	selected-present	piano:odm/etc/disp0/mdss_dsi_p81_42_02_0a_dualdsi_dsc_vid/miLut_23.txt	odm/etc/disp0/mdss_dsi_p81_42_02_0a_dualdsi_dsc_vid/miLut_23.txt
odm/etc/disp0/mdss_dsi_p81_42_02_0a_dualdsi_dsc_vid/miLut_24.txt	selected-present	piano:odm/etc/disp0/mdss_dsi_p81_42_02_0a_dualdsi_dsc_vid/miLut_24.txt	odm/etc/disp0/mdss_dsi_p81_42_02_0a_dualdsi_dsc_vid/miLut_24.txt
odm/etc/disp0/mdss_dsi_p81_42_02_0a_dualdsi_dsc_vid/miLut_25.txt	selected-present	piano:odm/etc/disp0/mdss_dsi_p81_42_02_0a_dualdsi_dsc_vid/miLut_25.txt	odm/etc/disp0/mdss_dsi_p81_42_02_0a_dualdsi_dsc_vid/miLut_25.txt
odm/etc/disp0/mdss_dsi_p81_42_02_0a_dualdsi_dsc_vid/miLut_26.txt	selected-present	piano:odm/etc/disp0/mdss_dsi_p81_42_02_0a_dualdsi_dsc_vid/miLut_26.txt	odm/etc/disp0/mdss_dsi_p81_42_02_0a_dualdsi_dsc_vid/miLut_26.txt
odm/etc/disp0/mdss_dsi_p81_42_02_0a_dualdsi_dsc_vid/miLut_27.txt	selected-present	piano:odm/etc/disp0/mdss_dsi_p81_42_02_0a_dualdsi_dsc_vid/miLut_27.txt	odm/etc/disp0/mdss_dsi_p81_42_02_0a_dualdsi_dsc_vid/miLut_27.txt
odm/etc/disp0/mdss_dsi_p81_42_02_0a_dualdsi_dsc_vid/miLut_28.txt	selected-present	piano:odm/etc/disp0/mdss_dsi_p81_42_02_0a_dualdsi_dsc_vid/miLut_28.txt	odm/etc/disp0/mdss_dsi_p81_42_02_0a_dualdsi_dsc_vid/miLut_28.txt
odm/etc/disp0/mdss_dsi_p81_42_02_0a_dualdsi_dsc_vid/miLut_29.txt	selected-present	piano:odm/etc/disp0/mdss_dsi_p81_42_02_0a_dualdsi_dsc_vid/miLut_29.txt	odm/etc/disp0/mdss_dsi_p81_42_02_0a_dualdsi_dsc_vid/miLut_29.txt
odm/etc/disp0/mdss_dsi_p81_42_02_0a_dualdsi_dsc_vid/miLut_3.txt	selected-present	piano:odm/etc/disp0/mdss_dsi_p81_42_02_0a_dualdsi_dsc_vid/miLut_3.txt	odm/etc/disp0/mdss_dsi_p81_42_02_0a_dualdsi_dsc_vid/miLut_3.txt
odm/etc/disp0/mdss_dsi_p81_42_02_0a_dualdsi_dsc_vid/miLut_30.txt	selected-present	piano:odm/etc/disp0/mdss_dsi_p81_42_02_0a_dualdsi_dsc_vid/miLut_30.txt	odm/etc/disp0/mdss_dsi_p81_42_02_0a_dualdsi_dsc_vid/miLut_30.txt
odm/etc/disp0/mdss_dsi_p81_42_02_0a_dualdsi_dsc_vid/miLut_31.txt	selected-present	piano:odm/etc/disp0/mdss_dsi_p81_42_02_0a_dualdsi_dsc_vid/miLut_31.txt	odm/etc/disp0/mdss_dsi_p81_42_02_0a_dualdsi_dsc_vid/miLut_31.txt
odm/etc/disp0/mdss_dsi_p81_42_02_0a_dualdsi_dsc_vid/miLut_32.txt	selected-present	piano:odm/etc/disp0/mdss_dsi_p81_42_02_0a_dualdsi_dsc_vid/miLut_32.txt	odm/etc/disp0/mdss_dsi_p81_42_02_0a_dualdsi_dsc_vid/miLut_32.txt
odm/etc/disp0/mdss_dsi_p81_42_02_0a_dualdsi_dsc_vid/miLut_33.txt	selected-present	piano:odm/etc/disp0/mdss_dsi_p81_42_02_0a_dualdsi_dsc_vid/miLut_33.txt	odm/etc/disp0/mdss_dsi_p81_42_02_0a_dualdsi_dsc_vid/miLut_33.txt
odm/etc/disp0/mdss_dsi_p81_42_02_0a_dualdsi_dsc_vid/miLut_34.txt	selected-present	piano:odm/etc/disp0/mdss_dsi_p81_42_02_0a_dualdsi_dsc_vid/miLut_34.txt	odm/etc/disp0/mdss_dsi_p81_42_02_0a_dualdsi_dsc_vid/miLut_34.txt
odm/etc/disp0/mdss_dsi_p81_42_02_0a_dualdsi_dsc_vid/miLut_35.txt	selected-present	piano:odm/etc/disp0/mdss_dsi_p81_42_02_0a_dualdsi_dsc_vid/miLut_35.txt	odm/etc/disp0/mdss_dsi_p81_42_02_0a_dualdsi_dsc_vid/miLut_35.txt
odm/etc/disp0/mdss_dsi_p81_42_02_0a_dualdsi_dsc_vid/miLut_36.txt	selected-present	piano:odm/etc/disp0/mdss_dsi_p81_42_02_0a_dualdsi_dsc_vid/miLut_36.txt	odm/etc/disp0/mdss_dsi_p81_42_02_0a_dualdsi_dsc_vid/miLut_36.txt
odm/etc/disp0/mdss_dsi_p81_42_02_0a_dualdsi_dsc_vid/miLut_4.txt	selected-present	piano:odm/etc/disp0/mdss_dsi_p81_42_02_0a_dualdsi_dsc_vid/miLut_4.txt	odm/etc/disp0/mdss_dsi_p81_42_02_0a_dualdsi_dsc_vid/miLut_4.txt
odm/etc/disp0/mdss_dsi_p81_42_02_0a_dualdsi_dsc_vid/miLut_5.txt	selected-present	piano:odm/etc/disp0/mdss_dsi_p81_42_02_0a_dualdsi_dsc_vid/miLut_5.txt	odm/etc/disp0/mdss_dsi_p81_42_02_0a_dualdsi_dsc_vid/miLut_5.txt
odm/etc/disp0/mdss_dsi_p81_42_02_0a_dualdsi_dsc_vid/miLut_6.txt	selected-present	piano:odm/etc/disp0/mdss_dsi_p81_42_02_0a_dualdsi_dsc_vid/miLut_6.txt	odm/etc/disp0/mdss_dsi_p81_42_02_0a_dualdsi_dsc_vid/miLut_6.txt
odm/etc/disp0/mdss_dsi_p81_42_02_0a_dualdsi_dsc_vid/miLut_7.txt	selected-present	piano:odm/etc/disp0/mdss_dsi_p81_42_02_0a_dualdsi_dsc_vid/miLut_7.txt	odm/etc/disp0/mdss_dsi_p81_42_02_0a_dualdsi_dsc_vid/miLut_7.txt
odm/etc/disp0/mdss_dsi_p81_42_02_0a_dualdsi_dsc_vid/miLut_8.txt	selected-present	piano:odm/etc/disp0/mdss_dsi_p81_42_02_0a_dualdsi_dsc_vid/miLut_8.txt	odm/etc/disp0/mdss_dsi_p81_42_02_0a_dualdsi_dsc_vid/miLut_8.txt
odm/etc/disp0/mdss_dsi_p81_42_02_0a_dualdsi_dsc_vid/miLut_9.txt	selected-present	piano:odm/etc/disp0/mdss_dsi_p81_42_02_0a_dualdsi_dsc_vid/miLut_9.txt	odm/etc/disp0/mdss_dsi_p81_42_02_0a_dualdsi_dsc_vid/miLut_9.txt
odm/etc/disp0/mdss_dsi_p81_42_02_0a_dualdsi_dsc_vid/mi_gc_0.txt	selected-present	piano:odm/etc/disp0/mdss_dsi_p81_42_02_0a_dualdsi_dsc_vid/mi_gc_0.txt	odm/etc/disp0/mdss_dsi_p81_42_02_0a_dualdsi_dsc_vid/mi_gc_0.txt
odm/etc/disp0/mdss_dsi_p81_42_02_0a_dualdsi_dsc_vid/mi_gc_1.txt	selected-present	piano:odm/etc/disp0/mdss_dsi_p81_42_02_0a_dualdsi_dsc_vid/mi_gc_1.txt	odm/etc/disp0/mdss_dsi_p81_42_02_0a_dualdsi_dsc_vid/mi_gc_1.txt
odm/etc/disp0/mdss_dsi_p81_42_02_0a_dualdsi_dsc_vid/mi_gc_2.txt	selected-present	piano:odm/etc/disp0/mdss_dsi_p81_42_02_0a_dualdsi_dsc_vid/mi_gc_2.txt	odm/etc/disp0/mdss_dsi_p81_42_02_0a_dualdsi_dsc_vid/mi_gc_2.txt
odm/etc/disp0/mdss_dsi_p81_42_02_0a_dualdsi_dsc_vid/mi_gc_3.txt	selected-present	piano:odm/etc/disp0/mdss_dsi_p81_42_02_0a_dualdsi_dsc_vid/mi_gc_3.txt	odm/etc/disp0/mdss_dsi_p81_42_02_0a_dualdsi_dsc_vid/mi_gc_3.txt
odm/etc/display/qdcm_calib_data_xiaomi_p81_35_02_0b_vid_mode_dualdsi_dsc_panel.json	selected-present	piano:odm/etc/display/qdcm_calib_data_xiaomi_p81_35_02_0b_vid_mode_dualdsi_dsc_panel.json	odm/etc/display/qdcm_calib_data_xiaomi_p81_35_02_0b_vid_mode_dualdsi_dsc_panel.json
odm/etc/display/qdcm_calib_data_xiaomi_p81_42_02_0a_vid_mode_dualdsi_dsc_panel.json	selected-present	piano:odm/etc/display/qdcm_calib_data_xiaomi_p81_42_02_0a_vid_mode_dualdsi_dsc_panel.json	odm/etc/display/qdcm_calib_data_xiaomi_p81_42_02_0a_vid_mode_dualdsi_dsc_panel.json
odm/etc/dolby/dax-default-spatializer.xml	selected-present	sm8750-common:odm/etc/dolby/dax-default-spatializer.xml	odm/etc/dolby/dax-default-spatializer.xml
odm/etc/dolby/dax-default.xml	selected-present	sm8750-common:odm/etc/dolby/dax-default.xml	odm/etc/dolby/dax-default.xml
odm/etc/flick_profile.xml	unselected-review		
odm/etc/fs_config_dirs	unselected-review		odm/etc/fs_config_dirs
odm/etc/fs_config_files	unselected-review		odm/etc/fs_config_files
odm/etc/group	source-reference-review		odm/etc/group
odm/etc/init/android.hardware.weaver.rc	selected-present	piano:odm/etc/init/android.hardware.weaver.rc	odm/etc/init/android.hardware.weaver.rc
odm/etc/init/device_special.rc	unselected-review		
odm/etc/init/dvs-aidl-service.rc	selected-present	piano:odm/etc/init/dvs-aidl-service.rc	odm/etc/init/dvs-aidl-service.rc
odm/etc/init/init.cirrus.rc	selected-present	piano:odm/etc/init/init.cirrus.rc	odm/etc/init/init.cirrus.rc
odm/etc/init/init.foursemi.rc	selected-present	piano:odm/etc/init/init.foursemi.rc	odm/etc/init/init.foursemi.rc
odm/etc/init/init.mfp-daemon.aidl.rc	selected-present	sm8750-common:odm/etc/init/init.mfp-daemon.aidl.rc	odm/etc/init/init.mfp-daemon.aidl.rc
odm/etc/init/init.ntag.rc	selected-present	piano:odm/etc/init/init.ntag.rc	odm/etc/init/init.ntag.rc
odm/etc/init/init.tfa.rc	selected-present	piano:odm/etc/init/init.tfa.rc	odm/etc/init/init.tfa.rc
odm/etc/init/init.ti.rc	unselected-review		
odm/etc/init/init.xiaomi_hall.rc	selected-present	piano:odm/etc/init/init.xiaomi_hall.rc	odm/etc/init/init.xiaomi_hall.rc
odm/etc/init/micrtk.rc	unselected-review		
odm/etc/init/miface.rc	unselected-review		
odm/etc/init/miface_start_wait_mitee_boot_completed.rc	unselected-review		
odm/etc/init/misecmedia.rc	unselected-review		
odm/etc/init/misensor_camera.rc	selected-present	sm8750-common:odm/etc/init/misensor_camera.rc	odm/etc/init/misensor_camera.rc
odm/etc/init/miteelog.rc	unselected-review		
odm/etc/init/mrm.rc	unselected-review		
odm/etc/init/mseccam.rc	unselected-review		
odm/etc/init/tee-supplicant.rc	unselected-review		
odm/etc/init/vendor.qti.hardware.lights.service.rc	selected-present	piano:odm/etc/init/vendor.qti.hardware.lights.service.rc	odm/etc/init/vendor.qti.hardware.lights.service.rc
odm/etc/init/vendor.xiaomi.hardware.aidl.midevauth@1.0-service.rc	unselected-review		
odm/etc/init/vendor.xiaomi.hardware.aidl.mtdservice-service.rc	selected-present	sm8750-common:odm/etc/init/vendor.xiaomi.hardware.aidl.mtdservice-service.rc	odm/etc/init/vendor.xiaomi.hardware.aidl.mtdservice-service.rc
odm/etc/init/vendor.xiaomi.hardware.aidl.tidaservice-service.rc	selected-present	sm8750-common:odm/etc/init/vendor.xiaomi.hardware.aidl.tidaservice-service.rc	odm/etc/init/vendor.xiaomi.hardware.aidl.tidaservice-service.rc
odm/etc/init/vendor.xiaomi.hardware.dtool1.rc	selected-present	piano:odm/etc/init/vendor.xiaomi.hardware.dtool1.rc	odm/etc/init/vendor.xiaomi.hardware.dtool1.rc
odm/etc/init/vendor.xiaomi.hardware.idmanager.rc	selected-present	sm8750-common:odm/etc/init/vendor.xiaomi.hardware.idmanager.rc	odm/etc/init/vendor.xiaomi.hardware.idmanager.rc
odm/etc/init/vendor.xiaomi.hardware.keyboardnanoapp_aidl-service.rc	selected-present	piano:odm/etc/init/vendor.xiaomi.hardware.keyboardnanoapp_aidl-service.rc	odm/etc/init/vendor.xiaomi.hardware.keyboardnanoapp_aidl-service.rc
odm/etc/init/vendor.xiaomi.hardware.mediaeventgatherservice.rc	selected-present	sm8750-common:odm/etc/init/vendor.xiaomi.hardware.mediaeventgatherservice.rc	odm/etc/init/vendor.xiaomi.hardware.mediaeventgatherservice.rc
odm/etc/init/vendor.xiaomi.hardware.mfidoca-service.rc	selected-present	sm8750-common:odm/etc/init/vendor.xiaomi.hardware.mfidoca-service.rc	odm/etc/init/vendor.xiaomi.hardware.mfidoca-service.rc
odm/etc/init/vendor.xiaomi.hardware.mikeybag.rc	selected-present	piano:odm/etc/init/vendor.xiaomi.hardware.mikeybag.rc	odm/etc/init/vendor.xiaomi.hardware.mikeybag.rc
odm/etc/init/vendor.xiaomi.hardware.mitrustedui.rc	unselected-review		
odm/etc/init/vendor.xiaomi.hardware.mlipay-service.rc	selected-present	sm8750-common:odm/etc/init/vendor.xiaomi.hardware.mlipay-service.rc	odm/etc/init/vendor.xiaomi.hardware.mlipay-service.rc
odm/etc/init/vendor.xiaomi.hardware.otrpagent@2.0-service.rc	unselected-review		
odm/etc/init/vendor.xiaomi.hardware.seaaudio.rc	selected-present	sm8750-common:odm/etc/init/vendor.xiaomi.hardware.seaaudio.rc	odm/etc/init/vendor.xiaomi.hardware.seaaudio.rc
odm/etc/init/vendor.xiaomi.hardware.vsimapp-service.rc	unselected-review		
odm/etc/init/vendor.xiaomi.hw.touchfeature-service.rc	selected-present	sm8750-common:odm/etc/init/vendor.xiaomi.hw.touchfeature-service.rc	odm/etc/init/vendor.xiaomi.hw.touchfeature-service.rc
odm/etc/init/vendor.xiaomi.sensor.citsensorservice.aidl.rc	selected-present	sm8750-common:odm/etc/init/vendor.xiaomi.sensor.citsensorservice.aidl.rc	odm/etc/init/vendor.xiaomi.sensor.citsensorservice.aidl.rc
odm/etc/init.panel_info.sh	selected-present	piano:odm/etc/init.panel_info.sh	odm/etc/init.panel_info.sh
odm/etc/intent_policy/app/com.android.camera.xml.enc	unselected-review		
odm/etc/intent_policy/app/com.tencent.mm.xml.enc	unselected-review		
odm/etc/intent_policy/policy.xml.enc	unselected-review		
odm/etc/intent_policy/qcom/policy.xml.enc	unselected-review		
odm/etc/intent_policy/qcom/sm8750/app/com.android.camera.xml.enc	unselected-review		
odm/etc/intent_policy/qcom/sm8750/app/com.tencent.mm.xml.enc	unselected-review		
odm/etc/intent_policy/qcom/sm8750/policy.xml.enc	unselected-review		
odm/etc/izat_device.conf	selected-present	sm8750-common:odm/etc/izat_device.conf	odm/etc/izat_device.conf
odm/etc/mdss_dsi_p81_35_02_0b_dualdsi_dsc_vid_mi.xml	selected-present	piano:odm/etc/mdss_dsi_p81_35_02_0b_dualdsi_dsc_vid_mi.xml	odm/etc/mdss_dsi_p81_35_02_0b_dualdsi_dsc_vid_mi.xml
odm/etc/mdss_dsi_p81_42_02_0a_dualdsi_dsc_vid_mi.xml	selected-present	piano:odm/etc/mdss_dsi_p81_42_02_0a_dualdsi_dsc_vid_mi.xml	odm/etc/mdss_dsi_p81_42_02_0a_dualdsi_dsc_vid_mi.xml
odm/etc/merged_language_model.lat	unselected-review		
odm/etc/mimdconfig.json	unselected-review		
odm/etc/miperf_actvity_cfg.xml	unselected-review		
odm/etc/miperf_app_cfg.xml	unselected-review		
odm/etc/miperf_contable.xml	unselected-review		
odm/etc/miperflock_activity_cfg.xml	unselected-review		
odm/etc/passwd	unselected-review		odm/etc/passwd
odm/etc/perf/perfboostselection.xml	unselected-review		
odm/etc/permissions/android.hardware.consumerir.xml	source-reference-review		odm/etc/permissions/android.hardware.consumerir.xml
odm/etc/permissions/android.hardware.fingerprint.xml	source-reference-review		
odm/etc/permissions/android.hardware.location.gps.xml	unselected-review		
odm/etc/piano_ru_build.prop	unselected-review		
odm/etc/piano_tr_build.prop	unselected-review		
odm/etc/selinux/odm_file_contexts	unselected-review		odm/etc/selinux/odm_file_contexts
odm/etc/selinux/odm_hwservice_contexts	unselected-review		odm/etc/selinux/odm_hwservice_contexts
odm/etc/selinux/odm_mac_permissions.xml	unselected-review		odm/etc/selinux/odm_mac_permissions.xml
odm/etc/selinux/odm_property_contexts	unselected-review		odm/etc/selinux/odm_property_contexts
odm/etc/selinux/odm_seapp_contexts	unselected-review		odm/etc/selinux/odm_seapp_contexts
odm/etc/selinux/odm_sepolicy.cil	unselected-review		odm/etc/selinux/odm_sepolicy.cil
odm/etc/selinux/odm_service_contexts	unselected-review		odm/etc/selinux/odm_service_contexts
odm/etc/selinux/precompiled_sepolicy	unselected-review		odm/etc/selinux/precompiled_sepolicy
odm/etc/selinux/precompiled_sepolicy.plat_sepolicy_and_mapping.sha256	unselected-review		odm/etc/selinux/precompiled_sepolicy.plat_sepolicy_and_mapping.sha256
odm/etc/selinux/precompiled_sepolicy.product_sepolicy_and_mapping.sha256	unselected-review		odm/etc/selinux/precompiled_sepolicy.product_sepolicy_and_mapping.sha256
odm/etc/selinux/precompiled_sepolicy.system_ext_sepolicy_and_mapping.sha256	unselected-review		odm/etc/selinux/precompiled_sepolicy.system_ext_sepolicy_and_mapping.sha256
odm/etc/sensors/config/chre_dynamic_sensors.json	selected-present	piano:odm/etc/sensors/config/chre_dynamic_sensors.json	odm/etc/sensors/config/chre_dynamic_sensors.json
odm/etc/sensors/config/json.lst	selected-present	piano:odm/etc/sensors/config/json.lst	odm/etc/sensors/config/json.lst
odm/etc/sensors/config/lsm6dso_0.json	selected-present	piano:odm/etc/sensors/config/lsm6dso_0.json	odm/etc/sensors/config/lsm6dso_0.json
odm/etc/sensors/config/pakala_ccd_base.json	selected-present	piano:odm/etc/sensors/config/pakala_ccd_base.json	odm/etc/sensors/config/pakala_ccd_base.json
odm/etc/sensors/config/qmc6308_0.json	selected-present	piano:odm/etc/sensors/config/qmc6308_0.json	odm/etc/sensors/config/qmc6308_0.json
odm/etc/sensors/config/qsh_camera_aon_front_i_1.json	selected-present	piano:odm/etc/sensors/config/qsh_camera_aon_front_i_1.json	odm/etc/sensors/config/qsh_camera_aon_front_i_1.json
odm/etc/sensors/config/qsh_camera_common.json	selected-present	piano:odm/etc/sensors/config/qsh_camera_common.json	odm/etc/sensors/config/qsh_camera_common.json
odm/etc/sensors/config/qsh_camera_imx688_6.json	selected-present	piano:odm/etc/sensors/config/qsh_camera_imx688_6.json	odm/etc/sensors/config/qsh_camera_imx688_6.json
odm/etc/sensors/config/qsh_camera_imx688_6_actuator.json	selected-present	piano:odm/etc/sensors/config/qsh_camera_imx688_6_actuator.json	odm/etc/sensors/config/qsh_camera_imx688_6_actuator.json
odm/etc/sensors/config/qsh_camera_ov32c4c_4.json	selected-present	piano:odm/etc/sensors/config/qsh_camera_ov32c4c_4.json	odm/etc/sensors/config/qsh_camera_ov32c4c_4.json
odm/etc/sensors/config/sip1328.json	selected-present	piano:odm/etc/sensors/config/sip1328.json	odm/etc/sensors/config/sip1328.json
odm/etc/sensors/config/sm8750_default_sensors.json	selected-present	piano:odm/etc/sensors/config/sm8750_default_sensors.json	odm/etc/sensors/config/sm8750_default_sensors.json
odm/etc/sensors/config/sm8750_dynamic_sensors.json	selected-present	piano:odm/etc/sensors/config/sm8750_dynamic_sensors.json	odm/etc/sensors/config/sm8750_dynamic_sensors.json
odm/etc/sensors/config/sm8750_irq.json	selected-present	piano:odm/etc/sensors/config/sm8750_irq.json	odm/etc/sensors/config/sm8750_irq.json
odm/etc/sensors/config/sm8750_lsm6dso_0.json	selected-present	piano:odm/etc/sensors/config/sm8750_lsm6dso_0.json	odm/etc/sensors/config/sm8750_lsm6dso_0.json
odm/etc/sensors/config/sm8750_power_0.json	selected-present	piano:odm/etc/sensors/config/sm8750_power_0.json	odm/etc/sensors/config/sm8750_power_0.json
odm/etc/sensors/config/sm8750_qmc6308_0.json	selected-present	piano:odm/etc/sensors/config/sm8750_qmc6308_0.json	odm/etc/sensors/config/sm8750_qmc6308_0.json
odm/etc/sensors/config/sm8750_sip1328.json	selected-present	piano:odm/etc/sensors/config/sm8750_sip1328.json	odm/etc/sensors/config/sm8750_sip1328.json
odm/etc/sensors/config/sm8750_stk3bcx_0.json	selected-present	piano:odm/etc/sensors/config/sm8750_stk3bcx_0.json	odm/etc/sensors/config/sm8750_stk3bcx_0.json
odm/etc/sensors/config/sm8750_sx937x_0.json	selected-present	piano:odm/etc/sensors/config/sm8750_sx937x_0.json	odm/etc/sensors/config/sm8750_sx937x_0.json
odm/etc/sensors/config/sns_amd.json	selected-present	piano:odm/etc/sensors/config/sns_amd.json	odm/etc/sensors/config/sns_amd.json
odm/etc/sensors/config/sns_aont.json	selected-present	piano:odm/etc/sensors/config/sns_aont.json	odm/etc/sensors/config/sns_aont.json
odm/etc/sensors/config/sns_ccd_v1_0_amd.json	selected-present	piano:odm/etc/sensors/config/sns_ccd_v1_0_amd.json	odm/etc/sensors/config/sns_ccd_v1_0_amd.json
odm/etc/sensors/config/sns_ccd_v3_1_walk.json	selected-present	piano:odm/etc/sensors/config/sns_ccd_v3_1_walk.json	odm/etc/sensors/config/sns_ccd_v3_1_walk.json
odm/etc/sensors/config/sns_ccd_v4_0_sensors.json	selected-present	piano:odm/etc/sensors/config/sns_ccd_v4_0_sensors.json	odm/etc/sensors/config/sns_ccd_v4_0_sensors.json
odm/etc/sensors/config/sns_ccd_v5_0.json	selected-present	piano:odm/etc/sensors/config/sns_ccd_v5_0.json	odm/etc/sensors/config/sns_ccd_v5_0.json
odm/etc/sensors/config/sns_ccd_v5_1_te_cd_regs.json	selected-present	piano:odm/etc/sensors/config/sns_ccd_v5_1_te_cd_regs.json	odm/etc/sensors/config/sns_ccd_v5_1_te_cd_regs.json
odm/etc/sensors/config/sns_ccd_v6_0.json	selected-present	piano:odm/etc/sensors/config/sns_ccd_v6_0.json	odm/etc/sensors/config/sns_ccd_v6_0.json
odm/etc/sensors/config/sns_ccd_v6_0_sensors.json	selected-present	piano:odm/etc/sensors/config/sns_ccd_v6_0_sensors.json	odm/etc/sensors/config/sns_ccd_v6_0_sensors.json
odm/etc/sensors/config/sns_ccd_v6_0_te_cd_regs.json	selected-present	piano:odm/etc/sensors/config/sns_ccd_v6_0_te_cd_regs.json	odm/etc/sensors/config/sns_ccd_v6_0_te_cd_regs.json
odm/etc/sensors/config/sns_cm.json	selected-present	piano:odm/etc/sensors/config/sns_cm.json	odm/etc/sensors/config/sns_cm.json
odm/etc/sensors/config/sns_collision_detection.json	selected-present	piano:odm/etc/sensors/config/sns_collision_detection.json	odm/etc/sensors/config/sns_collision_detection.json
odm/etc/sensors/config/sns_dae.json	selected-present	piano:odm/etc/sensors/config/sns_dae.json	odm/etc/sensors/config/sns_dae.json
odm/etc/sensors/config/sns_device_orient.json	selected-present	piano:odm/etc/sensors/config/sns_device_orient.json	odm/etc/sensors/config/sns_device_orient.json
odm/etc/sensors/config/sns_diag_filter.json	selected-present	piano:odm/etc/sensors/config/sns_diag_filter.json	odm/etc/sensors/config/sns_diag_filter.json
odm/etc/sensors/config/sns_direct_channel.json	selected-present	piano:odm/etc/sensors/config/sns_direct_channel.json	odm/etc/sensors/config/sns_direct_channel.json
odm/etc/sensors/config/sns_distance_bound.json	selected-present	piano:odm/etc/sensors/config/sns_distance_bound.json	odm/etc/sensors/config/sns_distance_bound.json
odm/etc/sensors/config/sns_dpc.json	selected-present	piano:odm/etc/sensors/config/sns_dpc.json	odm/etc/sensors/config/sns_dpc.json
odm/etc/sensors/config/sns_facing.json	selected-present	piano:odm/etc/sensors/config/sns_facing.json	odm/etc/sensors/config/sns_facing.json
odm/etc/sensors/config/sns_flight_md.json	selected-present	piano:odm/etc/sensors/config/sns_flight_md.json	odm/etc/sensors/config/sns_flight_md.json
odm/etc/sensors/config/sns_fmv.json	selected-present	piano:odm/etc/sensors/config/sns_fmv.json	odm/etc/sensors/config/sns_fmv.json
odm/etc/sensors/config/sns_geomag_rv.json	selected-present	piano:odm/etc/sensors/config/sns_geomag_rv.json	odm/etc/sensors/config/sns_geomag_rv.json
odm/etc/sensors/config/sns_gyro_cal.json	selected-present	piano:odm/etc/sensors/config/sns_gyro_cal.json	odm/etc/sensors/config/sns_gyro_cal.json
odm/etc/sensors/config/sns_gyro_cal_dynamic.json	selected-present	piano:odm/etc/sensors/config/sns_gyro_cal_dynamic.json	odm/etc/sensors/config/sns_gyro_cal_dynamic.json
odm/etc/sensors/config/sns_healthy_use_of_mobile.json	selected-present	piano:odm/etc/sensors/config/sns_healthy_use_of_mobile.json	odm/etc/sensors/config/sns_healthy_use_of_mobile.json
odm/etc/sensors/config/sns_mag_cal.json	selected-present	piano:odm/etc/sensors/config/sns_mag_cal.json	odm/etc/sensors/config/sns_mag_cal.json
odm/etc/sensors/config/sns_oem_hall.json	selected-present	piano:odm/etc/sensors/config/sns_oem_hall.json	odm/etc/sensors/config/sns_oem_hall.json
odm/etc/sensors/config/sns_offbody_detect_phone.json	selected-present	piano:odm/etc/sensors/config/sns_offbody_detect_phone.json	odm/etc/sensors/config/sns_offbody_detect_phone.json
odm/etc/sensors/config/sns_pedometer.json	selected-present	piano:odm/etc/sensors/config/sns_pedometer.json	odm/etc/sensors/config/sns_pedometer.json
odm/etc/sensors/config/sns_rmd.json	selected-present	piano:odm/etc/sensors/config/sns_rmd.json	odm/etc/sensors/config/sns_rmd.json
odm/etc/sensors/config/sns_rotv.json	selected-present	piano:odm/etc/sensors/config/sns_rotv.json	odm/etc/sensors/config/sns_rotv.json
odm/etc/sensors/config/sns_sar_algo.json	selected-present	piano:odm/etc/sensors/config/sns_sar_algo.json	odm/etc/sensors/config/sns_sar_algo.json
odm/etc/sensors/config/sns_screen_down.json	selected-present	piano:odm/etc/sensors/config/sns_screen_down.json	odm/etc/sensors/config/sns_screen_down.json
odm/etc/sensors/config/sns_smd.json	selected-present	piano:odm/etc/sensors/config/sns_smd.json	odm/etc/sensors/config/sns_smd.json
odm/etc/sensors/config/sns_tilt.json	selected-present	piano:odm/etc/sensors/config/sns_tilt.json	odm/etc/sensors/config/sns_tilt.json
odm/etc/sensors/config/sns_tilt_to_wake.json	selected-present	piano:odm/etc/sensors/config/sns_tilt_to_wake.json	odm/etc/sensors/config/sns_tilt_to_wake.json
odm/etc/sensors/config/sns_transport_ppe.json	selected-present	piano:odm/etc/sensors/config/sns_transport_ppe.json	odm/etc/sensors/config/sns_transport_ppe.json
odm/etc/sensors/config/stk3bcx_0.json	selected-present	piano:odm/etc/sensors/config/stk3bcx_0.json	odm/etc/sensors/config/stk3bcx_0.json
odm/etc/sensors/config/sx937x_0.json	selected-present	piano:odm/etc/sensors/config/sx937x_0.json	odm/etc/sensors/config/sx937x_0.json
odm/etc/sensors/config/sx937x_reg_0.json	selected-present	piano:odm/etc/sensors/config/sx937x_reg_0.json	odm/etc/sensors/config/sx937x_reg_0.json
odm/etc/setting.xml	unselected-review		
odm/etc/surfaceflinger/dolby_vision.cfg	selected-present	sm8750-common:odm/etc/surfaceflinger/dolby_vision.cfg	odm/etc/surfaceflinger/dolby_vision.cfg
odm/etc/thermal-4k.conf	selected-present	piano:odm/etc/thermal-4k.conf	odm/etc/thermal-4k.conf
odm/etc/thermal-boost.conf	selected-present	piano:odm/etc/thermal-boost.conf	odm/etc/thermal-boost.conf
odm/etc/thermal-camera.conf	selected-present	piano:odm/etc/thermal-camera.conf	odm/etc/thermal-camera.conf
odm/etc/thermal-cclassvideo.conf	selected-present	piano:odm/etc/thermal-cclassvideo.conf	odm/etc/thermal-cclassvideo.conf
odm/etc/thermal-cgame.conf	selected-present	piano:odm/etc/thermal-cgame.conf	odm/etc/thermal-cgame.conf
odm/etc/thermal-chg-only.conf	selected-present	piano:odm/etc/thermal-chg-only.conf	odm/etc/thermal-chg-only.conf
odm/etc/thermal-class0.conf	selected-present	piano:odm/etc/thermal-class0.conf	odm/etc/thermal-class0.conf
odm/etc/thermal-cvideo.conf	selected-present	piano:odm/etc/thermal-cvideo.conf	odm/etc/thermal-cvideo.conf
odm/etc/thermal-gl-4k.conf	selected-present	piano:odm/etc/thermal-gl-4k.conf	odm/etc/thermal-gl-4k.conf
odm/etc/thermal-gl-camera.conf	selected-present	piano:odm/etc/thermal-gl-camera.conf	odm/etc/thermal-gl-camera.conf
odm/etc/thermal-gl-cclassvideo.conf	selected-present	piano:odm/etc/thermal-gl-cclassvideo.conf	odm/etc/thermal-gl-cclassvideo.conf
odm/etc/thermal-gl-cgame.conf	selected-present	piano:odm/etc/thermal-gl-cgame.conf	odm/etc/thermal-gl-cgame.conf
odm/etc/thermal-gl-chg-only.conf	selected-present	piano:odm/etc/thermal-gl-chg-only.conf	odm/etc/thermal-gl-chg-only.conf
odm/etc/thermal-gl-class0.conf	selected-present	piano:odm/etc/thermal-gl-class0.conf	odm/etc/thermal-gl-class0.conf
odm/etc/thermal-gl-cvideo.conf	selected-present	piano:odm/etc/thermal-gl-cvideo.conf	odm/etc/thermal-gl-cvideo.conf
odm/etc/thermal-gl-huanji.conf	selected-present	piano:odm/etc/thermal-gl-huanji.conf	odm/etc/thermal-gl-huanji.conf
odm/etc/thermal-gl-jkchess.conf	selected-present	piano:odm/etc/thermal-gl-jkchess.conf	odm/etc/thermal-gl-jkchess.conf
odm/etc/thermal-gl-mgame.conf	selected-present	piano:odm/etc/thermal-gl-mgame.conf	odm/etc/thermal-gl-mgame.conf
odm/etc/thermal-gl-navigation.conf	selected-present	piano:odm/etc/thermal-gl-navigation.conf	odm/etc/thermal-gl-navigation.conf
odm/etc/thermal-gl-nolimits.conf	selected-present	piano:odm/etc/thermal-gl-nolimits.conf	odm/etc/thermal-gl-nolimits.conf
odm/etc/thermal-gl-normal.conf	selected-present	piano:odm/etc/thermal-gl-normal.conf	odm/etc/thermal-gl-normal.conf
odm/etc/thermal-gl-recharge.conf	selected-present	piano:odm/etc/thermal-gl-recharge.conf	odm/etc/thermal-gl-recharge.conf
odm/etc/thermal-gl-tgame.conf	selected-present	piano:odm/etc/thermal-gl-tgame.conf	odm/etc/thermal-gl-tgame.conf
odm/etc/thermal-gl-video.conf	selected-present	piano:odm/etc/thermal-gl-video.conf	odm/etc/thermal-gl-video.conf
odm/etc/thermal-gl-videochat.conf	selected-present	piano:odm/etc/thermal-gl-videochat.conf	odm/etc/thermal-gl-videochat.conf
odm/etc/thermal-gl-wclass0.conf	selected-present	piano:odm/etc/thermal-gl-wclass0.conf	odm/etc/thermal-gl-wclass0.conf
odm/etc/thermal-gl-wgame.conf	selected-present	piano:odm/etc/thermal-gl-wgame.conf	odm/etc/thermal-gl-wgame.conf
odm/etc/thermal-gl-winplay.conf	selected-present	piano:odm/etc/thermal-gl-winplay.conf	odm/etc/thermal-gl-winplay.conf
odm/etc/thermal-gl-wnormal.conf	selected-present	piano:odm/etc/thermal-gl-wnormal.conf	odm/etc/thermal-gl-wnormal.conf
odm/etc/thermal-gl-wvideo.conf	selected-present	piano:odm/etc/thermal-gl-wvideo.conf	odm/etc/thermal-gl-wvideo.conf
odm/etc/thermal-gl-yuanshen.conf	selected-present	piano:odm/etc/thermal-gl-yuanshen.conf	odm/etc/thermal-gl-yuanshen.conf
odm/etc/thermal-huanji.conf	selected-present	piano:odm/etc/thermal-huanji.conf	odm/etc/thermal-huanji.conf
odm/etc/thermal-jkchess.conf	selected-present	piano:odm/etc/thermal-jkchess.conf	odm/etc/thermal-jkchess.conf
odm/etc/thermal-map-global.conf	selected-present	piano:odm/etc/thermal-map-global.conf	odm/etc/thermal-map-global.conf
odm/etc/thermal-mgame.conf	selected-present	piano:odm/etc/thermal-mgame.conf	odm/etc/thermal-mgame.conf
odm/etc/thermal-navigation.conf	selected-present	piano:odm/etc/thermal-navigation.conf	odm/etc/thermal-navigation.conf
odm/etc/thermal-nolimits.conf	selected-present	piano:odm/etc/thermal-nolimits.conf	odm/etc/thermal-nolimits.conf
odm/etc/thermal-normal.conf	selected-present	piano:odm/etc/thermal-normal.conf	odm/etc/thermal-normal.conf
odm/etc/thermal-recharge.conf	selected-present	piano:odm/etc/thermal-recharge.conf	odm/etc/thermal-recharge.conf
odm/etc/thermal-region-map.conf	selected-present	piano:odm/etc/thermal-region-map.conf	odm/etc/thermal-region-map.conf
odm/etc/thermal-tgame.conf	selected-present	piano:odm/etc/thermal-tgame.conf	odm/etc/thermal-tgame.conf
odm/etc/thermal-video.conf	selected-present	piano:odm/etc/thermal-video.conf	odm/etc/thermal-video.conf
odm/etc/thermal-videochat.conf	selected-present	piano:odm/etc/thermal-videochat.conf	odm/etc/thermal-videochat.conf
odm/etc/thermal-wclass0.conf	selected-present	piano:odm/etc/thermal-wclass0.conf	odm/etc/thermal-wclass0.conf
odm/etc/thermal-wgame.conf	selected-present	piano:odm/etc/thermal-wgame.conf	odm/etc/thermal-wgame.conf
odm/etc/thermal-winplay.conf	selected-present	piano:odm/etc/thermal-winplay.conf	odm/etc/thermal-winplay.conf
odm/etc/thermal-wnormal.conf	selected-present	piano:odm/etc/thermal-wnormal.conf	odm/etc/thermal-wnormal.conf
odm/etc/thermal-wvideo.conf	selected-present	piano:odm/etc/thermal-wvideo.conf	odm/etc/thermal-wvideo.conf
odm/etc/thermal-yuanshen.conf	selected-present	piano:odm/etc/thermal-yuanshen.conf	odm/etc/thermal-yuanshen.conf
odm/etc/thermalbreakboostconfig.xml	selected-present	piano:odm/etc/thermalbreakboostconfig.xml	odm/etc/thermalbreakboostconfig.xml
odm/etc/touch/Pencil_Posture.xml	selected-present	piano:odm/etc/touch/Pencil_Posture.xml	odm/etc/touch/Pencil_Posture.xml
odm/etc/touch/dynamicrate.json	selected-present	piano:odm/etc/touch/dynamicrate.json	odm/etc/touch/dynamicrate.json
odm/etc/touch/gameturbotool-fastinput.json	selected-present	piano:odm/etc/touch/gameturbotool-fastinput.json	odm/etc/touch/gameturbotool-fastinput.json
odm/etc/touch/gameturbotool.json	selected-present	piano:odm/etc/touch/gameturbotool.json	odm/etc/touch/gameturbotool.json
odm/etc/touch/stylus_game_config.json	selected-present	piano:odm/etc/touch/stylus_game_config.json	odm/etc/touch/stylus_game_config.json
odm/etc/ueventd.rc	selected-present	sm8750-common:odm/etc/ueventd.rc	odm/etc/ueventd.rc
odm/etc/usecaseKvManager.xml	selected-present	sm8750-common:odm/etc/usecaseKvManager.xml	odm/etc/usecaseKvManager.xml
odm/etc/vintf/manifest/AHBF-V3-service.xml	selected-present	sm8750-common:odm/etc/vintf/manifest/AHBF-V3-service.xml	odm/etc/vintf/manifest/AHBF-V3-service.xml
odm/etc/vintf/manifest/android.hardware.biometrics.face-v4.xml	unselected-review		
odm/etc/vintf/manifest/android.hardware.weaver.xml	selected-present	piano:odm/etc/vintf/manifest/android.hardware.weaver.xml	odm/etc/vintf/manifest/android.hardware.weaver.xml
odm/etc/vintf/manifest/dvs-aidl-service.xml	selected-present	piano:odm/etc/vintf/manifest/dvs-aidl-service.xml	odm/etc/vintf/manifest/dvs-aidl-service.xml
odm/etc/vintf/manifest/fod-aidl.xml	selected-present	sm8750-common:odm/etc/vintf/manifest/fod-aidl.xml	odm/etc/vintf/manifest/fod-aidl.xml
odm/etc/vintf/manifest/manifest_vendor.xiaomi.hardware.aidl.midevauth.xml	unselected-review		
odm/etc/vintf/manifest/manifest_vendor.xiaomi.hardware.aidl.mtdservice.xml	selected-present	sm8750-common:odm/etc/vintf/manifest/manifest_vendor.xiaomi.hardware.aidl.mtdservice.xml	odm/etc/vintf/manifest/manifest_vendor.xiaomi.hardware.aidl.mtdservice.xml
odm/etc/vintf/manifest/manifest_vendor.xiaomi.hardware.aidl.tidaservice.xml	selected-present	sm8750-common:odm/etc/vintf/manifest/manifest_vendor.xiaomi.hardware.aidl.tidaservice.xml	odm/etc/vintf/manifest/manifest_vendor.xiaomi.hardware.aidl.tidaservice.xml
odm/etc/vintf/manifest/manifest_vendor.xiaomi.hardware.mfidoca.xml	selected-present	sm8750-common:odm/etc/vintf/manifest/manifest_vendor.xiaomi.hardware.mfidoca.xml	odm/etc/vintf/manifest/manifest_vendor.xiaomi.hardware.mfidoca.xml
odm/etc/vintf/manifest/manifest_vendor.xiaomi.hardware.mlipay.xml	selected-present	sm8750-common:odm/etc/vintf/manifest/manifest_vendor.xiaomi.hardware.mlipay.xml	odm/etc/vintf/manifest/manifest_vendor.xiaomi.hardware.mlipay.xml
odm/etc/vintf/manifest/manifest_vendor.xiaomi.hardware.otrpagent@2.0.xml	unselected-review		
odm/etc/vintf/manifest/manifest_vendor.xiaomi.hardware.vsimapp.xml	unselected-review		
odm/etc/vintf/manifest/micrtk.xml	unselected-review		
odm/etc/vintf/manifest/misecmedia.xml	unselected-review		
odm/etc/vintf/manifest/misensor_camera.xml	selected-present	sm8750-common:odm/etc/vintf/manifest/misensor_camera.xml	odm/etc/vintf/manifest/misensor_camera.xml
odm/etc/vintf/manifest/mrm.xml	unselected-review		
odm/etc/vintf/manifest/mseccam.xml	unselected-review		
odm/etc/vintf/manifest/vendor.qti.hardware.lights.service.xml	selected-present	piano:odm/etc/vintf/manifest/vendor.qti.hardware.lights.service.xml	odm/etc/vintf/manifest/vendor.qti.hardware.lights.service.xml
odm/etc/vintf/manifest/vendor.xiaomi.hardware.aek.xml	selected-present	piano:odm/etc/vintf/manifest/vendor.xiaomi.hardware.aek.xml	odm/etc/vintf/manifest/vendor.xiaomi.hardware.aek.xml
odm/etc/vintf/manifest/vendor.xiaomi.hardware.idmanager.xml	selected-present	sm8750-common:odm/etc/vintf/manifest/vendor.xiaomi.hardware.idmanager.xml	odm/etc/vintf/manifest/vendor.xiaomi.hardware.idmanager.xml
odm/etc/vintf/manifest/vendor.xiaomi.hardware.keyboardnanoapp_aidl-service.xml	selected-present	piano:odm/etc/vintf/manifest/vendor.xiaomi.hardware.keyboardnanoapp_aidl-service.xml	odm/etc/vintf/manifest/vendor.xiaomi.hardware.keyboardnanoapp_aidl-service.xml
odm/etc/vintf/manifest/vendor.xiaomi.hardware.mediaeventgatherservice.xml	selected-present	sm8750-common:odm/etc/vintf/manifest/vendor.xiaomi.hardware.mediaeventgatherservice.xml	odm/etc/vintf/manifest/vendor.xiaomi.hardware.mediaeventgatherservice.xml
odm/etc/vintf/manifest/vendor.xiaomi.hardware.mikeybag.xml	selected-present	piano:odm/etc/vintf/manifest/vendor.xiaomi.hardware.mikeybag.xml	odm/etc/vintf/manifest/vendor.xiaomi.hardware.mikeybag.xml
odm/etc/vintf/manifest/vendor.xiaomi.hardware.mitrustedui.xml	unselected-review		
odm/etc/vintf/manifest/vendor.xiaomi.hardware.seaaudio.xml	selected-present	sm8750-common:odm/etc/vintf/manifest/vendor.xiaomi.hardware.seaaudio.xml	odm/etc/vintf/manifest/vendor.xiaomi.hardware.seaaudio.xml
odm/etc/vintf/manifest/vendor.xiaomi.hw.touchfeature-service.xml	selected-present	piano:odm/etc/vintf/manifest/vendor.xiaomi.hw.touchfeature-service.xml	odm/etc/vintf/manifest/vendor.xiaomi.hw.touchfeature-service.xml
odm/etc/vintf/manifest/vendor.xiaomi.sensor.citsensorservice.aidl.xml	selected-present	sm8750-common:odm/etc/vintf/manifest/vendor.xiaomi.sensor.citsensorservice.aidl.xml	odm/etc/vintf/manifest/vendor.xiaomi.sensor.citsensorservice.aidl.xml
odm/firmware/CAMERA_ICP.b00	selected-present	piano:odm/firmware/CAMERA_ICP.b00	odm/firmware/CAMERA_ICP.b00
odm/firmware/CAMERA_ICP.b01	selected-present	piano:odm/firmware/CAMERA_ICP.b01	odm/firmware/CAMERA_ICP.b01
odm/firmware/CAMERA_ICP.b02	selected-present	piano:odm/firmware/CAMERA_ICP.b02	odm/firmware/CAMERA_ICP.b02
odm/firmware/CAMERA_ICP.b03	selected-present	piano:odm/firmware/CAMERA_ICP.b03	odm/firmware/CAMERA_ICP.b03
odm/firmware/CAMERA_ICP.b04	selected-present	piano:odm/firmware/CAMERA_ICP.b04	odm/firmware/CAMERA_ICP.b04
odm/firmware/CAMERA_ICP.b05	selected-present	piano:odm/firmware/CAMERA_ICP.b05	odm/firmware/CAMERA_ICP.b05
odm/firmware/CAMERA_ICP.b06	selected-present	piano:odm/firmware/CAMERA_ICP.b06	odm/firmware/CAMERA_ICP.b06
odm/firmware/CAMERA_ICP.b07	selected-present	piano:odm/firmware/CAMERA_ICP.b07	odm/firmware/CAMERA_ICP.b07
odm/firmware/CAMERA_ICP.b08	selected-present	piano:odm/firmware/CAMERA_ICP.b08	odm/firmware/CAMERA_ICP.b08
odm/firmware/CAMERA_ICP.b09	selected-present	piano:odm/firmware/CAMERA_ICP.b09	odm/firmware/CAMERA_ICP.b09
odm/firmware/CAMERA_ICP.b10	selected-present	piano:odm/firmware/CAMERA_ICP.b10	odm/firmware/CAMERA_ICP.b10
odm/firmware/CAMERA_ICP.b11	selected-present	piano:odm/firmware/CAMERA_ICP.b11	odm/firmware/CAMERA_ICP.b11
odm/firmware/CAMERA_ICP.b12	selected-present	piano:odm/firmware/CAMERA_ICP.b12	odm/firmware/CAMERA_ICP.b12
odm/firmware/CAMERA_ICP.b13	selected-present	piano:odm/firmware/CAMERA_ICP.b13	odm/firmware/CAMERA_ICP.b13
odm/firmware/CAMERA_ICP.b14	selected-present	piano:odm/firmware/CAMERA_ICP.b14	odm/firmware/CAMERA_ICP.b14
odm/firmware/CAMERA_ICP.b15	selected-present	piano:odm/firmware/CAMERA_ICP.b15	odm/firmware/CAMERA_ICP.b15
odm/firmware/CAMERA_ICP.b16	selected-present	piano:odm/firmware/CAMERA_ICP.b16	odm/firmware/CAMERA_ICP.b16
odm/firmware/CAMERA_ICP.b17	selected-present	piano:odm/firmware/CAMERA_ICP.b17	odm/firmware/CAMERA_ICP.b17
odm/firmware/CAMERA_ICP.b18	selected-present	piano:odm/firmware/CAMERA_ICP.b18	odm/firmware/CAMERA_ICP.b18
odm/firmware/CAMERA_ICP.b19	selected-present	piano:odm/firmware/CAMERA_ICP.b19	odm/firmware/CAMERA_ICP.b19
odm/firmware/CAMERA_ICP.b20	selected-present	piano:odm/firmware/CAMERA_ICP.b20	odm/firmware/CAMERA_ICP.b20
odm/firmware/CAMERA_ICP.mbn	selected-present	piano:odm/firmware/CAMERA_ICP.mbn	odm/firmware/CAMERA_ICP.mbn
odm/firmware/CAMERA_ICP.mdt	selected-present	piano:odm/firmware/CAMERA_ICP.mdt	odm/firmware/CAMERA_ICP.mdt
odm/firmware/CAMERA_ICP_1.b00	selected-present	piano:odm/firmware/CAMERA_ICP_1.b00	odm/firmware/CAMERA_ICP_1.b00
odm/firmware/CAMERA_ICP_1.b01	selected-present	piano:odm/firmware/CAMERA_ICP_1.b01	odm/firmware/CAMERA_ICP_1.b01
odm/firmware/CAMERA_ICP_1.b02	selected-present	piano:odm/firmware/CAMERA_ICP_1.b02	odm/firmware/CAMERA_ICP_1.b02
odm/firmware/CAMERA_ICP_1.b03	selected-present	piano:odm/firmware/CAMERA_ICP_1.b03	odm/firmware/CAMERA_ICP_1.b03
odm/firmware/CAMERA_ICP_1.b04	selected-present	piano:odm/firmware/CAMERA_ICP_1.b04	odm/firmware/CAMERA_ICP_1.b04
odm/firmware/CAMERA_ICP_1.b05	selected-present	piano:odm/firmware/CAMERA_ICP_1.b05	odm/firmware/CAMERA_ICP_1.b05
odm/firmware/CAMERA_ICP_1.b06	selected-present	piano:odm/firmware/CAMERA_ICP_1.b06	odm/firmware/CAMERA_ICP_1.b06
odm/firmware/CAMERA_ICP_1.b07	selected-present	piano:odm/firmware/CAMERA_ICP_1.b07	odm/firmware/CAMERA_ICP_1.b07
odm/firmware/CAMERA_ICP_1.b08	selected-present	piano:odm/firmware/CAMERA_ICP_1.b08	odm/firmware/CAMERA_ICP_1.b08
odm/firmware/CAMERA_ICP_1.b09	selected-present	piano:odm/firmware/CAMERA_ICP_1.b09	odm/firmware/CAMERA_ICP_1.b09
odm/firmware/CAMERA_ICP_1.b10	selected-present	piano:odm/firmware/CAMERA_ICP_1.b10	odm/firmware/CAMERA_ICP_1.b10
odm/firmware/CAMERA_ICP_1.b11	selected-present	piano:odm/firmware/CAMERA_ICP_1.b11	odm/firmware/CAMERA_ICP_1.b11
odm/firmware/CAMERA_ICP_1.b12	selected-present	piano:odm/firmware/CAMERA_ICP_1.b12	odm/firmware/CAMERA_ICP_1.b12
odm/firmware/CAMERA_ICP_1.b13	selected-present	piano:odm/firmware/CAMERA_ICP_1.b13	odm/firmware/CAMERA_ICP_1.b13
odm/firmware/CAMERA_ICP_1.b14	selected-present	piano:odm/firmware/CAMERA_ICP_1.b14	odm/firmware/CAMERA_ICP_1.b14
odm/firmware/CAMERA_ICP_1.b15	selected-present	piano:odm/firmware/CAMERA_ICP_1.b15	odm/firmware/CAMERA_ICP_1.b15
odm/firmware/CAMERA_ICP_1.b16	selected-present	piano:odm/firmware/CAMERA_ICP_1.b16	odm/firmware/CAMERA_ICP_1.b16
odm/firmware/CAMERA_ICP_1.b17	selected-present	piano:odm/firmware/CAMERA_ICP_1.b17	odm/firmware/CAMERA_ICP_1.b17
odm/firmware/CAMERA_ICP_1.b18	selected-present	piano:odm/firmware/CAMERA_ICP_1.b18	odm/firmware/CAMERA_ICP_1.b18
odm/firmware/CAMERA_ICP_1.b19	selected-present	piano:odm/firmware/CAMERA_ICP_1.b19	odm/firmware/CAMERA_ICP_1.b19
odm/firmware/CAMERA_ICP_1.b20	selected-present	piano:odm/firmware/CAMERA_ICP_1.b20	odm/firmware/CAMERA_ICP_1.b20
odm/firmware/CAMERA_ICP_1.mbn	selected-present	piano:odm/firmware/CAMERA_ICP_1.mbn	odm/firmware/CAMERA_ICP_1.mbn
odm/firmware/CAMERA_ICP_1.mdt	selected-present	piano:odm/firmware/CAMERA_ICP_1.mdt	odm/firmware/CAMERA_ICP_1.mdt
odm/firmware/MCU_Upgrade.bin	selected-present	piano:odm/firmware/MCU_Upgrade.bin	odm/firmware/MCU_Upgrade.bin
odm/firmware/MP_Setting_Criteria_59B0.csv	selected-present	piano:odm/firmware/MP_Setting_Criteria_59B0.csv	odm/firmware/MP_Setting_Criteria_59B0.csv
odm/firmware/MP_Setting_Criteria_59BB.csv	selected-present	piano:odm/firmware/MP_Setting_Criteria_59BB.csv	odm/firmware/MP_Setting_Criteria_59BB.csv
odm/firmware/evass.b00	selected-present	piano:odm/firmware/evass.b00	odm/firmware/evass.b00
odm/firmware/evass.b01	selected-present	piano:odm/firmware/evass.b01	odm/firmware/evass.b01
odm/firmware/evass.b02	selected-present	piano:odm/firmware/evass.b02	odm/firmware/evass.b02
odm/firmware/evass.b03	selected-present	piano:odm/firmware/evass.b03	odm/firmware/evass.b03
odm/firmware/evass.b04	selected-present	piano:odm/firmware/evass.b04	odm/firmware/evass.b04
odm/firmware/evass.b05	selected-present	piano:odm/firmware/evass.b05	odm/firmware/evass.b05
odm/firmware/evass.b06	selected-present	piano:odm/firmware/evass.b06	odm/firmware/evass.b06
odm/firmware/evass.b07	selected-present	piano:odm/firmware/evass.b07	odm/firmware/evass.b07
odm/firmware/evass.b08	selected-present	piano:odm/firmware/evass.b08	odm/firmware/evass.b08
odm/firmware/evass.b09	selected-present	piano:odm/firmware/evass.b09	odm/firmware/evass.b09
odm/firmware/evass.b10	selected-present	piano:odm/firmware/evass.b10	odm/firmware/evass.b10
odm/firmware/evass.b11	selected-present	piano:odm/firmware/evass.b11	odm/firmware/evass.b11
odm/firmware/evass.b12	selected-present	piano:odm/firmware/evass.b12	odm/firmware/evass.b12
odm/firmware/evass.b13	selected-present	piano:odm/firmware/evass.b13	odm/firmware/evass.b13
odm/firmware/evass.b14	selected-present	piano:odm/firmware/evass.b14	odm/firmware/evass.b14
odm/firmware/evass.b15	selected-present	piano:odm/firmware/evass.b15	odm/firmware/evass.b15
odm/firmware/evass.b16	selected-present	piano:odm/firmware/evass.b16	odm/firmware/evass.b16
odm/firmware/evass.b17	selected-present	piano:odm/firmware/evass.b17	odm/firmware/evass.b17
odm/firmware/evass.b18	selected-present	piano:odm/firmware/evass.b18	odm/firmware/evass.b18
odm/firmware/evass.b19	selected-present	piano:odm/firmware/evass.b19	odm/firmware/evass.b19
odm/firmware/evass.mbn	selected-present	piano:odm/firmware/evass.mbn	odm/firmware/evass.mbn
odm/firmware/evass.mdt	selected-present	piano:odm/firmware/evass.mdt	odm/firmware/evass.mdt
odm/firmware/film_model.tflite	selected-present	piano:odm/firmware/film_model.tflite	odm/firmware/film_model.tflite
odm/firmware/fs19xx.fsm	selected-present	piano:odm/firmware/fs19xx.fsm	odm/firmware/fs19xx.fsm
odm/firmware/gen80000_zap.mbn	selected-present	piano:odm/firmware/gen80000_zap.mbn	odm/firmware/gen80000_zap.mbn
odm/firmware/novatek_nt36532_piano_fw_boe.bin	selected-present	piano:odm/firmware/novatek_nt36532_piano_fw_boe.bin	odm/firmware/novatek_nt36532_piano_fw_boe.bin
odm/firmware/novatek_nt36532_piano_fw_csot.bin	selected-present	piano:odm/firmware/novatek_nt36532_piano_fw_csot.bin	odm/firmware/novatek_nt36532_piano_fw_csot.bin
odm/firmware/novatek_nt36532_piano_mp_boe.bin	selected-present	piano:odm/firmware/novatek_nt36532_piano_mp_boe.bin	odm/firmware/novatek_nt36532_piano_mp_boe.bin
odm/firmware/novatek_nt36532_piano_mp_csot.bin	selected-present	piano:odm/firmware/novatek_nt36532_piano_mp_csot.bin	odm/firmware/novatek_nt36532_piano_mp_csot.bin
odm/firmware/nvt_run_selftest_get_result_data_sample.bat	selected-present	piano:odm/firmware/nvt_run_selftest_get_result_data_sample.bat	odm/firmware/nvt_run_selftest_get_result_data_sample.bat
odm/firmware/palm_check.tflite	selected-present	piano:odm/firmware/palm_check.tflite	odm/firmware/palm_check.tflite
odm/firmware/piano_nova_boe_thp_config.ini	selected-present	piano:odm/firmware/piano_nova_boe_thp_config.ini	odm/firmware/piano_nova_boe_thp_config.ini
odm/firmware/piano_nova_csot_thp_config.ini	selected-present	piano:odm/firmware/piano_nova_csot_thp_config.ini	odm/firmware/piano_nova_csot_thp_config.ini
odm/firmware/vpu30_2v.mbn	selected-present	piano:odm/firmware/vpu30_2v.mbn	odm/firmware/vpu30_2v.mbn
odm/firmware/vpu30_2v_unsigned.mbn	selected-present	piano:odm/firmware/vpu30_2v_unsigned.mbn	odm/firmware/vpu30_2v_unsigned.mbn
odm/firmware/vpu33_4v.mbn	selected-present	piano:odm/firmware/vpu33_4v.mbn	odm/firmware/vpu33_4v.mbn
odm/firmware/vpu33_4v_unsigned.mbn	selected-present	piano:odm/firmware/vpu33_4v_unsigned.mbn	odm/firmware/vpu33_4v_unsigned.mbn
odm/firmware/vpu35_4v.mbn	selected-present	piano:odm/firmware/vpu35_4v.mbn	odm/firmware/vpu35_4v.mbn
odm/firmware/vpu35_4v_unsigned.mbn	selected-present	piano:odm/firmware/vpu35_4v_unsigned.mbn	odm/firmware/vpu35_4v_unsigned.mbn
odm/lib/rfsa/adsp/libmialgo_tracker_cdsp_skel.so	selected-present	piano:odm/lib/rfsa/adsp/libmialgo_tracker_cdsp_skel.so	odm/lib/rfsa/adsp/libmialgo_tracker_cdsp_skel.so
odm/lib64/camera/aon_front_i_1.pb	selected-present	piano:odm/lib64/camera/aon_front_i_1.pb	odm/lib64/camera/aon_front_i_1.pb
odm/lib64/camera/com.qti.actuator.piano_qtech_s5kjn1sq03_gt9764ba_wide_i_actuator.so	selected-present	piano:odm/lib64/camera/com.qti.actuator.piano_qtech_s5kjn1sq03_gt9764ba_wide_i_actuator.so	odm/lib64/camera/com.qti.actuator.piano_qtech_s5kjn1sq03_gt9764ba_wide_i_actuator.so
odm/lib64/camera/com.qti.eeprom.piano_ofilm_ov32d40_p24u64b_front_i_eeprom.so	selected-present	piano:odm/lib64/camera/com.qti.eeprom.piano_ofilm_ov32d40_p24u64b_front_i_eeprom.so	odm/lib64/camera/com.qti.eeprom.piano_ofilm_ov32d40_p24u64b_front_i_eeprom.so
odm/lib64/camera/com.qti.eeprom.piano_qtech_s5kjn1sq03_gt24p128f_wide_i_eeprom.so	selected-present	piano:odm/lib64/camera/com.qti.eeprom.piano_qtech_s5kjn1sq03_gt24p128f_wide_i_eeprom.so	odm/lib64/camera/com.qti.eeprom.piano_qtech_s5kjn1sq03_gt24p128f_wide_i_eeprom.so
odm/lib64/camera/com.qti.sensor.piano_ofilm_ov32d40_front_i.so	selected-present	piano:odm/lib64/camera/com.qti.sensor.piano_ofilm_ov32d40_front_i.so	odm/lib64/camera/com.qti.sensor.piano_ofilm_ov32d40_front_i.so
odm/lib64/camera/com.qti.sensor.piano_qtech_s5kjn1sq03_wide_i.so	selected-present	piano:odm/lib64/camera/com.qti.sensor.piano_qtech_s5kjn1sq03_wide_i.so	odm/lib64/camera/com.qti.sensor.piano_qtech_s5kjn1sq03_wide_i.so
odm/lib64/camera/com.qti.sensormodule.piano_ofilm_ov32d40_front_i.bin	selected-present	piano:odm/lib64/camera/com.qti.sensormodule.piano_ofilm_ov32d40_front_i.bin	odm/lib64/camera/com.qti.sensormodule.piano_ofilm_ov32d40_front_i.bin
odm/lib64/camera/com.qti.sensormodule.piano_qtech_s5kjn1sq03_wide_i.bin	selected-present	piano:odm/lib64/camera/com.qti.sensormodule.piano_qtech_s5kjn1sq03_wide_i.bin	odm/lib64/camera/com.qti.sensormodule.piano_qtech_s5kjn1sq03_wide_i.bin
odm/lib64/camera/com.qti.tuned.default.bin	selected-present	piano:odm/lib64/camera/com.qti.tuned.default.bin	odm/lib64/camera/com.qti.tuned.default.bin
odm/lib64/camera/com.qti.tuned.piano_ofilm_ov32d40_front_i.bin	selected-present	piano:odm/lib64/camera/com.qti.tuned.piano_ofilm_ov32d40_front_i.bin	odm/lib64/camera/com.qti.tuned.piano_ofilm_ov32d40_front_i.bin
odm/lib64/camera/com.qti.tuned.piano_qtech_s5kjn1sq03_wide_i.bin	selected-present	piano:odm/lib64/camera/com.qti.tuned.piano_qtech_s5kjn1sq03_wide_i.bin	odm/lib64/camera/com.qti.tuned.piano_qtech_s5kjn1sq03_wide_i.bin
odm/lib64/camera/components/com.arcsoft.node.videobokeh.so	selected-present	piano:odm/lib64/camera/components/com.arcsoft.node.videobokeh.so	odm/lib64/camera/components/com.arcsoft.node.videobokeh.so
odm/lib64/camera/components/com.mi.node.aiasd.so	selected-present	piano:odm/lib64/camera/components/com.mi.node.aiasd.so	odm/lib64/camera/components/com.mi.node.aiasd.so
odm/lib64/camera/components/com.mi.node.facecenter.so	selected-present	piano:odm/lib64/camera/components/com.mi.node.facecenter.so	odm/lib64/camera/components/com.mi.node.facecenter.so
odm/lib64/camera/components/com.mi.node.gpu3rd.so	selected-present	piano:odm/lib64/camera/components/com.mi.node.gpu3rd.so	odm/lib64/camera/components/com.mi.node.gpu3rd.so
odm/lib64/camera/components/com.mi.node.realtimebokeh.so	selected-present	piano:odm/lib64/camera/components/com.mi.node.realtimebokeh.so	odm/lib64/camera/components/com.mi.node.realtimebokeh.so
odm/lib64/camera/components/com.mi.node.singlebokeh.so	selected-present	piano:odm/lib64/camera/components/com.mi.node.singlebokeh.so	odm/lib64/camera/components/com.mi.node.singlebokeh.so
odm/lib64/camera/components/com.mi.node.skinbeautifier.so	selected-present	piano:odm/lib64/camera/components/com.mi.node.skinbeautifier.so	odm/lib64/camera/components/com.mi.node.skinbeautifier.so
odm/lib64/camera/components/com.mi.node.videonight.so	selected-present	piano:odm/lib64/camera/components/com.mi.node.videonight.so	odm/lib64/camera/components/com.mi.node.videonight.so
odm/lib64/camera/components/com.qti.node.intelligentfocus.so	selected-present	piano:odm/lib64/camera/components/com.qti.node.intelligentfocus.so	odm/lib64/camera/components/com.qti.node.intelligentfocus.so
odm/lib64/camera/components/com.qti.node.ldc.so	selected-present	piano:odm/lib64/camera/components/com.qti.node.ldc.so	odm/lib64/camera/components/com.qti.node.ldc.so
odm/lib64/camera/libchxlogicalcameratable.so	selected-present	piano:odm/lib64/camera/libchxlogicalcameratable.so	odm/lib64/camera/libchxlogicalcameratable.so
odm/lib64/camera/plugins/com.xiaomi.plugin.GestureEffects.so	selected-present	piano:odm/lib64/camera/plugins/com.xiaomi.plugin.GestureEffects.so	odm/lib64/camera/plugins/com.xiaomi.plugin.GestureEffects.so
odm/lib64/camera/plugins/com.xiaomi.plugin.anchor.so	selected-present	piano:odm/lib64/camera/plugins/com.xiaomi.plugin.anchor.so	odm/lib64/camera/plugins/com.xiaomi.plugin.anchor.so
odm/lib64/camera/plugins/com.xiaomi.plugin.arcskinbeautifier.so	selected-present	piano:odm/lib64/camera/plugins/com.xiaomi.plugin.arcskinbeautifier.so	odm/lib64/camera/plugins/com.xiaomi.plugin.arcskinbeautifier.so
odm/lib64/camera/plugins/com.xiaomi.plugin.arcskinbeautifierpreview.so	selected-present	piano:odm/lib64/camera/plugins/com.xiaomi.plugin.arcskinbeautifierpreview.so	odm/lib64/camera/plugins/com.xiaomi.plugin.arcskinbeautifierpreview.so
odm/lib64/camera/plugins/com.xiaomi.plugin.arcsoftsll.so	selected-present	piano:odm/lib64/camera/plugins/com.xiaomi.plugin.arcsoftsll.so	odm/lib64/camera/plugins/com.xiaomi.plugin.arcsoftsll.so
odm/lib64/camera/plugins/com.xiaomi.plugin.depurple.so	selected-present	piano:odm/lib64/camera/plugins/com.xiaomi.plugin.depurple.so	odm/lib64/camera/plugins/com.xiaomi.plugin.depurple.so
odm/lib64/camera/plugins/com.xiaomi.plugin.filter.so	selected-present	piano:odm/lib64/camera/plugins/com.xiaomi.plugin.filter.so	odm/lib64/camera/plugins/com.xiaomi.plugin.filter.so
odm/lib64/camera/plugins/com.xiaomi.plugin.frontbokeh.so	selected-present	piano:odm/lib64/camera/plugins/com.xiaomi.plugin.frontbokeh.so	odm/lib64/camera/plugins/com.xiaomi.plugin.frontbokeh.so
odm/lib64/camera/plugins/com.xiaomi.plugin.frontbokehpreview.so	selected-present	piano:odm/lib64/camera/plugins/com.xiaomi.plugin.frontbokehpreview.so	odm/lib64/camera/plugins/com.xiaomi.plugin.frontbokehpreview.so
odm/lib64/camera/plugins/com.xiaomi.plugin.gainmap.so	selected-present	piano:odm/lib64/camera/plugins/com.xiaomi.plugin.gainmap.so	odm/lib64/camera/plugins/com.xiaomi.plugin.gainmap.so
odm/lib64/camera/plugins/com.xiaomi.plugin.gainmapPostProc.so	selected-present	piano:odm/lib64/camera/plugins/com.xiaomi.plugin.gainmapPostProc.so	odm/lib64/camera/plugins/com.xiaomi.plugin.gainmapPostProc.so
odm/lib64/camera/plugins/com.xiaomi.plugin.hdr.so	selected-present	piano:odm/lib64/camera/plugins/com.xiaomi.plugin.hdr.so	odm/lib64/camera/plugins/com.xiaomi.plugin.hdr.so
odm/lib64/camera/plugins/com.xiaomi.plugin.heifedit.so	selected-present	piano:odm/lib64/camera/plugins/com.xiaomi.plugin.heifedit.so	odm/lib64/camera/plugins/com.xiaomi.plugin.heifedit.so
odm/lib64/camera/plugins/com.xiaomi.plugin.jpegrAggr.so	selected-present	piano:odm/lib64/camera/plugins/com.xiaomi.plugin.jpegrAggr.so	odm/lib64/camera/plugins/com.xiaomi.plugin.jpegrAggr.so
odm/lib64/camera/plugins/com.xiaomi.plugin.ldc.so	selected-present	piano:odm/lib64/camera/plugins/com.xiaomi.plugin.ldc.so	odm/lib64/camera/plugins/com.xiaomi.plugin.ldc.so
odm/lib64/camera/plugins/com.xiaomi.plugin.memcpy.so	selected-present	piano:odm/lib64/camera/plugins/com.xiaomi.plugin.memcpy.so	odm/lib64/camera/plugins/com.xiaomi.plugin.memcpy.so
odm/lib64/camera/plugins/com.xiaomi.plugin.movieeffect.so	selected-present	piano:odm/lib64/camera/plugins/com.xiaomi.plugin.movieeffect.so	odm/lib64/camera/plugins/com.xiaomi.plugin.movieeffect.so
odm/lib64/camera/plugins/com.xiaomi.plugin.offlineawbideal.so	selected-present	piano:odm/lib64/camera/plugins/com.xiaomi.plugin.offlineawbideal.so	odm/lib64/camera/plugins/com.xiaomi.plugin.offlineawbideal.so
odm/lib64/camera/plugins/com.xiaomi.plugin.offlineb2y.so	selected-present	piano:odm/lib64/camera/plugins/com.xiaomi.plugin.offlineb2y.so	odm/lib64/camera/plugins/com.xiaomi.plugin.offlineb2y.so
odm/lib64/camera/plugins/com.xiaomi.plugin.offlineformatconvertor.so	selected-present	piano:odm/lib64/camera/plugins/com.xiaomi.plugin.offlineformatconvertor.so	odm/lib64/camera/plugins/com.xiaomi.plugin.offlineformatconvertor.so
odm/lib64/camera/plugins/com.xiaomi.plugin.offlinehdrraw2y.so	selected-present	piano:odm/lib64/camera/plugins/com.xiaomi.plugin.offlinehdrraw2y.so	odm/lib64/camera/plugins/com.xiaomi.plugin.offlinehdrraw2y.so
odm/lib64/camera/plugins/com.xiaomi.plugin.offlineheic.so	selected-present	piano:odm/lib64/camera/plugins/com.xiaomi.plugin.offlineheic.so	odm/lib64/camera/plugins/com.xiaomi.plugin.offlineheic.so
odm/lib64/camera/plugins/com.xiaomi.plugin.offlinei2y.so	selected-present	piano:odm/lib64/camera/plugins/com.xiaomi.plugin.offlinei2y.so	odm/lib64/camera/plugins/com.xiaomi.plugin.offlinei2y.so
odm/lib64/camera/plugins/com.xiaomi.plugin.offlinejpeg.so	selected-present	piano:odm/lib64/camera/plugins/com.xiaomi.plugin.offlinejpeg.so	odm/lib64/camera/plugins/com.xiaomi.plugin.offlinejpeg.so
odm/lib64/camera/plugins/com.xiaomi.plugin.offlinemfnr.so	selected-present	piano:odm/lib64/camera/plugins/com.xiaomi.plugin.offlinemfnr.so	odm/lib64/camera/plugins/com.xiaomi.plugin.offlinemfnr.so
odm/lib64/camera/plugins/com.xiaomi.plugin.offlinemlawb.so	selected-present	piano:odm/lib64/camera/plugins/com.xiaomi.plugin.offlinemlawb.so	odm/lib64/camera/plugins/com.xiaomi.plugin.offlinemlawb.so
odm/lib64/camera/plugins/com.xiaomi.plugin.offlinetintless.so	selected-present	piano:odm/lib64/camera/plugins/com.xiaomi.plugin.offlinetintless.so	odm/lib64/camera/plugins/com.xiaomi.plugin.offlinetintless.so
odm/lib64/camera/plugins/com.xiaomi.plugin.offlinetintlesshdr.so	selected-present	piano:odm/lib64/camera/plugins/com.xiaomi.plugin.offlinetintlesshdr.so	odm/lib64/camera/plugins/com.xiaomi.plugin.offlinetintlesshdr.so
odm/lib64/camera/plugins/com.xiaomi.plugin.offlineyuvreprocess.so	selected-present	piano:odm/lib64/camera/plugins/com.xiaomi.plugin.offlineyuvreprocess.so	odm/lib64/camera/plugins/com.xiaomi.plugin.offlineyuvreprocess.so
odm/lib64/camera/plugins/com.xiaomi.plugin.offlineyuvsplit.so	selected-present	piano:odm/lib64/camera/plugins/com.xiaomi.plugin.offlineyuvsplit.so	odm/lib64/camera/plugins/com.xiaomi.plugin.offlineyuvsplit.so
odm/lib64/camera/plugins/com.xiaomi.plugin.pixman.so	selected-present	piano:odm/lib64/camera/plugins/com.xiaomi.plugin.pixman.so	odm/lib64/camera/plugins/com.xiaomi.plugin.pixman.so
odm/lib64/camera/plugins/com.xiaomi.plugin.portraitrepair.so	selected-present	piano:odm/lib64/camera/plugins/com.xiaomi.plugin.portraitrepair.so	odm/lib64/camera/plugins/com.xiaomi.plugin.portraitrepair.so
odm/lib64/camera/plugins/com.xiaomi.plugin.previewldc.so	selected-present	piano:odm/lib64/camera/plugins/com.xiaomi.plugin.previewldc.so	odm/lib64/camera/plugins/com.xiaomi.plugin.previewldc.so
odm/lib64/camera/plugins/com.xiaomi.plugin.remosaic.so	selected-present	piano:odm/lib64/camera/plugins/com.xiaomi.plugin.remosaic.so	odm/lib64/camera/plugins/com.xiaomi.plugin.remosaic.so
odm/lib64/camera/plugins/com.xiaomi.plugin.sr.so	selected-present	piano:odm/lib64/camera/plugins/com.xiaomi.plugin.sr.so	odm/lib64/camera/plugins/com.xiaomi.plugin.sr.so
odm/lib64/camera/plugins/com.xiaomi.plugin.swflip.so	selected-present	piano:odm/lib64/camera/plugins/com.xiaomi.plugin.swflip.so	odm/lib64/camera/plugins/com.xiaomi.plugin.swflip.so
odm/lib64/camera/plugins/com.xiaomi.plugin.swjpegencode.so	selected-present	piano:odm/lib64/camera/plugins/com.xiaomi.plugin.swjpegencode.so	odm/lib64/camera/plugins/com.xiaomi.plugin.swjpegencode.so
odm/lib64/camera/plugins/com.xiaomi.plugin.videofilter.so	selected-present	piano:odm/lib64/camera/plugins/com.xiaomi.plugin.videofilter.so	odm/lib64/camera/plugins/com.xiaomi.plugin.videofilter.so
odm/lib64/camera/plugins/com.xiaomi.plugin.watermark.so	selected-present	piano:odm/lib64/camera/plugins/com.xiaomi.plugin.watermark.so	odm/lib64/camera/plugins/com.xiaomi.plugin.watermark.so
odm/lib64/camera/plugins/com.xiaomi.plugin.yuv2Heic.so	selected-present	piano:odm/lib64/camera/plugins/com.xiaomi.plugin.yuv2Heic.so	odm/lib64/camera/plugins/com.xiaomi.plugin.yuv2Heic.so
odm/lib64/camera/zsl/com.xiaomi.zsl.aihighlight.so	selected-present	piano:odm/lib64/camera/zsl/com.xiaomi.zsl.aihighlight.so	odm/lib64/camera/zsl/com.xiaomi.zsl.aihighlight.so
odm/lib64/camera/zsl/com.xiaomi.zsl.bokehrawhdr.so	selected-present	piano:odm/lib64/camera/zsl/com.xiaomi.zsl.bokehrawhdr.so	odm/lib64/camera/zsl/com.xiaomi.zsl.bokehrawhdr.so
odm/lib64/camera/zsl/com.xiaomi.zsl.bokehsmartae.so	selected-present	piano:odm/lib64/camera/zsl/com.xiaomi.zsl.bokehsmartae.so	odm/lib64/camera/zsl/com.xiaomi.zsl.bokehsmartae.so
odm/lib64/camera/zsl/com.xiaomi.zsl.default.so	selected-present	piano:odm/lib64/camera/zsl/com.xiaomi.zsl.default.so	odm/lib64/camera/zsl/com.xiaomi.zsl.default.so
odm/lib64/camera/zsl/com.xiaomi.zsl.dsac.so	selected-present	piano:odm/lib64/camera/zsl/com.xiaomi.zsl.dsac.so	odm/lib64/camera/zsl/com.xiaomi.zsl.dsac.so
odm/lib64/camera/zsl/com.xiaomi.zsl.ell.so	selected-present	piano:odm/lib64/camera/zsl/com.xiaomi.zsl.ell.so	odm/lib64/camera/zsl/com.xiaomi.zsl.ell.so
odm/lib64/camera/zsl/com.xiaomi.zsl.fusion.so	selected-present	piano:odm/lib64/camera/zsl/com.xiaomi.zsl.fusion.so	odm/lib64/camera/zsl/com.xiaomi.zsl.fusion.so
odm/lib64/camera/zsl/com.xiaomi.zsl.hdr.so	selected-present	piano:odm/lib64/camera/zsl/com.xiaomi.zsl.hdr.so	odm/lib64/camera/zsl/com.xiaomi.zsl.hdr.so
odm/lib64/camera/zsl/com.xiaomi.zsl.leica.so	selected-present	piano:odm/lib64/camera/zsl/com.xiaomi.zsl.leica.so	odm/lib64/camera/zsl/com.xiaomi.zsl.leica.so
odm/lib64/camera/zsl/com.xiaomi.zsl.mfnr.so	selected-present	piano:odm/lib64/camera/zsl/com.xiaomi.zsl.mfnr.so	odm/lib64/camera/zsl/com.xiaomi.zsl.mfnr.so
odm/lib64/camera/zsl/com.xiaomi.zsl.motion.so	selected-present	piano:odm/lib64/camera/zsl/com.xiaomi.zsl.motion.so	odm/lib64/camera/zsl/com.xiaomi.zsl.motion.so
odm/lib64/camera/zsl/com.xiaomi.zsl.nightmotion.so	selected-present	piano:odm/lib64/camera/zsl/com.xiaomi.zsl.nightmotion.so	odm/lib64/camera/zsl/com.xiaomi.zsl.nightmotion.so
odm/lib64/camera/zsl/com.xiaomi.zsl.nightmotionzslbanding.so	selected-present	piano:odm/lib64/camera/zsl/com.xiaomi.zsl.nightmotionzslbanding.so	odm/lib64/camera/zsl/com.xiaomi.zsl.nightmotionzslbanding.so
odm/lib64/camera/zsl/com.xiaomi.zsl.single.so	selected-present	piano:odm/lib64/camera/zsl/com.xiaomi.zsl.single.so	odm/lib64/camera/zsl/com.xiaomi.zsl.single.so
odm/lib64/camera/zsl/com.xiaomi.zsl.sr.so	selected-present	piano:odm/lib64/camera/zsl/com.xiaomi.zsl.sr.so	odm/lib64/camera/zsl/com.xiaomi.zsl.sr.so
odm/lib64/hw/consumerir.qcom.so	selected-present	sm8750-common:odm/lib64/hw/consumerir.qcom.so	odm/lib64/hw/consumerir.qcom.so
odm/lib64/hw/displayfeature.default.so	selected-present	piano:odm/lib64/hw/displayfeature.default.so	odm/lib64/hw/displayfeature.default.so
odm/lib64/hw/fingerprint.goodix.so	selected-present	piano:odm/lib64/hw/fingerprint.goodix.so	odm/lib64/hw/fingerprint.goodix.so
odm/lib64/libAncHumanPreviewBokeh.so	selected-present	piano:odm/lib64/libAncHumanPreviewBokeh.so	odm/lib64/libAncHumanPreviewBokeh.so
odm/lib64/libFaceCenterAlgo.so	selected-present	piano:odm/lib64/libFaceCenterAlgo.so	odm/lib64/libFaceCenterAlgo.so
odm/lib64/libIntelligentFocus.so	selected-present	piano:odm/lib64/libIntelligentFocus.so	odm/lib64/libIntelligentFocus.so
odm/lib64/libMiDispDevManager.so	selected-present	piano:odm/lib64/libMiDispDevManager.so	odm/lib64/libMiDispDevManager.so
odm/lib64/libMiEmojiEffect.so	selected-present	piano:odm/lib64/libMiEmojiEffect.so	odm/lib64/libMiEmojiEffect.so
odm/lib64/libMiVideoFilter.so	selected-present	piano:odm/lib64/libMiVideoFilter.so	odm/lib64/libMiVideoFilter.so
odm/lib64/libadaptivehdr.so	selected-present	piano:odm/lib64/libadaptivehdr.so	odm/lib64/libadaptivehdr.so
odm/lib64/libalAI_Seg_CFR.so	unselected-review		
odm/lib64/libalCFR.so	selected-present	piano:odm/lib64/libalCFR.so	odm/lib64/libalCFR.so
odm/lib64/libanc_edof_checker.so	selected-present	piano:odm/lib64/libanc_edof_checker.so	odm/lib64/libanc_edof_checker.so
odm/lib64/libanc_single_bokeh.so	selected-present	piano:odm/lib64/libanc_single_bokeh.so	odm/lib64/libanc_single_bokeh.so
odm/lib64/libanc_supervq.so	selected-present	piano:odm/lib64/libanc_supervq.so	odm/lib64/libanc_supervq.so
odm/lib64/libarcsoft_beautyshot.so	selected-present	piano:odm/lib64/libarcsoft_beautyshot.so	odm/lib64/libarcsoft_beautyshot.so
odm/lib64/libarcsoft_hdr_detection.so	selected-present	piano:odm/lib64/libarcsoft_hdr_detection.so	odm/lib64/libarcsoft_hdr_detection.so
odm/lib64/libarcsoft_high_dynamic_range.so	selected-present	piano:odm/lib64/libarcsoft_high_dynamic_range.so	odm/lib64/libarcsoft_high_dynamic_range.so
odm/lib64/libarcsoft_low_light_hdr.so	selected-present	piano:odm/lib64/libarcsoft_low_light_hdr.so	odm/lib64/libarcsoft_low_light_hdr.so
odm/lib64/libarcsoft_mf_superresolution.so	selected-present	piano:odm/lib64/libarcsoft_mf_superresolution.so	odm/lib64/libarcsoft_mf_superresolution.so
odm/lib64/libarcsoft_qnnhtp.so	selected-present	piano:odm/lib64/libarcsoft_qnnhtp.so	odm/lib64/libarcsoft_qnnhtp.so
odm/lib64/libarcsoft_scbokeh_video.so	selected-present	piano:odm/lib64/libarcsoft_scbokeh_video.so	odm/lib64/libarcsoft_scbokeh_video.so
odm/lib64/libarcsoft_super_night_detection.so	selected-present	piano:odm/lib64/libarcsoft_super_night_detection.so	odm/lib64/libarcsoft_super_night_detection.so
odm/lib64/libarcsoft_super_night_raw.so	selected-present	piano:odm/lib64/libarcsoft_super_night_raw.so	odm/lib64/libarcsoft_super_night_raw.so
odm/lib64/libarcsoft_turbo_hdr_detection.so	selected-present	piano:odm/lib64/libarcsoft_turbo_hdr_detection.so	odm/lib64/libarcsoft_turbo_hdr_detection.so
odm/lib64/libaudioroute_ext.so	selected-present	sm8750-common:odm/lib64/libaudioroute_ext.so	odm/lib64/libaudioroute_ext.so
odm/lib64/libauthsecret_empty-nxp.so	unselected-review		
odm/lib64/libcamera_scene.so	selected-present	piano:odm/lib64/libcamera_scene.so	odm/lib64/libcamera_scene.so
odm/lib64/libcameraheif.so	selected-present	piano:odm/lib64/libcameraheif.so	odm/lib64/libcameraheif.so
odm/lib64/libclient2slpi.notifier.so	selected-present	piano:odm/lib64/libclient2slpi.notifier.so	odm/lib64/libclient2slpi.notifier.so
odm/lib64/libcolortempmode.so	selected-present	piano:odm/lib64/libcolortempmode.so	odm/lib64/libcolortempmode.so
odm/lib64/libcrussp.so	selected-present	sm8750-common:odm/lib64/libcrussp.so	odm/lib64/libcrussp.so
odm/lib64/libdisplaycount.so	selected-present	piano:odm/lib64/libdisplaycount.so	odm/lib64/libdisplaycount.so
odm/lib64/libdisplaylog.so	selected-present	piano:odm/lib64/libdisplaylog.so	odm/lib64/libdisplaylog.so
odm/lib64/libdither.so	selected-present	piano:odm/lib64/libdither.so	odm/lib64/libdither.so
odm/lib64/libdlrmsc_android15.so	unselected-review		
odm/lib64/libeyecare.so	selected-present	piano:odm/lib64/libeyecare.so	odm/lib64/libeyecare.so
odm/lib64/libflatmode.so	selected-present	piano:odm/lib64/libflatmode.so	odm/lib64/libflatmode.so
odm/lib64/libfpsmonitor.so	selected-present	piano:odm/lib64/libfpsmonitor.so	odm/lib64/libfpsmonitor.so
odm/lib64/libfsalgocal.so	unselected-review		
odm/lib64/libgf_ca.so	selected-present	piano:odm/lib64/libgf_ca.so	odm/lib64/libgf_ca.so
odm/lib64/libgf_hal.so	selected-present	piano:odm/lib64/libgf_hal.so	odm/lib64/libgf_hal.so
odm/lib64/libgoodixhwfingerprint.so	selected-present	piano:odm/lib64/libgoodixhwfingerprint.so	odm/lib64/libgoodixhwfingerprint.so
odm/lib64/libhandgesture.arcsoft.so	selected-present	piano:odm/lib64/libhandgesture.arcsoft.so	odm/lib64/libhandgesture.arcsoft.so
odm/lib64/libheichal.so	selected-present	piano:odm/lib64/libheichal.so	odm/lib64/libheichal.so
odm/lib64/libhistprocess.so	selected-present	piano:odm/lib64/libhistprocess.so	odm/lib64/libhistprocess.so
odm/lib64/libidprovision.so	selected-present	sm8750-common:odm/lib64/libidprovision.so	odm/lib64/libidprovision.so
odm/lib64/libkeymint_empty-nxp.so	unselected-review		
odm/lib64/libkeymint_empty-thales.so	unselected-review		
odm/lib64/libkeymint_transport_empty-nxp.so	unselected-review		
odm/lib64/libmfido.so	selected-present	sm8750-common:odm/lib64/libmfido.so	odm/lib64/libmfido.so
odm/lib64/libmi-stc-HW-modulate.so	selected-present	piano:odm/lib64/libmi-stc-HW-modulate.so	odm/lib64/libmi-stc-HW-modulate.so
odm/lib64/libmiBrightness.so	selected-present	piano:odm/lib64/libmiBrightness.so	odm/lib64/libmiBrightness.so
odm/lib64/libmiClstc.so	selected-present	piano:odm/lib64/libmiClstc.so	odm/lib64/libmiClstc.so
odm/lib64/libmiSAT.so	selected-present	piano:odm/lib64/libmiSAT.so	odm/lib64/libmiSAT.so
odm/lib64/libmiSensorCtrl.so	selected-present	piano:odm/lib64/libmiSensorCtrl.so	odm/lib64/libmiSensorCtrl.so
odm/lib64/libmiXmlParser.so	selected-present	piano:odm/lib64/libmiXmlParser.so	odm/lib64/libmiXmlParser.so
odm/lib64/libmi_dspp.so	selected-present	piano:odm/lib64/libmi_dspp.so	odm/lib64/libmi_dspp.so
odm/lib64/libmi_weaver.so	selected-present	piano:odm/lib64/libmi_weaver.so	odm/lib64/libmi_weaver.so
odm/lib64/libmialgo_aio_seg.so	selected-present	piano:odm/lib64/libmialgo_aio_seg.so	odm/lib64/libmialgo_aio_seg.so
odm/lib64/libmialgo_cls.so	selected-present	piano:odm/lib64/libmialgo_cls.so	odm/lib64/libmialgo_cls.so
odm/lib64/libmialgo_sd.so	selected-present	piano:odm/lib64/libmialgo_sd.so	odm/lib64/libmialgo_sd.so
odm/lib64/libmialgo_utils.so	selected-present	piano:odm/lib64/libmialgo_utils.so	odm/lib64/libmialgo_utils.so
odm/lib64/libmicertkey.so	unselected-review		
odm/lib64/libmidevauth.so	unselected-review		
odm/lib64/libmieventnodewatch.so	selected-present	piano:odm/lib64/libmieventnodewatch.so	odm/lib64/libmieventnodewatch.so
odm/lib64/libmiface.so	unselected-review		
odm/lib64/libmiocr.so	selected-present	piano:odm/lib64/libmiocr.so	
odm/lib64/libmiriskmanager.so	unselected-review		
odm/lib64/libmisecmedia.so	unselected-review		
odm/lib64/libmismartae.so	unselected-review		
odm/lib64/libmlipay.so	selected-present	sm8750-common:odm/lib64/libmlipay.so	odm/lib64/libmlipay.so
odm/lib64/libmseccam.so	selected-present	piano:odm/lib64/libmseccam.so	odm/lib64/libmseccam.so
odm/lib64/libmt.so	selected-present	sm8750-common:odm/lib64/libmt.so	odm/lib64/libmt.so
odm/lib64/libpaperMode.so	selected-present	piano:odm/lib64/libpaperMode.so	odm/lib64/libpaperMode.so
odm/lib64/libportrait_repair_qnn.so	selected-present	piano:odm/lib64/libportrait_repair_qnn.so	odm/lib64/libportrait_repair_qnn.so
odm/lib64/libqcodec2_roiencfilter.so	unselected-review		
odm/lib64/libremosaic_wrapper.so	selected-present	piano:odm/lib64/libremosaic_wrapper.so	odm/lib64/libremosaic_wrapper.so
odm/lib64/libremosaiclib_s5kjn1.so	unselected-review		
odm/lib64/librfs_warp.so	selected-present	piano:odm/lib64/librfs_warp.so	odm/lib64/librfs_warp.so
odm/lib64/librhytheyecare.so	selected-present	piano:odm/lib64/librhytheyecare.so	odm/lib64/librhytheyecare.so
odm/lib64/libsdr2hdr.so	selected-present	piano:odm/lib64/libsdr2hdr.so	odm/lib64/libsdr2hdr.so
odm/lib64/libsecid.so	selected-present	sm8750-common:odm/lib64/libsecid.so	odm/lib64/libsecid.so
odm/lib64/libsre.so	selected-present	piano:odm/lib64/libsre.so	odm/lib64/libsre.so
odm/lib64/libteecli.so	unselected-review		
odm/lib64/libtensorflowlite_touch_c.so	selected-present	sm8750-common:odm/lib64/libtensorflowlite_touch_c.so	odm/lib64/libtensorflowlite_touch_c.so
odm/lib64/libtfacal.so	unselected-review		
odm/lib64/libtical.so	unselected-review		
odm/lib64/libtida.so	selected-present	sm8750-common:odm/lib64/libtida.so	odm/lib64/libtida.so
odm/lib64/libtouchreport.so	selected-present	sm8750-common:odm/lib64/libtouchreport.so	odm/lib64/libtouchreport.so
odm/lib64/libtouchreport_alg.so	selected-present	sm8750-common:odm/lib64/libtouchreport_alg.so	odm/lib64/libtouchreport_alg.so
odm/lib64/libtouchreport_hal.so	selected-present	sm8750-common:odm/lib64/libtouchreport_hal.so	odm/lib64/libtouchreport_hal.so
odm/lib64/libtouchreport_sensor.so	selected-present	sm8750-common:odm/lib64/libtouchreport_sensor.so	odm/lib64/libtouchreport_sensor.so
odm/lib64/libtruetone.so	selected-present	piano:odm/lib64/libtruetone.so	odm/lib64/libtruetone.so
odm/lib64/libvideomode.so	selected-present	piano:odm/lib64/libvideomode.so	odm/lib64/libvideomode.so
odm/lib64/libvpnr_enroll_pad.so	unselected-review		
odm/lib64/libvpnr_pad.so	unselected-review		
odm/lib64/libvsim.so	unselected-review		
odm/lib64/libwa_widelens_undistort.so	selected-present	piano:odm/lib64/libwa_widelens_undistort.so	odm/lib64/libwa_widelens_undistort.so
odm/lib64/libweaver_empty-nxp.so	unselected-review		
odm/lib64/libweaver_empty-thales.so	unselected-review		
odm/lib64/libwindns.so	selected-present	sm8750-common:odm/lib64/libwindns.so	odm/lib64/libwindns.so
odm/lib64/libwvkeybox.so	selected-present	sm8750-common:odm/lib64/libwvkeybox.so	odm/lib64/libwvkeybox.so
odm/lib64/libxmi_slow_motion_mein.so	selected-present	piano:odm/lib64/libxmi_slow_motion_mein.so	
odm/lib64/license.lic	unselected-review		
odm/lib64/license.sig	unselected-review		
odm/lib64/nfc_nci.st21nfc.st.so	selected-present	sm8750-common:odm/lib64/nfc_nci.st21nfc.st.so	odm/lib64/nfc_nci.st21nfc.st.so
odm/lib64/sensors.touch.detect.so	selected-present	sm8750-common:odm/lib64/sensors.touch.detect.so	odm/lib64/sensors.touch.detect.so
odm/lib64/vendor.qti.qvirt-V1-ndk.so	unselected-review		
odm/lib64/vendor.xiaomi.hardware.aidl.midevauth-V1-ndk.so	selected-present	piano:odm/lib64/vendor.xiaomi.hardware.aidl.midevauth-V1-ndk.so	odm/lib64/vendor.xiaomi.hardware.aidl.midevauth-V1-ndk.so
odm/lib64/vendor.xiaomi.hardware.idmanager-V1-ndk.so	selected-present	sm8750-common:odm/lib64/vendor.xiaomi.hardware.idmanager-V1-ndk.so	odm/lib64/vendor.xiaomi.hardware.idmanager-V1-ndk.so
odm/lib64/vendor.xiaomi.hardware.mediaeventgatherservice-V1-ndk.so	selected-present	sm8750-common:odm/lib64/vendor.xiaomi.hardware.mediaeventgatherservice-V1-ndk.so	odm/lib64/vendor.xiaomi.hardware.mediaeventgatherservice-V1-ndk.so
odm/lib64/vendor.xiaomi.hardware.micrtk-V1-ndk_platform.so	selected-present	piano:odm/lib64/vendor.xiaomi.hardware.micrtk-V1-ndk_platform.so	odm/lib64/vendor.xiaomi.hardware.micrtk-V1-ndk_platform.so
odm/lib64/vendor.xiaomi.hardware.mikeybag-impl.so	selected-present	piano:odm/lib64/vendor.xiaomi.hardware.mikeybag-impl.so	odm/lib64/vendor.xiaomi.hardware.mikeybag-impl.so
odm/lib64/vendor.xiaomi.hardware.misauth-V1-ndk.so	selected-present	piano:odm/lib64/vendor.xiaomi.hardware.misauth-V1-ndk.so	odm/lib64/vendor.xiaomi.hardware.misauth-V1-ndk.so
odm/lib64/vendor.xiaomi.hardware.misecmedia-V1-ndk.so	selected-present	piano:odm/lib64/vendor.xiaomi.hardware.misecmedia-V1-ndk.so	odm/lib64/vendor.xiaomi.hardware.misecmedia-V1-ndk.so
odm/lib64/vendor.xiaomi.hardware.mitrustedui-V2-ndk.so	selected-present	piano:odm/lib64/vendor.xiaomi.hardware.mitrustedui-V2-ndk.so	odm/lib64/vendor.xiaomi.hardware.mitrustedui-V2-ndk.so
odm/lib64/vendor.xiaomi.hardware.mrm-V1-ndk.so	selected-present	piano:odm/lib64/vendor.xiaomi.hardware.mrm-V1-ndk.so	odm/lib64/vendor.xiaomi.hardware.mrm-V1-ndk.so
odm/lib64/vendor.xiaomi.hardware.otrpagent@2.0-impl.so	selected-present	piano:odm/lib64/vendor.xiaomi.hardware.otrpagent@2.0-impl.so	odm/lib64/vendor.xiaomi.hardware.otrpagent@2.0-impl.so
odm/lib64/vendor.xiaomi.hardware.seaaudio-V1-ndk.so	selected-present	sm8750-common:odm/lib64/vendor.xiaomi.hardware.seaaudio-V1-ndk.so	odm/lib64/vendor.xiaomi.hardware.seaaudio-V1-ndk.so
odm/lib64/vendor.xiaomi.hardware.seccam-V1-ndk.so	selected-present	piano:odm/lib64/vendor.xiaomi.hardware.seccam-V1-ndk.so	odm/lib64/vendor.xiaomi.hardware.seccam-V1-ndk.so
odm/mitee/ta/655a4b46-cd77-11ea-aafbf382a6988e7b.ta	unselected-review		
odm/mitee/ta/66147267-5b44-4aa3-bd734138c7fab03a.ta	unselected-review		
odm/mitee/ta/a13339be-7082-4d2d-bf83a53e4687a635.ta	unselected-review		
odm/mitee/ta/a3ba6512-6e0e-4065-93165e4a7d04ca08.ta	unselected-review		
odm/overlay/FrameworksResTarget_Vendor.apk	unselected-review		
odm/vendor/etc/codec_resource_config.json	unselected-review		
odm/vendor/etc/dolby_vision.cfg	selected-present	sm8750-common:odm/vendor/etc/dolby_vision.cfg	odm/vendor/etc/dolby_vision.cfg
odm/vendor/etc/videoCodecCapability.json	unselected-review		
odm/vendor/etc/videobox.json	unselected-review		
odm/vendor/persist/display/dolby_vision.cfg	selected-present	sm8750-common:odm/vendor/persist/display/dolby_vision.cfg	odm/vendor/persist/display/dolby_vision.cfg
